2021-2022 student count - year to date,2021-2022 attendance rate - year to date,2020-2021 student count,2020-2021 attendance rate,2019-2020 student count,2019-2020 attendance rate,Category: Student Group,District code: District name,2021-2022 attendance rate - year to date_scaled,2020-2021 attendance rate_scaled,2019-2020 attendance rate_scaled,2021-2022 student count - year to date_scaled,2020-2021 student count_scaled,2019-2020 student count_scaled,performance_cluster
13.122935213874685,91.69,13.114518688131136,92.94,13.13891956424004,94.79,: All Students,00000CT: Connecticut,0.7937819756001572,0.9399271844660195,0.9479000000000001,3.304551729227865,3.274721591378162,3.2408507790296457,0
7.503840746698951,83.48,7.459338895220296,81.55,8.27308133366583,88.84,Homelessness: Students Experiencing Homelessness,00000CT: Connecticut,0.4706808343171982,0.8247370550161813,0.8884000000000001,0.7639737351538622,0.7432026770001307,1.0792819354832943,0
11.269808771823062,88.99,11.244889144765281,89.46,11.294346480153598,92.77,Students With Disabilities: Students With Disabilities,00000CT: Connecticut,0.6875245966155052,0.9047330097087379,0.9277,2.466692126330079,2.4377893053624686,2.4214294338742937,0
12.03756523256959,88.51,12.079522541189744,88.61,12.174101987100398,93.14,Free/Reduced Lunch: Free Meal Eligible,00000CT: Connecticut,0.6686343959071235,0.8961367313915859,0.9314,2.8138201520956168,2.811409651132688,2.8122463915375406,0
10.305814408143789,91.84,10.338090662387614,92.99,10.222232150439726,95.18,Free/Reduced Lunch: Reduced Price Meal Eligible,00000CT: Connecticut,0.7996851633215272,0.9404328478964402,0.9518000000000001,2.030838470357305,2.0318645436871594,1.9451602235114152,0
12.200507187057292,89.01,12.241014988727738,89.27,12.306885837766758,93.4,Free/Reduced Lunch: Free/Reduced Price Meal Eligible,00000CT: Connecticut,0.6883116883116887,0.9028114886731392,0.934,2.887491585509146,2.883701107893111,2.8712334397963657,0
10.682170021202337,89.76,10.612015835134375,89.48,10.723575706537222,93.89,English Learners: English Learners,00000CT: Connecticut,0.717827626918536,0.9049352750809063,0.9389000000000001,2.2010012597655,2.154486066136716,2.167873877237876,0
10.793454842740767,93.14,10.765110883067974,94.83,10.763440710059992,95.59,Race/Ethnicity: All other races,00000CT: Connecticut,0.8508461235733962,0.9590412621359224,0.9559000000000001,2.2513167990977814,2.2230184601071703,2.1855832513434996,0
11.052476048529304,89.41,11.03920292915574,89.31,11.06977406588073,94.01,Race/Ethnicity: Black or African American,00000CT: Connecticut,0.7040535222353403,0.9032160194174759,0.9401,2.368428831876192,2.34571468274921,2.3216668213891416,0
11.893407751714863,89.35,11.836898482222992,89.75,11.827400382004738,93.62,Race/Ethnicity: Hispanic/Latino of any race,00000CT: Connecticut,0.7016922471467923,0.9076658576051782,0.9362,2.748641798949911,2.7027999487272125,2.658229888713144,0
12.39747369205901,93.38,12.4220989290755,95.23,12.46818303161943,95.43,Race/Ethnicity: White,00000CT: Connecticut,0.8602912239275873,0.9630865695792882,0.9543,2.9765466407498433,2.964762619085933,2.9428870732017343,0
12.392996097343813,93.98,12.373263643897154,96.16,12.395084273807672,96.06,High Needs: Students Without High Needs,00000CT: Connecticut,0.8839039748130659,0.9724919093851133,0.9606,2.9745221724540594,2.9429016964194243,2.9104141487228636,0
12.422151299122262,89.54,12.434088308808116,89.96,12.494018433206039,93.61,High Needs: Students With High Needs,00000CT: Connecticut,0.7091696182605274,0.909789644012945,0.9361,2.9877042010680657,2.9701296176034386,2.9543640267057003,0
5.087596335232384,93.86,4.976733742420574,96.8,5.0689042022202315,95.02,: All Students,10011: Andover School District,0.8791814246359699,0.9789644012944985,0.9501999999999999,-0.3284900801344506,-0.3681257212805469,-0.3441212128205485,1
3.1780538303479458,93.15,0.0,0.0,0.0,0.0,Students With Disabilities: Students With Disabilities,10011: Andover School District,0.8512396694214877,0.0,0.0,-1.1918572463207011,-2.595940938854069,-2.595898784379362,1
3.4339872044851463,92.74,3.4657359027997265,94.14,3.6375861597263857,94.01,Free/Reduced Lunch: Free/Reduced Price Meal Eligible,10011: Andover School District,0.835104289649744,0.9520631067961166,0.9401,-1.0761413241057658,-1.0445179405658773,-0.9799607823360655,1
4.90527477843843,93.65,4.7535901911063645,96.99,4.859812404361672,94.79,Race/Ethnicity: White,10011: Andover School District,0.8709169618260528,0.9808859223300972,0.9479000000000001,-0.4109236711235068,-0.4680150513212183,-0.4370068153159727,1
4.736198448394496,94.1,4.61512051684126,97.52,4.6913478822291435,95.52,High Needs: Students Without High Needs,10011: Andover School District,0.888626524990161,0.9862459546925567,0.9551999999999999,-0.48736865811165275,-0.5300004544925379,-0.5118444167792721,1
3.8918202981106265,93.28,3.8066624897703196,95.13,3.9318256327243257,93.89,High Needs: Students With High Needs,10011: Andover School District,0.8563557654466742,0.9620752427184467,0.9389000000000001,-0.8691398776238837,-0.8919034994808545,-0.8492497214180396,1
7.668561108015897,90.45,7.675081857716334,89.23,7.689828668736484,94.13,: All Students,20011: Ansonia School District,0.7449822904368357,0.9024069579288028,0.9413,0.8384492449681847,0.8397791626650634,0.8201815033100947,0
5.91350300563827,88.97,5.978885764901122,86.92,6.021023349349527,93.37,Students With Disabilities: Students With Disabilities,20011: Ansonia School District,0.6867375049193232,0.8790453074433658,0.9337000000000001,0.04492957391289654,0.08048367627953924,0.0788421053692836,0
7.084226422097916,88.93,7.1049654482698426,86.57,7.180069874302796,93.12,Free/Reduced Lunch: Free Meal Eligible,20011: Ansonia School District,0.6851633215269581,0.8755056634304208,0.9312,0.5742522550635943,0.5845688021173209,0.5937295179465001,0
5.420534999272286,92.82,5.365976015021851,92.34,4.997212273764115,95.63,Free/Reduced Lunch: Reduced Price Meal Eligible,20011: Ansonia School District,0.8382526564344741,0.933859223300971,0.9562999999999999,-0.1779575257918791,-0.19388295421576546,-0.37596917642747035,1
7.257002707092073,89.53,7.266128779556451,87.43,7.286191714702382,93.38,Free/Reduced Lunch: Free/Reduced Price Meal Eligible,20011: Ansonia School District,0.7087760724124359,0.8842030744336571,0.9338,0.6523701137538468,0.6567129312867704,0.6408724053499875,0
4.812184355372417,91.8,4.787491742782046,89.51,4.867534450455582,95.06,English Learners: English Learners,20011: Ansonia School District,0.7981109799291617,0.9052386731391587,0.9506,-0.4530129226358455,-0.45283915551657283,-0.43357642296545357,1
5.0106352940962555,91.91,5.117993812416755,91.05,5.14166355650266,94.51,Race/Ethnicity: All other races,20011: Ansonia School District,0.8024399842581658,0.9208131067961166,0.9451,-0.3632867059348611,-0.304891208473372,-0.3117990627940177,1
6.075346031088684,89.87,6.045005314036012,86.93,6.075346031088684,94.14,Race/Ethnicity: Black or African American,20011: Ansonia School District,0.7221566312475405,0.87914644012945,0.9414,0.11810414525274199,0.11008183148849436,0.10297406594442803,0
6.895682697747868,89.94,6.853299093186078,87.98,6.828712071641684,93.66,Race/Ethnicity: Hispanic/Latino of any race,20011: Ansonia School District,0.7249114521841795,0.889765372168285,0.9366,0.48900541684034493,0.4719113515432871,0.4376445757063341,0
6.345636360828596,91.36,6.431331081933479,92.17,6.490723534502507,94.68,Race/Ethnicity: White,20011: Ansonia School District,0.7807949626131445,0.9321399676375406,0.9468000000000001,0.24031132076110676,0.2830190367335042,0.28749871044405256,0
6.270988431858299,92.87,6.313548046277095,93.89,6.376726947898627,95.68,High Needs: Students Without High Needs,20011: Ansonia School District,0.8402203856749311,0.949534789644013,0.9568000000000001,0.2065605292851883,0.23029392568915255,0.2368575961699961,0
7.343426229147367,89.68,7.355001921105257,87.64,7.377133712833954,93.55,High Needs: Students With High Needs,20011: Ansonia School District,0.7146792601338059,0.8863268608414241,0.9355,0.6914450393644865,0.6964966423357156,0.6812718967461202,0
5.840641657373398,93.09,5.84354441703136,95.5,5.855071922202427,95.85,: All Students,30011: Ashford School District,0.8488783943329397,0.96581715210356,0.9584999999999999,0.011986554516866548,0.019898656072186015,0.005120905143337867,1
3.8501476017100584,92.53,3.871201010907891,95.73,4.04305126783455,94.68,Students With Disabilities: Students With Disabilities,30011: Ashford School District,0.8268398268398269,0.9681432038834953,0.9468000000000001,-0.887981478534399,-0.8630130852148824,-0.7998395569067658,1
4.532599493153256,91.67,4.59511985013459,92.81,0.0,0.0,Free/Reduced Lunch: Free Meal Eligible,30011: Ashford School District,0.7929948839039747,0.9386124595469257,0.0,-0.5794224629237892,-0.5389536740049531,-2.595898784379362,1
3.091042453358316,91.74,3.367295829986474,94.24,0.0,0.0,Free/Reduced Lunch: Reduced Price Meal Eligible,30011: Ashford School District,0.7957497048406137,0.953074433656958,0.0,-1.2311979605416952,-1.0885842506364947,-2.595898784379362,1
4.736198448394496,91.68,4.844187086458591,93.12,4.875197323201151,94.77,Free/Reduced Lunch: Free/Reduced Price Meal Eligible,30011: Ashford School District,0.7933884297520661,0.9417475728155341,0.9477,-0.48736865811165275,-0.4274597086855001,-0.43017231740460604,1
3.4657359027997265,91.33,3.332204510175204,94.08,3.1354942159291497,93.53,Race/Ethnicity: Hispanic/Latino of any race,30011: Ashford School District,0.7796143250688705,0.9514563106796118,0.9353,-1.0617866901429989,-1.1042927414512482,-1.2030068950260173,1
5.648974238161206,93.49,5.680172609017068,95.98,5.700443573390687,96.07,Race/Ethnicity: White,30011: Ashford School District,0.8646202282565913,0.9706715210355988,0.9607,-0.07467260921066551,-0.05323408898797417,-0.06357020320882614,1
5.247024072160486,93.85,5.19295685089021,96.86,5.209486152841421,96.66,High Needs: Students Without High Needs,30011: Ashford School District,0.8787878787878785,0.9795711974110034,0.9666,-0.2564075404208699,-0.2713343001655778,-0.2816699865306282,1
4.983606621708336,92.06,5.049856007249537,93.8,5.117993812416755,94.96,High Needs: Students With High Needs,30011: Ashford School District,0.8083431719795358,0.9486245954692557,0.9496,-0.375507260452838,-0.33539282802952636,-0.322313958465913,1
8.025516386489008,94.57,8.037220031133012,96.21,8.051659556841953,95.83,: All Students,40011: Avon School District,0.9071231798504522,0.972997572815534,0.9583,0.9998405030534318,1.001888886704581,0.9809189420204626,0
5.783825182329737,92.07,5.723585101952381,93.09,5.802118375377063,94.21,Students With Disabilities: Students With Disabilities,40011: Avon School District,0.8087367178276264,0.9414441747572817,0.9420999999999999,-0.013702048342542386,-0.03380065786632985,-0.01840283969753251,1
5.424950017481403,91.45,5.220355825078324,91.52,5.497168225293202,93.89,Free/Reduced Lunch: Free Meal Eligible,40011: Avon School District,0.7843368752459661,0.9255663430420713,0.9389000000000001,-0.17596135039902158,-0.2590692575088059,-0.1538719432764794,1
4.110873864173311,90.22,3.9512437185814275,93.56,3.871201010907891,93.65,Free/Reduced Lunch: Reduced Price Meal Eligible,40011: Avon School District,0.7359307359307357,0.9461974110032364,0.9365000000000001,-0.7700985333800286,-0.8271822830381594,-0.8761812155328205,1
5.659482215759621,91.19,5.4638318050256105,91.97,5.673323267171493,93.85,Free/Reduced Lunch: Free/Reduced Price Meal Eligible,40011: Avon School District,0.774104683195592,0.9301173139158577,0.9385,-0.0699216058586656,-0.15007819603876457,-0.07561795452585425,1
4.343805421853684,94.14,4.51085950651685,96.01,4.653960350157523,94.35,English Learners: English Learners,40011: Avon School District,0.8902007083825265,0.9709749190938514,0.9435,-0.6647824912623785,-0.5766724842658922,-0.5284532148184884,1
6.569481420414296,95.43,6.6039438246004725,97.6,6.628041376179533,96.43,Race/Ethnicity: All other races,40011: Avon School District,0.9409681227863049,0.9870550161812298,0.9643,0.34151905730792625,0.36028844971873547,0.3484999098606355,0
5.19295685089021,92.24,5.153291594497779,92.99,5.093750200806762,94.78,Race/Ethnicity: Black or African American,40011: Avon School District,0.8154269972451789,0.9404328478964402,0.9478,-0.28085311494580456,-0.2890902956384306,-0.3330837853750611,1
5.402677381872279,93.49,5.424950017481403,94.14,5.375278407684165,95.2,Race/Ethnicity: Hispanic/Latino of any race,40011: Avon School District,0.8646202282565913,0.9520631067961166,0.9520000000000001,-0.18603154377788633,-0.16748347477391254,-0.20801949599077285,1
7.57353126274595,94.58,7.580189417944541,96.2,7.604396348796338,95.76,Race/Ethnicity: White,40011: Avon School District,0.9075167256985437,0.97289644012945,0.9576000000000001,0.7954831166919267,0.7973009365236227,0.7822295961023799,0
7.794823152179389,95.17,7.824845691026856,96.81,7.836764783264067,96.22,High Needs: Students Without High Needs,40011: Avon School District,0.9307359307359309,0.9790655339805827,0.9622,0.8955364807785835,0.9068203515571673,0.8854554627193658,0
6.376726947898627,92.21,6.304448802421981,93.48,6.410174881966167,94.17,High Needs: Students With High Needs,40011: Avon School District,0.8142463597009049,0.9453883495145633,0.9417,0.2543684009177717,0.22622068509039484,0.25171629239772825,0
5.298317366548036,93.05,5.267858159063328,96.98,5.298317366548036,95.73,: All Students,50011: Barkhamsted School District,0.8473042109405742,0.980784789644013,0.9573,-0.23321614975715887,-0.23780502518309185,-0.24220817650247867,1
3.828641396489095,91.23,3.8066624897703196,95.78,4.04305126783455,95.36,Students With Disabilities: Students With Disabilities,50011: Barkhamsted School District,0.7756788665879575,0.968648867313916,0.9536,-0.8977051434486644,-0.8919034994808545,-0.7998395569067658,1
3.8066624897703196,92.39,3.784189633918261,96.26,4.007333185232471,95.33,Free/Reduced Lunch: Free/Reduced Price Meal Eligible,50011: Barkhamsted School District,0.8213301849665484,0.9735032362459549,0.9533,-0.9076425323054834,-0.9019633847069429,-0.8157067293948981,1
5.176149732573829,93.1,5.170483995038151,96.93,5.209486152841421,95.65,Race/Ethnicity: White,50011: Barkhamsted School District,0.8492719401810307,0.9802791262135925,0.9565000000000001,-0.28845216763798304,-0.2813941853916664,-0.2816699865306282,1
4.8283137373023015,93.69,4.77912349311153,97.61,4.736198448394496,96.14,High Needs: Students Without High Needs,50011: Barkhamsted School District,0.8724911452184179,0.9871561488673141,0.9614,-0.44572029692391735,-0.4565851694536903,-0.4919202882233174,1
4.30406509320417,91.91,4.276666119016055,96.0,4.465908118654584,95.19,High Needs: Students With High Needs,50011: Barkhamsted School District,0.8024399842581658,0.9708737864077671,0.9519,-0.6827504049598626,-0.6815082298638876,-0.6119923349688412,1
7.868636894184167,93.41,7.893945138235959,95.42,7.901377353792616,95.62,: All Students,70011: Berlin School District,0.8614718614718613,0.9650080906148869,0.9562,0.9289101088058501,0.9377524463779533,0.9141585376548166,0
5.955837369464831,90.7,6.0014148779611505,92.49,5.988961416889864,93.56,Students With Disabilities: Students With Disabilities,70011: Berlin School District,0.7548209366391183,0.9353762135922331,0.9356,0.06407033649647034,0.09056874482273886,0.064599117628091,0
6.063785208687608,90.39,6.22455842927536,91.83,6.22455842927536,93.79,Free/Reduced Lunch: Free Meal Eligible,70011: Berlin School District,0.7426210153482882,0.9287014563106797,0.9379000000000001,0.11287711602994716,0.19045807486341026,0.1692592270425785,0
4.859812404361672,91.46,4.844187086458591,95.32,4.430816798843313,95.43,Free/Reduced Lunch: Reduced Price Meal Eligible,70011: Berlin School District,0.7847304210940571,0.9639967637540454,0.9543,-0.43147871034067514,-0.4274597086855001,-0.6275810783648608,1
6.324358962381311,90.63,6.447305862541213,92.53,6.376726947898627,94.03,Free/Reduced Lunch: Free/Reduced Price Meal Eligible,70011: Berlin School District,0.7520661157024793,0.9357807443365697,0.9403,0.23069110693802655,0.2901700842231371,0.2368575961699961,0
4.564348191467836,91.71,4.663439094112067,92.98,4.574710978503383,94.13,English Learners: English Learners,70011: Berlin School District,0.7945690672963397,0.9403317152103562,0.9413,-0.5650678289610224,-0.5083708340814908,-0.5636584486386024,1
5.262690188904886,94.11,5.298317366548036,95.19,5.25227342804663,96.27,Race/Ethnicity: All other races,70011: Berlin School District,0.8890200708382525,0.9626820388349515,0.9627,-0.24932437218336911,-0.22417008116925807,-0.2626624411497149,1
4.174387269895637,92.71,4.356708826689592,93.79,4.1588830833596715,94.73,Race/Ethnicity: Black or African American,70011: Berlin School District,0.83392365210547,0.9485234627831717,0.9473,-0.7413820272153019,-0.6456774276871646,-0.7483831722786719,1
5.762051382780177,90.5,5.7745515455444085,92.17,5.749392985908253,93.64,Race/Ethnicity: Hispanic/Latino of any race,70011: Berlin School District,0.7469500196772922,0.9321399676375406,0.9364,-0.023546701481252735,-0.010985730547212936,-0.04182522937409535,1
7.621195162809845,93.83,7.642044402873258,96.0,7.666221925662725,95.87,Race/Ethnicity: White,70011: Berlin School District,0.8780007870916959,0.9708737864077671,0.9587000000000001,0.8170335384407423,0.8249900763971078,0.8096945948047498,0
7.471363088187097,94.49,7.475339236566737,96.53,7.516977224604321,96.29,High Needs: Students Without High Needs,70011: Berlin School District,0.9039748130657217,0.9762338187702266,0.9629000000000001,0.7492895142360141,0.7503651666535623,0.7433950836855389,0
6.7357800142423265,91.21,6.810142450115136,93.24,6.760414691083428,94.16,High Needs: Students With High Needs,70011: Berlin School District,0.7748917748917745,0.9429611650485438,0.9416,0.41670813810964114,0.4525924506036378,0.4073045843389816,0
5.971261839790462,94.89,5.877735781779639,96.37,5.872117789475416,95.73,: All Students,80011: Bethany School District,0.9197166469893743,0.9746156957928804,0.9573,0.07104424841563449,0.035204285554942594,0.012693252159932217,0
4.007333185232471,94.32,3.8918202981106265,95.81,3.8501476017100584,95.25,Students With Disabilities: Students With Disabilities,80011: Bethany School District,0.8972845336481696,0.9689522653721684,0.9525,-0.8169126903487752,-0.8537829426789808,-0.8855338473335487,1
3.9318256327243257,94.04,3.8501476017100584,92.32,3.912023005428146,94.06,Free/Reduced Lunch: Free/Reduced Price Meal Eligible,80011: Bethany School District,0.8862652499016135,0.9336569579288027,0.9406,-0.8510521459869006,-0.8724375607484923,-0.8580467138693754,1
3.7612001156935624,94.8,0.0,0.0,3.367295829986474,97.06,Race/Ethnicity: All other races,80011: Bethany School District,0.9161747343565523,0.0,0.9706,-0.9281975715226516,-2.595940938854069,-1.100032829081589,1
5.730099782973574,95.01,5.673323267171493,96.43,5.6937321388027,95.84,Race/Ethnicity: White,80011: Bethany School District,0.9244391971664698,0.9752224919093853,0.9584,-0.03799307390270001,-0.056300169832096854,-0.0665516479699234,1
5.638354669333745,95.14,5.552959584921617,97.05,5.564520407322694,96.1,High Needs: Students Without High Needs,80011: Bethany School District,0.9295552931916569,0.981492718446602,0.961,-0.07947406663894077,-0.11018049713870404,-0.12395184085609312,1
4.663439094112067,94.27,4.564348191467836,94.52,4.553876891600541,94.7,High Needs: Students With High Needs,80011: Bethany School District,0.8953168044077131,0.955906148867314,0.9470000000000001,-0.5202655626632294,-0.5527284855572442,-0.5729136501062447,1
8.04012466444838,93.75,8.023879992734878,95.06,8.033009498596668,95.63,: All Students,90011: Bethel School District,0.8748524203069654,0.9613673139158577,0.9562999999999999,1.006445387475948,0.9959172711662493,0.9726339594700716,0
6.0063531596017325,92.04,5.918893854273146,91.39,5.961005339623274,94.32,Students With Disabilities: Students With Disabilities,90011: Bethel School District,0.8075560802833532,0.9242516181229775,0.9431999999999999,0.08691019183700148,0.05362853426358113,0.052180088728294514,0
6.532334292222349,92.25,6.588926477533519,92.11,6.650279048587422,94.76,Free/Reduced Lunch: Free Meal Eligible,90011: Bethel School District,0.8158205430932703,0.9315331715210358,0.9476000000000001,0.32472361509231584,0.35356599357482504,0.3583786311727928,0
5.384495062789089,94.06,5.455321115357702,94.78,5.375278407684165,95.78,Free/Reduced Lunch: Reduced Price Meal Eligible,90011: Bethel School District,0.887052341597796,0.9585355987055018,0.9578,-0.19425237010743604,-0.15388797267853133,-0.20801949599077285,1
6.806829360392176,92.69,6.866933284461882,92.77,6.895682697747868,94.98,Free/Reduced Lunch: Free/Reduced Price Meal Eligible,90011: Bethel School District,0.8331365604092875,0.9382079288025891,0.9498000000000001,0.4488318915677994,0.4780146434563422,0.46739517816457415,0
5.123963979403259,92.78,5.214935757608986,92.43,5.407171771460119,95.06,English Learners: English Learners,90011: Bethel School District,0.8366784730421095,0.9347694174757284,0.9506,-0.31204706836154505,-0.2614955293194804,-0.19385139212311603,1
5.953243334287785,94.75,5.8944028342648505,96.5,5.886104031450156,96.2,Race/Ethnicity: All other races,90011: Bethel School District,0.9142070051160958,0.9759304207119742,0.9620000000000001,0.062897487610381,0.04266522581826307,0.018906410809748288,0
4.859812404361672,94.03,4.718498871295094,94.49,4.624972813284271,95.52,Race/Ethnicity: Black or African American,90011: Bethel School District,0.885871704053522,0.9556027508090615,0.9551999999999999,-0.43147871034067514,-0.48372354213597174,-0.5413304527345912,1
6.61338421837956,93.43,6.535241271013659,93.53,6.530877627725885,95.77,Race/Ethnicity: Hispanic/Latino of any race,90011: Bethel School District,0.8622589531680442,0.945894012944984,0.9577,0.3613689607114701,0.32953402276150373,0.30533650790865635,0
7.52131798019924,93.65,7.545389749611823,95.35,7.568379267836522,95.48,Race/Ethnicity: White,90011: Bethel School District,0.8709169618260528,0.9643001618122978,0.9548000000000001,0.771875769029161,0.7817230023421504,0.7662295984968208,0
7.507690077819904,94.47,7.469654172932128,96.64,7.498869733976931,96.08,High Needs: Students Without High Needs,90011: Bethel School District,0.9031877213695392,0.9773462783171523,0.9608,0.7657141447509822,0.7478202703553942,0.7353511279023326,0
7.104144092987527,92.74,7.1252830915107115,92.99,7.151485463904735,94.98,High Needs: Students With High Needs,90011: Bethel School District,0.835104289649744,0.9404328478964402,0.9498000000000001,0.5832576911976459,0.5936639149242242,0.5810313623565023,0
7.45876269238096,92.93,7.471363088187097,93.85,7.554334823725748,95.32,: All Students,110011: Bloomfield School District,0.8425816607634791,0.9491302588996764,0.9531999999999999,0.7435924595791301,0.7485852595245176,0.7599905845024746,0
5.91350300563827,91.26,5.855071922202427,91.05,5.8998973535824915,94.26,Students With Disabilities: Students With Disabilities,110011: Bloomfield School District,0.7768595041322315,0.9208131067961166,0.9426000000000001,0.04492957391289654,0.02505889826514476,0.025033867983090565,0
6.654152520183219,91.8,6.80128303447162,92.17,6.917705609835305,94.71,Free/Reduced Lunch: Free Meal Eligible,110011: Bloomfield School District,0.7981109799291617,0.9321399676375406,0.9470999999999999,0.37980165498688834,0.4486265681572454,0.47717849572602655,0
5.099866427824199,93.1,5.2574953720277815,94.18,5.293304824724492,95.69,Free/Reduced Lunch: Reduced Price Meal Eligible,110011: Bloomfield School District,0.8492719401810307,0.9524676375404533,0.9569,-0.3229423664581429,-0.24244388589960586,-0.24443491601154518,1
6.844815479208263,92.03,6.993932975223189,92.53,7.0967213784947605,94.87,Free/Reduced Lunch: Free/Reduced Price Meal Eligible,110011: Bloomfield School District,0.8071625344352618,0.9357807443365697,0.9487000000000001,0.4660066691246068,0.534865553782029,0.5567033154387685,0
4.477336814478207,92.21,4.343805421853684,92.34,4.3694478524670215,94.24,English Learners: English Learners,110011: Bloomfield School District,0.8142463597009049,0.933859223300971,0.9424,-0.6044085431820163,-0.6514535859346753,-0.6548432264598674,1
4.624972813284271,92.15,4.454347296253507,93.72,4.59511985013459,94.85,Race/Ethnicity: All other races,110011: Bloomfield School District,0.8118850846123573,0.9478155339805826,0.9485,-0.5376574373070613,-0.6019699521473374,-0.5545921420826715,1
7.149916836132109,93.46,7.21081845347222,94.27,7.29776828253138,95.77,Race/Ethnicity: Black or African American,110011: Bloomfield School District,0.8634395907123178,0.9533778317152104,0.9577,0.6039530585100904,0.6319534821144968,0.646015105774578,0
5.6937321388027,91.17,5.53338948872752,91.5,5.545177444479562,93.4,Race/Ethnicity: Hispanic/Latino of any race,110011: Bloomfield School District,0.7733175914994095,0.925364077669903,0.934,-0.05443608567560516,-0.11894097346054591,-0.13254463491177498,1
4.174387269895637,91.54,4.204692619390966,94.23,4.382026634673881,93.72,Race/Ethnicity: White,110011: Bloomfield School District,0.7878787878787881,0.952973300970874,0.9372,-0.7413820272153019,-0.7137268829053519,-0.6492553087322995,1
6.410174881966167,94.26,6.293419278846481,96.26,6.376726947898627,96.25,High Needs: Students Without High Needs,110011: Bloomfield School District,0.8949232585596221,0.9735032362459549,0.9625,0.2694913154257284,0.22128336239325297,0.2368575961699961,0
6.994849985833071,92.19,7.090076835776092,92.78,7.186901020411631,94.89,High Needs: Students With High Needs,110011: Bloomfield School District,0.8134592680047223,0.9383090614886733,0.9489000000000001,0.5338422195161137,0.5779039734970136,0.5967641425876955,0
6.61472560020376,94.33,6.62273632394984,94.83,6.643789733147672,94.9,: All Students,120011: Bolton School District,0.8976780794962611,0.9590412621359224,0.9490000000000001,0.3619754436891318,0.368700837882061,0.3554958592009731,0
4.394449154672439,91.48,4.418840607796598,88.51,4.477336814478207,93.03,Students With Disabilities: Students With Disabilities,120011: Bolton School District,0.7855175127902401,0.8951254045307445,0.9303,-0.6418847888142897,-0.61786438109693,-0.606915324257822,1
5.0106352940962555,90.34,5.062595033026967,86.77,5.14166355650266,93.44,Free/Reduced Lunch: Free Meal Eligible,120011: Bolton School District,0.7406532861078317,0.8775283171521037,0.9344,-0.3632867059348611,-0.3296902534187705,-0.3117990627940177,1
3.4657359027997265,91.69,3.295836866004329,90.57,3.1354942159291497,92.29,Free/Reduced Lunch: Reduced Price Meal Eligible,120011: Bolton School District,0.7937819756001572,0.9159587378640777,0.9229,-1.0617866901429989,-1.1205725738281693,-1.2030068950260173,1
5.198497031265826,90.58,5.214935757608986,87.31,5.262690188904886,93.3,Free/Reduced Lunch: Free/Reduced Price Meal Eligible,120011: Bolton School District,0.7500983864620228,0.8829894822006474,0.9329999999999999,-0.27834821661606274,-0.2614955293194804,-0.2580349659532734,1
3.9512437185814275,93.94,3.9889840465642745,93.11,3.912023005428146,94.28,Race/Ethnicity: All other races,120011: Bolton School District,0.8823297914207004,0.94164644012945,0.9428000000000001,-0.8422725887283823,-0.8102879741705309,-0.8580467138693754,1
3.6109179126442243,92.2,3.6109179126442243,87.48,3.7376696182833684,93.79,Race/Ethnicity: Black or African American,120011: Bolton School District,0.8138528138528138,0.8847087378640778,0.9379000000000001,-0.9961451136397023,-0.9795277868647537,-0.935500347048309,1
4.499809670330265,91.31,4.418840607796598,89.91,4.48863636973214,94.44,Race/Ethnicity: Hispanic/Latino of any race,120011: Bolton School District,0.778827233372688,0.9092839805825244,0.9444,-0.594247823625644,-0.61786438109693,-0.6018956821272308,1
6.345636360828596,94.96,6.364750756851911,96.13,6.380122536899765,95.09,Race/Ethnicity: White,120011: Bolton School District,0.9224714679260129,0.9721885113268609,0.9509000000000001,0.24031132076110676,0.2532146169906137,0.23836603090262432,0
6.234410725718371,95.66,6.230481447578482,97.55,6.255750041753367,95.59,High Needs: Students Without High Needs,120011: Bolton School District,0.9500196772924041,0.9865493527508091,0.9559000000000001,0.1900225415656982,0.1931094906297766,0.18311558940349376,0
5.43372200355424,91.37,5.4680601411351315,88.96,5.5134287461649825,93.44,High Needs: Students With High Needs,120011: Bolton School District,0.781188508461236,0.8996763754045308,0.9344,-0.17199524608966038,-0.1481853980677755,-0.14664847352045182,1
5.075173815233827,94.33,5.099866427824199,96.49,5.14166355650266,95.73,: All Students,130011: Bozrah School District,0.8976780794962611,0.9758292880258901,0.9573,-0.3341067112702395,-0.3130058606408925,-0.3117990627940177,1
3.367295829986474,92.87,3.295836866004329,94.03,3.4339872044851463,93.25,Students With Disabilities: Students With Disabilities,130011: Bozrah School District,0.8402203856749311,0.9509506472491911,0.9325,-1.106294694801994,-1.1205725738281693,-1.0704062795707971,1
4.174387269895637,93.94,4.1588830833596715,95.87,4.2626798770413155,94.83,Free/Reduced Lunch: Free/Reduced Price Meal Eligible,130011: Bozrah School District,0.8823297914207004,0.9695590614886733,0.9483,-0.7413820272153019,-0.7342333409082392,-0.702273148753337,1
3.2188758248682006,94.21,0.0,0.0,0.0,0.0,Race/Ethnicity: Hispanic/Latino of any race,130011: Bozrah School District,0.8929555293191651,0.0,0.0,-1.173400275796677,-2.595940938854069,-2.595898784379362,1
4.77912349311153,94.09,4.867534450455582,96.68,4.890349128221754,95.69,Race/Ethnicity: White,130011: Bozrah School District,0.88823297914207,0.9777508090614888,0.9569,-0.4679608292097208,-0.4170083533398499,-0.42344137648465713,1
4.356708826689592,94.61,4.430816798843313,97.31,4.454347296253507,96.67,High Needs: Students Without High Needs,130011: Bozrah School District,0.9086973632428177,0.9841221682847898,0.9667,-0.6589484362262453,-0.6125032864426151,-0.6171280407452724,1
4.394449154672439,94.06,4.3694478524670215,95.6,4.454347296253507,94.78,High Needs: Students With High Needs,130011: Bozrah School District,0.887052341597796,0.9668284789644014,0.9478,-0.6418847888142897,-0.6399748530764088,-0.6171280407452724,1
7.8351837552667485,92.68,7.836764783264067,94.9,7.893198869544609,96.58,: All Students,140011: Branford School District,0.8327430145611965,0.9597491909385115,0.9658,0.9137848410135447,0.9121558861547656,0.9105253801390477,0
5.777652323222656,91.4,5.786897381366708,93.12,5.869296913133774,95.56,Students With Disabilities: Students With Disabilities,140011: Branford School District,0.78236914600551,0.9417475728155341,0.9556,-0.01649300160014999,-0.005459165868025373,0.011440124102103166,1
6.542471960506805,90.12,6.6293632534374485,91.65,6.698268054115413,96.14,Free/Reduced Lunch: Free Meal Eligible,140011: Branford School District,0.7319952774498231,0.9268810679611652,0.9614,0.32930718938621006,0.3716673567119593,0.37969695995123176,0
5.267858159063328,93.02,5.293304824724492,95.38,5.176149732573829,96.32,Free/Reduced Lunch: Reduced Price Meal Eligible,140011: Branford School District,0.8461235733963002,0.9646035598705502,0.9632,-0.24698776237279058,-0.22641392573301883,-0.2964791445813453,1
6.787844982309579,90.75,6.86171134048073,92.44,6.894670039433482,96.17,Free/Reduced Lunch: Free/Reduced Price Meal Eligible,140011: Branford School District,0.7567886658795748,0.9348705501618124,0.9617,0.4402484279030448,0.4756770608431989,0.4669453213140563,0
5.117993812416755,93.58,5.003946305945459,95.03,5.0238805208462765,95.98,English Learners: English Learners,140011: Branford School District,0.8681621408894133,0.9610639158576053,0.9598000000000001,-0.31474637782421033,-0.35594412462144204,-0.3641222449691686,1
5.673323267171493,93.94,5.631211781821365,96.08,5.683579767338681,97.0,Race/Ethnicity: All other races,140011: Branford School District,0.8823297914207004,0.9716828478964402,0.97,-0.06366360987065336,-0.0751512100430622,-0.07106167251345234,1
4.584967478670572,92.48,4.663439094112067,93.17,4.624972813284271,97.14,Race/Ethnicity: Black or African American,140011: Branford School District,0.8248720975993704,0.9422532362459548,0.9714,-0.555745168944044,-0.5083708340814908,-0.5413304527345912,1
5.934894195619588,90.62,5.846438775057725,91.63,5.8377304471659395,95.61,Race/Ethnicity: Hispanic/Latino of any race,140011: Branford School District,0.7516725698543882,0.9266788025889968,0.9561000000000001,0.05460123664272934,0.02119430401920773,-0.0025827607747920824,0
7.475339236566737,92.93,7.4977617006225685,95.44,7.57198844937744,96.65,Race/Ethnicity: White,140011: Branford School District,0.8425816607634791,0.9652103559870551,0.9665,0.7510872620997483,0.7604024941909566,0.7678329182127397,0
7.237059026124737,93.89,7.202661196523238,96.5,7.2991214627108,96.93,High Needs: Students Without High Needs,140011: Branford School District,0.8803620621802439,0.9759304207119742,0.9693,0.64335291760553,0.6283019182364256,0.6466162338797334,0
7.007600613951853,91.3,7.051855622955894,93.1,7.0909098220799835,96.14,High Needs: Students With High Needs,140011: Branford School District,0.7784336875245965,0.9415453074433657,0.9614,0.5396071991580169,0.5607943984299057,0.5541216267998489,0
9.82460666968268,90.08,9.811646348870548,90.05,9.874264693859224,93.67,: All Students,150011: Bridgeport School District,0.7304210940574576,0.9106998381877024,0.9367000000000001,1.813268575767708,1.796203824516772,1.7905813869224065,0
4.820281565605037,84.55,4.532599493153256,77.91,4.68213122712422,86.35,Homelessness: Students Experiencing Homelessness,150011: Bridgeport School District,0.5127902400629671,0.7879247572815534,0.8634999999999999,-0.4493519067460869,-0.5669406650516952,-0.5159387646742213,1
8.089175678837561,87.58,8.096817470572319,86.92,8.202208436436448,91.96,Students With Disabilities: Students With Disabilities,150011: Bridgeport School District,0.6320346320346317,0.8790453074433658,0.9196,1.0286229693749755,1.028567445249834,1.047797813068313,0
9.201904893155081,88.68,9.268420583052707,88.38,9.461254720235749,92.87,Free/Reduced Lunch: Free Meal Eligible,150011: Bridgeport School District,0.6753246753246755,0.8938106796116505,0.9287000000000001,1.5317245583894132,1.5530309544571417,1.6071084787092098,0
7.352441100243583,92.3,7.202661196523238,92.91,7.21890970761906,95.65,Free/Reduced Lunch: Reduced Price Meal Eligible,150011: Bridgeport School District,0.8177882723337269,0.9396237864077671,0.9565000000000001,0.6955209600061931,0.6283019182364256,0.6109834769987029,0
9.347926034928745,89.17,9.387649386946594,88.89,9.562123369834488,93.14,Free/Reduced Lunch: Free/Reduced Price Meal Eligible,150011: Bridgeport School District,0.6946084218811492,0.8989684466019419,0.9314,1.5977455341225713,1.6064032579468392,1.6519177222416441,0
8.33758794211651,91.25,8.214194414852564,90.66,8.352554369474591,94.33,English Learners: English Learners,150011: Bridgeport School District,0.77646595828414,0.916868932038835,0.9433,1.1409383492340055,1.0811107710924224,1.1145865284364365,0
6.699500340161678,92.45,6.660575149839686,93.99,6.734591659972948,95.38,Race/Ethnicity: All other races,150011: Bridgeport School District,0.8236914600550964,0.9505461165048544,0.9538,0.4003049005168409,0.38563923894900526,0.39583312621618383,0
8.621733370690162,89.91,8.664232934065552,89.4,8.750366278367625,93.69,Race/Ethnicity: Black or African American,150011: Bridgeport School District,0.7237308146399055,0.9041262135922332,0.9369,1.2694098720332625,1.28256873800172,1.2913079456121588,0
9.246575864558277,89.88,9.182455168486648,89.78,9.20833836930551,93.4,Race/Ethnicity: Hispanic/Latino of any race,150011: Bridgeport School District,0.7225501770956315,0.9079692556634306,0.934,1.5519217783478652,1.514548875915778,1.4947545371500544,0
7.469654172932128,90.7,7.575584651557793,91.75,7.737616282857904,94.16,Race/Ethnicity: White,150011: Bridgeport School District,0.7548209366391183,0.9278923948220066,0.9416,0.7485168572686197,0.7952396310247315,0.8414103672585962,0
8.186185994226083,92.38,8.196161139282902,93.8,8.041412909393047,95.55,High Needs: Students Without High Needs,150011: Bridgeport School District,0.8209366391184569,0.9486245954692557,0.9555,1.0724845335316169,1.0730382464575703,0.9763670369165923,0
9.536040511615484,89.49,9.547455259196115,89.15,9.700024071988745,93.31,High Needs: Students With High Needs,150011: Bridgeport School District,0.7072018890200704,0.9015978964401297,0.9331,1.6827982953154768,1.6779397259359694,1.7131778478674462,0
8.914626127827137,92.51,8.923324744067562,91.23,8.947025655972697,94.82,: All Students,170011: Bristol School District,0.8260527351436444,0.9226334951456312,0.9481999999999999,1.4018363506683278,1.3985501641630491,1.3786706492777459,0
4.189654742026425,89.04,4.060443010546419,82.17,4.762173934797756,89.13,Homelessness: Students Experiencing Homelessness,170011: Bristol School District,0.6894923258559622,0.8310072815533982,0.8913,-0.734479099359719,-0.7782996509788567,-0.4803811043366751,1
7.257002707092073,90.34,7.2909747781429814,87.16,7.347943823148687,92.94,Students With Disabilities: Students With Disabilities,170011: Bristol School District,0.7406532861078317,0.8814724919093851,0.9294,0.6523701137538468,0.6678351444916025,0.6683047669114764,0
8.173575486634153,90.63,8.166784289056151,87.47,8.222016437202196,93.68,Free/Reduced Lunch: Free Meal Eligible,170011: Bristol School District,0.7520661157024793,0.8846076051779936,0.9368000000000001,1.0667829070027675,1.059887815398403,1.0565971925953899,0
6.07993319509559,92.92,6.274762021241939,91.94,6.023447592961033,95.1,Free/Reduced Lunch: Reduced Price Meal Eligible,170011: Bristol School District,0.8421881149153876,0.9298139158576053,0.951,0.12017815344022324,0.21293151466322505,0.07991903584076382,0
8.289539484624141,90.88,8.306965865368573,88.06,8.327000740241713,93.82,Free/Reduced Lunch: Free/Reduced Price Meal Eligible,170011: Bristol School District,0.7619047619047619,0.8905744336569581,0.9381999999999999,1.1192140563844375,1.1226395447646524,1.1032347476800908,0
6.049733455231958,91.27,5.986452005284438,88.56,6.089044875446846,94.28,English Learners: English Learners,170011: Bristol School District,0.7772530499803225,0.8956310679611652,0.9428000000000001,0.10652385469644952,0.0838706739246195,0.10905955291584733,0
6.4425401664681985,92.88,6.415096959171596,91.93,6.436150368369428,95.64,Race/Ethnicity: All other races,170011: Bristol School District,0.8406139315230221,0.9297127831715212,0.9564,0.2841247283462863,0.27575189575214054,0.26325547628437057,0
6.35088571671474,92.68,6.327936783729195,89.65,6.331501849893691,94.87,Race/Ethnicity: Black or African American,170011: Bristol School District,0.8327430145611965,0.9066545307443368,0.9487000000000001,0.24268472774426125,0.23673498721997632,0.216767087985908,0
7.869019376499023,90.95,7.821643126239982,87.72,7.796057974316123,94.01,Race/Ethnicity: Hispanic/Latino of any race,170011: Bristol School District,0.7646595828414009,0.8871359223300972,0.9401,0.9290830416792732,0.9053867360702369,0.8673721303575982,0
8.196161139282902,93.53,8.254008590564844,93.58,8.31164394850298,95.15,Race/Ethnicity: White,170011: Bristol School District,0.8661944116489568,0.9463996763754047,0.9515000000000001,1.0769946257123215,1.0989334297110493,1.0964127447719998,0
7.937731775260109,94.9,7.938445551164788,95.6,7.999007213243955,96.18,High Needs: Students Without High Needs,170011: Bristol School District,0.9201101928374658,0.9668284789644014,0.9618000000000001,0.9601501841222788,0.9576728805908818,0.9575290017741961,0
8.414274137408396,91.1,8.431853144249223,88.55,8.457018468380168,93.93,High Needs: Students With High Needs,170011: Bristol School District,0.7705627705627704,0.895529935275081,0.9393000000000001,1.1756107081605054,1.1785448422492506,1.1609929913649817,0
7.842278779117352,93.68,7.847762537473608,95.59,7.853604813097837,97.06,: All Students,180011: Brookfield School District,0.8720975993703268,0.9667273462783174,0.9706,0.9169927353758074,0.9170789874206239,0.8929363698289252,0
5.860786223465865,91.53,5.87493073085203,93.11,5.91350300563827,96.73,Students With Disabilities: Students With Disabilities,180011: Brookfield School District,0.7874852420306966,0.94164644012945,0.9673,0.021094577457868142,0.033948615578200975,0.031077955802350492,0
5.940171252720432,91.33,6.013715156042802,93.17,6.104793232414985,96.69,Free/Reduced Lunch: Free Meal Eligible,180011: Brookfield School District,0.7796143250688705,0.9422532362459548,0.9669,0.05698716825896957,0.0960749157591333,0.11605550225618494,0
4.912654885736052,93.01,4.804021044733257,94.07,4.5217885770490405,96.93,Free/Reduced Lunch: Reduced Price Meal Eligible,180011: Brookfield School District,0.8457300275482096,0.9513551779935275,0.9693,-0.40758688112935865,-0.4454398787361226,-0.5871683576591205,1
6.244166900663736,91.77,6.272877006546167,93.37,6.289715570908998,96.73,Free/Reduced Lunch: Free/Reduced Price Meal Eligible,180011: Brookfield School District,0.7969303423848877,0.9442758899676377,0.9673,0.19443363013474108,0.21208769527445728,0.19820421876154629,0
4.663439094112067,93.74,4.51085950651685,94.64,4.7535901911063645,97.08,English Learners: English Learners,180011: Brookfield School District,0.8744588744588739,0.9571197411003237,0.9708,-0.5202655626632294,-0.5766724842658922,-0.48419429171469247,1
5.493061443340548,94.78,5.537334267018537,97.13,5.455321115357702,97.94,Race/Ethnicity: All other races,180011: Brookfield School District,0.9153876426603698,0.9823017799352751,0.9794,-0.1451659276323134,-0.11717510902786174,-0.17246183565322662,1
4.31748811353631,94.88,4.219507705176107,95.11,4.060443010546419,97.35,Race/Ethnicity: Black or African American,180011: Brookfield School District,0.9193231011412828,0.9618729773462784,0.9734999999999999,-0.6766814146147005,-0.7070949682259577,-0.792113560398141,1
5.905361848054571,92.46,5.786897381366708,94.34,5.703782474656201,96.7,Race/Ethnicity: Hispanic/Latino of any race,180011: Brookfield School District,0.8240850059031875,0.9540857605177995,0.9670000000000001,0.04124868797580167,-0.005459165868025373,-0.062086951073179006,1
7.530479995245536,93.72,7.557472901614746,95.62,7.593877844605118,97.0,Race/Ethnicity: White,180011: Brookfield School District,0.8736717827626919,0.9670307443365698,0.97,0.77601821830528,0.7871319776463572,0.7775569230986641,0
7.451241684987676,94.49,7.453561871643373,96.44,7.462214939768189,97.19,High Needs: Students Without High Needs,180011: Brookfield School District,0.9039748130657217,0.9753236245954694,0.9719,0.7401919640031501,0.7406166151967339,0.7190678366432087,0
6.687108607866515,92.01,6.6895992691789665,93.73,6.727431724850855,96.77,High Needs: Students With High Needs,180011: Brookfield School District,0.8063754427390792,0.9479166666666669,0.9677,0.39470218951750596,0.39863177141855816,0.39265244244735586,0
6.690842277418564,92.04,6.654152520183219,93.37,6.697034247666484,95.26,: All Students,190011: Brooklyn School District,0.8075560802833532,0.9442758899676377,0.9526000000000001,0.3963903047034119,0.38276417413218483,0.3791488616683472,0
4.927253685157205,89.1,4.77912349311153,88.15,4.852030263919617,93.48,Students With Disabilities: Students With Disabilities,190011: Brooklyn School District,0.6918536009445098,0.8914846278317153,0.9348000000000001,-0.40098628226668764,-0.4565851694536903,-0.4404639035952234,1
5.332718793265369,88.54,5.497168225293202,89.76,5.602118820879701,94.53,Free/Reduced Lunch: Free Meal Eligible,190011: Brooklyn School District,0.6698150334513975,0.9077669902912623,0.9453,-0.21766212976455088,-0.1351552790784843,-0.10724936217504435,1
4.02535169073515,91.13,4.23410650459726,92.6,4.204692619390966,94.57,Free/Reduced Lunch: Reduced Price Meal Eligible,190011: Brooklyn School District,0.771743408107044,0.9364886731391586,0.9457,-0.8087659295435213,-0.700559873283762,-0.7280330370850334,1
5.568344503761097,89.07,5.7430031878094825,90.4,5.820082930352362,94.54,Free/Reduced Lunch: Free/Reduced Price Meal Eligible,190011: Brooklyn School District,0.6906729634002358,0.9142394822006474,0.9454000000000001,-0.11112797227344562,-0.025108228371888,-0.010422380733898038,1
4.51085950651685,88.78,4.574710978503383,91.1,4.5217885770490405,94.49,Race/Ethnicity: Hispanic/Latino of any race,190011: Brooklyn School District,0.6792601338055881,0.9213187702265373,0.9449,-0.5892518281289052,-0.5480896248407302,-0.5871683576591205,1
6.455198563340122,92.5,6.401917196727186,93.7,6.440946540632921,95.41,Race/Ethnicity: White,190011: Brooklyn School District,0.8256591892955529,0.9476132686084144,0.9541,0.2898480071985867,0.2698520271119148,0.26538609716442896,0
6.102558594613569,93.94,5.981414211254481,95.98,6.068425588244111,95.96,High Needs: Students Without High Needs,190011: Brooklyn School District,0.8823297914207004,0.9706715210355988,0.9596,0.13040784302068725,0.0816155253103236,0.09989977269267558,0
5.793013608384144,89.59,5.877735781779639,90.5,5.937536205082426,94.46,High Needs: Students With High Needs,190011: Brooklyn School District,0.7111373475009839,0.9152508090614888,0.9446,-0.009547657778303423,0.035204285554942594,0.041754310557180416,0
4.356708826689592,94.31,4.290459441148391,96.58,4.248495242049359,96.07,: All Students,210011: Canaan School District,0.8968909878000786,0.9767394822006473,0.9607,-0.6589484362262453,-0.6753337036509652,-0.7085744402477876,1
3.1780538303479458,94.2,3.1354942159291497,95.13,3.1354942159291497,95.31,Free/Reduced Lunch: Free/Reduced Price Meal Eligible,210011: Canaan School District,0.8925619834710745,0.9620752427184467,0.9531000000000001,-1.1918572463207011,-1.1923493282923954,-1.2030068950260173,1
3.9318256327243257,94.16,3.7376696182833684,97.93,3.7376696182833684,96.18,High Needs: Students Without High Needs,210011: Canaan School District,0.890987800078709,0.9903923948220067,0.9618000000000001,-0.8510521459869006,-0.9227878861002532,-0.935500347048309,1
3.332204510175204,94.58,3.258096538021482,95.66,3.367295829986474,95.92,High Needs: Students With High Needs,210011: Canaan School District,0.9075167256985437,0.9674352750809062,0.9592,-1.1221606382233609,-1.1374668826957979,-1.100032829081589,1
6.063785208687608,91.48,6.028278520230698,96.01,6.068425588244111,95.93,: All Students,220011: Canterbury School District,0.7855175127902401,0.9709749190938514,0.9593,0.11287711602994716,0.10259414825901765,0.09989977269267558,0
3.828641396489095,89.15,3.9318256327243257,95.62,4.007333185232471,94.67,Students With Disabilities: Students With Disabilities,220011: Canterbury School District,0.6938213301849667,0.9670307443365698,0.9467,-0.8977051434486644,-0.8358747125326014,-0.8157067293948981,1
4.499809670330265,90.1,4.477336814478207,95.01,4.962844630259907,94.82,Free/Reduced Lunch: Free Meal Eligible,220011: Canterbury School District,0.7312081857536401,0.960861650485437,0.9481999999999999,-0.594247823625644,-0.5916787850493044,-0.3912364384909765,1
3.58351893845611,89.76,3.5263605246161616,95.19,3.4011973816621555,96.07,Free/Reduced Lunch: Reduced Price Meal Eligible,220011: Canterbury School District,0.717827626918536,0.9626820388349515,0.9607,-1.0085330938185642,-1.0173795678835962,-1.0849726206698964,1
4.8283137373023015,90.01,4.795790545596741,95.06,5.147494476813453,95.04,Free/Reduced Lunch: Free/Reduced Price Meal Eligible,220011: Canterbury School District,0.7276662731208186,0.9613673139158577,0.9504000000000001,-0.44572029692391735,-0.4491242291903699,-0.30920877206182396,1
3.6109179126442243,90.34,3.5553480614894135,93.24,3.367295829986474,94.73,Race/Ethnicity: Hispanic/Latino of any race,220011: Canterbury School District,0.7406532861078317,0.9429611650485438,0.9473,-0.9961451136397023,-1.0044034114105769,-1.100032829081589,1
5.958424693029782,91.62,5.91350300563827,96.22,5.961005339623274,96.02,Race/Ethnicity: White,220011: Canterbury School District,0.7910271546635186,0.9730987055016183,0.9601999999999999,0.06524015084130148,0.05121534214883244,0.052180088728294514,0
5.583496308781699,92.32,5.5254529391317835,96.45,5.4510384535657,96.58,High Needs: Students Without High Needs,220011: Canterbury School District,0.8185753640299089,0.9754247572815535,0.9658,-0.1042773413344732,-0.12249373856302653,-0.17436433792690878,1
5.0238805208462765,89.9,5.0106352940962555,95.38,5.298317366548036,95.16,High Needs: Students With High Needs,220011: Canterbury School District,0.7233372687918145,0.9646035598705502,0.9516,-0.3572981019339505,-0.3529498254759014,-0.24220817650247867,1
7.288244401020124,93.56,7.32052696227274,95.54,7.348587530927593,94.82,: All Students,230011: Canton School District,0.8673750491932308,0.9662216828478967,0.9481999999999999,0.6664955143063485,0.6810640630804417,0.6685907235366861,0
5.337538079701318,90.92,5.332718793265369,93.81,5.393627546352362,93.97,Students With Disabilities: Students With Disabilities,230011: Canton School District,0.7634789452971269,0.94872572815534,0.9397,-0.2154831713687036,-0.20877041827512913,-0.19986819202800118,1
5.575949103146316,92.33,5.4638318050256105,93.06,5.41610040220442,94.34,Free/Reduced Lunch: Free/Reduced Price Meal Eligible,230011: Canton School District,0.8189689098780004,0.9411407766990293,0.9434,-0.10768968200004009,-0.15007819603876457,-0.18988499432732778,1
4.3694478524670215,93.0,4.442651256490317,95.88,4.382026634673881,94.21,Race/Ethnicity: All other races,230011: Canton School District,0.8453364817001181,0.9696601941747574,0.9420999999999999,-0.6531887023856525,-0.6072056381852864,-0.6492553087322995,1
4.499809670330265,89.53,4.574710978503383,91.8,4.543294782270004,93.24,Race/Ethnicity: Black or African American,230011: Canton School District,0.7087760724124359,0.9283980582524273,0.9324,-0.594247823625644,-0.5480896248407302,-0.5776145786501002,1
4.564348191467836,91.56,4.61512051684126,93.9,4.770684624465665,93.74,Race/Ethnicity: Hispanic/Latino of any race,230011: Canton School District,0.7886658795749706,0.9496359223300973,0.9374,-0.5650678289610224,-0.5300004544925379,-0.47660037001064454,1
7.0909098220799835,94.06,7.115582126184454,95.94,7.142827401161621,95.07,Race/Ethnicity: White,230011: Canton School District,0.887052341597796,0.9702669902912623,0.9507,0.5772740406945752,0.5893213160837891,0.5771851599584467,0
6.926577033222725,94.26,7.007600613951853,96.21,7.044032897274685,94.98,High Needs: Students Without High Needs,230011: Canton School District,0.8949232585596221,0.972997572815534,0.9498000000000001,0.5029737651760886,0.5409838183153461,0.5332973216464817,0
6.082218910376446,91.92,5.945420608606575,93.51,6.013715156042802,94.37,High Needs: Students With High Needs,230011: Canton School District,0.8028335301062572,0.9456917475728157,0.9437000000000001,0.12121160072913867,0.06550313114488915,0.0755955603330822,0
4.969813299576001,92.93,4.859812404361672,94.59,4.836281906951478,96.71,: All Students,240011: Chaplin School District,0.8425816607634791,0.956614077669903,0.9671,-0.38174367645888513,-0.42046509679634236,-0.44745985293556106,1
4.219507705176107,92.33,3.9889840465642745,93.83,4.143134726391533,96.18,Free/Reduced Lunch: Free/Reduced Price Meal Eligible,240011: Chaplin School District,0.8189689098780004,0.9489279935275082,0.9618000000000001,-0.7209815898091981,-0.8102879741705309,-0.7553791216190094,1
4.804021044733257,93.2,4.727387818712341,94.78,4.68213122712422,96.71,Race/Ethnicity: White,240011: Chaplin School District,0.8532073986619442,0.9585355987055018,0.9671,-0.45670382470018916,-0.4797444399076253,-0.5159387646742213,1
4.248495242049359,93.61,4.127134385045092,95.35,4.007333185232471,97.31,High Needs: Students Without High Needs,240011: Chaplin School District,0.8693427784336873,0.9643001618122978,0.9731000000000001,-0.7078753680304407,-0.7484455204026902,-0.8157067293948981,1
4.276666119016055,92.19,4.127134385045092,93.76,4.276666119016055,96.21,High Needs: Students With High Needs,240011: Chaplin School District,0.8134592680047223,0.9482200647249193,0.9621,-0.6951383851387246,-0.7484455204026902,-0.6960599901035209,1
8.323608442343572,94.66,8.323608442343572,97.05,8.318742252692399,95.7,: All Students,250011: Cheshire School District,0.9106650924832742,0.981492718446602,0.9570000000000001,1.134617756174259,1.1300895286624262,1.0995660500096163,0
6.269096283706261,91.77,6.261491684321042,93.77,6.280395838960195,93.31,Students With Disabilities: Students With Disabilities,250011: Cheshire School District,0.7969303423848877,0.9483211974110033,0.9331,0.20570502667979937,0.20699110071608015,0.19406408066896574,0
6.133398042996649,92.1,6.154858094016418,94.31,6.137727054086234,93.71,Free/Reduced Lunch: Free Meal Eligible,250011: Cheshire School District,0.8099173553719003,0.9537823624595471,0.9370999999999999,0.14435137509140059,0.15925699487870448,0.13068581248231897,0
5.043425116919247,94.2,5.187385805840755,96.28,4.9344739331306915,95.57,Free/Reduced Lunch: Reduced Price Meal Eligible,250011: Cheshire School District,0.8925619834710745,0.9737055016181231,0.9557,-0.3484613452330063,-0.27382815649411185,-0.40383965546577616,1
6.421622267806518,92.63,6.47543271670409,94.84,6.398594934535208,94.13,Free/Reduced Lunch: Free/Reduced Price Meal Eligible,250011: Cheshire School District,0.8307752853207395,0.9591423948220066,0.9413,0.27466705623691395,0.30276095947780823,0.24657209064038518,0
4.574710978503383,94.84,4.356708826689592,95.94,4.07753744390572,95.4,English Learners: English Learners,250011: Cheshire School District,0.9177489177489178,0.9702669902912623,0.9540000000000001,-0.5603824710526301,-0.6456774276871646,-0.784519638694093,1
6.269096283706261,94.85,6.269096283706261,97.47,6.2285110035911835,96.32,Race/Ethnicity: All other races,250011: Cheshire School District,0.9181424635970088,0.985740291262136,0.9632,0.20570502667979937,0.21039526961696695,0.17101509336776805,0
4.912654885736052,94.2,4.859812404361672,94.99,4.795790545596741,95.36,Race/Ethnicity: Black or African American,250011: Cheshire School District,0.8925619834710745,0.9606593851132686,0.9536,-0.40758688112935865,-0.42046509679634236,-0.4654474762369725,1
5.7430031878094825,93.58,5.5909869805108565,96.5,5.521460917862246,94.59,Race/Ethnicity: Hispanic/Latino of any race,250011: Cheshire School District,0.8681621408894133,0.9759304207119742,0.9459000000000001,-0.03215901886656639,-0.09315768359007519,-0.1430803129561063,1
8.054204897064407,94.76,8.0702808933939,97.11,8.078688229229872,95.7,Race/Ethnicity: White,250011: Cheshire School District,0.9146005509641872,0.982099514563107,0.9570000000000001,1.0128115251774383,1.016688451210735,0.9929259865105654,0
8.020270472819238,95.4,8.0106915391303,97.83,8.03689677268507,96.25,High Needs: Students Without High Needs,250011: Cheshire School District,0.9397874852420309,0.9893810679611652,0.9625,0.9974686524098658,0.9900135119624769,0.9743608172400275,0
6.947937068614969,92.59,6.9726062513017535,94.8,6.915723448631314,93.98,High Needs: Students With High Needs,250011: Cheshire School District,0.8292011019283745,0.95873786407767,0.9398000000000001,0.5126313418883472,0.5253187299911193,0.4762979531147843,0
5.3706380281276624,95.63,5.342334251964811,97.42,5.241747015059643,97.23,: All Students,260011: Chester School District,0.9488390397481301,0.9852346278317153,0.9723,-0.2005175926498923,-0.20446609613870959,-0.26733862750626136,1
3.4011973816621555,95.45,3.2188758248682006,96.87,3.258096538021482,96.33,Students With Disabilities: Students With Disabilities,260011: Chester School District,0.941755214482487,0.9796723300970875,0.9633,-1.0909666848076205,-1.1550238801421728,-1.1485428238787228,1
4.007333185232471,94.57,3.9889840465642745,96.29,3.784189633918261,96.19,Free/Reduced Lunch: Free/Reduced Price Meal Eligible,260011: Chester School District,0.9071231798504522,0.9738066343042073,0.9619,-0.8169126903487752,-0.8102879741705309,-0.9148345929412707,1
5.2574953720277815,95.74,5.209486152841421,97.64,5.111987788356544,97.17,Race/Ethnicity: White,260011: Chester School District,0.9531680440771346,0.9874595469255665,0.9717,-0.2516731202811829,-0.26393502338512764,-0.3249820361674217,1
4.983606621708336,96.07,4.890349128221754,97.96,4.867534450455582,97.64,High Needs: Students Without High Needs,260011: Chester School District,0.9661550570641477,0.990695792880259,0.9764,-0.375507260452838,-0.40679545288301494,-0.43357642296545357,1
4.219507705176107,94.8,4.204692619390966,96.41,4.0943445622221,96.33,High Needs: Students With High Needs,260011: Chester School District,0.9161747343565523,0.9750202265372169,0.9633,-0.7209815898091981,-0.7137268829053519,-0.7770533519864483,1
7.309212365692763,93.9,7.346010209913293,95.36,7.393263094763838,94.54,: All Students,270011: Clinton School District,0.8807556080283354,0.964401294498382,0.9454000000000001,0.6759758229110553,0.692471538309206,0.6884371101776365,0
5.313205979041787,91.03,5.342334251964811,93.71,5.389071729816501,93.26,Students With Disabilities: Students With Disabilities,270011: Clinton School District,0.7678079496261314,0.9477144012944985,0.9326000000000001,-0.22648451684283796,-0.20446609613870959,-0.2018920388174306,1
5.993961427306569,92.43,6.061456918928017,92.73,6.12029741895095,93.58,Free/Reduced Lunch: Free Meal Eligible,270011: Clinton School District,0.8229043683589139,0.9378033980582526,0.9358,0.08130748083766651,0.11744632748704648,0.12294298288595479,0
4.844187086458591,93.9,4.969813299576001,95.35,4.812184355372417,94.1,Free/Reduced Lunch: Reduced Price Meal Eligible,270011: Clinton School District,0.8807556080283354,0.9643001618122978,0.941,-0.4385434320759782,-0.3712236302062492,-0.45816479507107105,1
6.267200548541362,92.78,6.349138991379798,93.39,6.3578422665081,93.69,Free/Reduced Lunch: Free/Reduced Price Meal Eligible,270011: Clinton School District,0.8366784730421095,0.944478155339806,0.9369,0.20484790226755306,0.2462260717936898,0.22846838613469955,0
4.844187086458591,94.03,4.672828834461906,92.92,4.624972813284271,94.77,English Learners: English Learners,270011: Clinton School District,0.885871704053522,0.9397249190938513,0.9477,-0.4385434320759782,-0.5041675538734038,-0.5413304527345912,1
5.783825182329737,94.03,5.7745515455444085,94.27,5.703782474656201,95.16,Race/Ethnicity: Hispanic/Latino of any race,270011: Clinton School District,0.885871704053522,0.9533778317152104,0.9516,-0.013702048342542386,-0.010985730547212936,-0.062086951073179006,1
6.98933526597456,93.83,7.046647277848756,95.62,7.1284959456800365,94.48,Race/Ethnicity: White,270011: Clinton School District,0.8780007870916959,0.9670307443365698,0.9448000000000001,0.5313488327261499,0.5584629032990425,0.5708186458690524,0
6.714170529909472,94.83,6.733401891837359,96.64,6.813444599510896,95.16,High Needs: Students Without High Needs,270011: Clinton School District,0.9173553719008263,0.9773462783171523,0.9516,0.40693777730149994,0.4182398425709713,0.4308622515694032,0
6.486160788944089,92.72,6.543911845564792,93.82,6.573680166960646,93.73,High Needs: Students With High Needs,270011: Clinton School District,0.8343171979535615,0.948826860841424,0.9373,0.30384705090153563,0.33341537123821074,0.3243508340843975,0
7.669495251007694,93.18,7.647308832356238,95.06,7.687538766201629,95.23,: All Students,280011: Colchester School District,0.8524203069657617,0.9613673139158577,0.9523,0.8388716018340715,0.8273466774774624,0.8191642516589817,0
5.717027701406222,91.45,5.7430031878094825,92.9,5.768320995793772,93.43,Students With Disabilities: Students With Disabilities,280011: Colchester School District,0.7843368752459661,0.939522653721683,0.9343000000000001,-0.04390339325411103,-0.025108228371888,-0.033416771365402616,1
6.016157159698354,91.28,5.945420608606575,90.89,6.035481432524756,93.24,Free/Reduced Lunch: Free Meal Eligible,280011: Colchester School District,0.777646595828414,0.9191949838187703,0.9324,0.09134290373477717,0.06550313114488915,0.0852648717351293,0
4.584967478670572,91.53,4.727387818712341,93.5,4.727387818712341,93.82,Free/Reduced Lunch: Reduced Price Meal Eligible,280011: Colchester School District,0.7874852420306966,0.9455906148867315,0.9381999999999999,-0.555745168944044,-0.4797444399076253,-0.4958342659822375,1
6.2285110035911835,91.33,6.202535517187923,91.49,6.272877006546167,93.36,Free/Reduced Lunch: Free/Reduced Price Meal Eligible,280011: Colchester School District,0.7796143250688705,0.9252629449838189,0.9336,0.18735508254805008,0.18059960518771215,0.19072396266342106,0
3.58351893845611,92.26,0.0,0.0,0.0,0.0,English Learners: English Learners,280011: Colchester School District,0.8162140889413618,0.0,0.0,-1.0085330938185642,-2.595940938854069,-2.595898784379362,1
5.075173815233827,93.76,5.0238805208462765,94.9,4.955827057601261,96.56,Race/Ethnicity: All other races,280011: Colchester School District,0.8752459661550573,0.9597491909385115,0.9656,-0.3341067112702395,-0.34702065199764404,-0.3943538800698886,1
3.5263605246161616,92.84,3.6375861597263857,92.09,3.6109179126442243,95.17,Race/Ethnicity: Black or African American,280011: Colchester School District,0.8390397481306571,0.9313309061488675,0.9517,-1.0343762984890374,-0.9675898513129207,-0.991807713794367,1
5.209486152841421,92.09,5.123963979403259,92.9,5.0689042022202315,94.61,Race/Ethnicity: Hispanic/Latino of any race,280011: Colchester School District,0.8095238095238098,0.939522653721683,0.9461,-0.273379672198052,-0.30221868678497676,-0.3441212128205485,1
7.477604243197589,93.24,7.461640392208575,95.34,7.520776415062797,95.18,Race/Ethnicity: White,280011: Colchester School District,0.8547815820543092,0.9641990291262138,0.9518000000000001,0.7521113463247758,0.7442329330433631,0.7450828117473023,0
7.2485040723706105,94.09,7.2305631534092925,96.45,7.282073658093465,96.09,High Needs: Students Without High Needs,280011: Colchester School District,0.88823297914207,0.9754247572815535,0.9609000000000001,0.6485276006088644,0.6407921191127537,0.639043026229682,0
6.5722825426940075,91.52,6.551080335043404,92.35,6.590301048196686,93.49,High Needs: Students With High Needs,280011: Colchester School District,0.7870916961826051,0.9339603559870551,0.9349,0.34278553710535925,0.33662431726064773,0.33173438802303085,0
4.330733340286331,92.41,4.3694478524670215,96.21,4.30406509320417,96.83,: All Students,290011: Colebrook School District,0.8221172766627309,0.972997572815534,0.9683,-0.6706928106137899,-0.6399748530764088,-0.6838884451109184,1
3.044522437723423,91.42,3.1780538303479458,96.02,0.0,0.0,Free/Reduced Lunch: Free/Reduced Price Meal Eligible,290011: Colebrook School District,0.7831562377016921,0.9710760517799354,0.0,-1.2522311944010631,-1.1732976848725207,-2.595898784379362,1
4.276666119016055,92.36,4.290459441148391,96.14,4.219507705176107,96.89,Race/Ethnicity: White,290011: Colebrook School District,0.8201495474222744,0.9722896440129452,0.9689,-0.6951383851387246,-0.6753337036509652,-0.7214516781638906,1
3.8066624897703196,92.65,3.6635616461296463,96.18,3.784189633918261,96.98,High Needs: Students Without High Needs,290011: Colebrook School District,0.8315623770169225,0.9726941747572817,0.9698000000000001,-0.9076425323054834,-0.9559620273448031,-0.9148345929412707,1
3.4657359027997265,92.07,3.6375861597263857,96.28,3.4339872044851463,96.61,High Needs: Students With High Needs,290011: Colebrook School District,0.8087367178276264,0.9737055016181231,0.9661000000000001,-1.0617866901429989,-0.9675898513129207,-1.0704062795707971,1
6.025865973825314,94.96,5.991464547107982,95.49,5.968707559985366,95.63,: All Students,300011: Columbia School District,0.9224714679260129,0.9657160194174758,0.9562999999999999,0.09573257891528858,0.08611451848838027,0.05560167382255733,0
3.784189633918261,94.78,3.7376696182833684,93.23,3.871201010907891,93.73,Students With Disabilities: Students With Disabilities,300011: Columbia School District,0.9153876426603698,0.9428600323624597,0.9373,-0.917803251861856,-0.9227878861002532,-0.8761812155328205,1
4.51085950651685,94.37,4.532599493153256,93.09,4.5217885770490405,94.98,Free/Reduced Lunch: Free/Reduced Price Meal Eligible,300011: Columbia School District,0.8992522628886266,0.9414441747572817,0.9498000000000001,-0.5892518281289052,-0.5669406650516952,-0.5871683576591205,1
3.6888794541139363,95.06,3.4339872044851463,94.63,3.4011973816621555,96.66,Race/Ethnicity: Hispanic/Latino of any race,300011: Columbia School District,0.9264069264069263,0.9570186084142396,0.9666,-0.9608961286299181,-1.0587301200603285,-1.0849726206698964,1
5.8664680569332965,95.04,5.8377304471659395,95.84,5.84354441703136,95.57,Race/Ethnicity: White,300011: Columbia School District,0.9256198347107438,0.9692556634304209,0.9557,0.02366352182384604,0.017296055408563143,0.0,0
5.66988092298052,95.15,5.583496308781699,96.35,5.5909869805108565,95.93,High Needs: Students Without High Needs,300011: Columbia School District,0.9299488390397483,0.974413430420712,0.9593,-0.0652200072493952,-0.09651085322537661,-0.11219449971813655,1
4.804021044733257,94.56,4.795790545596741,93.38,4.820281565605037,94.98,High Needs: Students With High Needs,300011: Columbia School District,0.9067296340023612,0.9443770226537218,0.9498000000000001,-0.45670382470018916,-0.4491242291903699,-0.4545677422039003,1
4.663439094112067,93.84,4.77912349311153,96.8,4.51085950651685,95.53,: All Students,310011: Cornwall School District,0.8783943329397874,0.9789644012944985,0.9553,-0.5202655626632294,-0.4565851694536903,-0.5920234180273145,1
3.4965075614664802,94.41,3.044522437723423,97.29,0.0,0.0,Free/Reduced Lunch: Free/Reduced Price Meal Eligible,310011: Cornwall School District,0.9008264462809916,0.9839199029126215,0.0,-1.0478738080395582,-1.2330724857578916,-2.595898784379362,1
4.477336814478207,93.66,4.584967478670572,96.64,4.23410650459726,95.41,Race/Ethnicity: White,310011: Cornwall School District,0.8713105076741439,0.9773462783171523,0.9541,-0.6044085431820163,-0.5434983430213423,-0.7149664009132692,1
4.127134385045092,93.4,4.343805421853684,96.53,4.060443010546419,95.73,High Needs: Students Without High Needs,310011: Cornwall School District,0.8610783156237702,0.9762338187702266,0.9573,-0.7627466154259264,-0.6514535859346753,-0.792113560398141,1
3.7612001156935624,94.47,3.4339872044851463,97.15,3.5263605246161616,95.2,High Needs: Students With High Needs,310011: Cornwall School District,0.9031877213695392,0.9825040453074435,0.9520000000000001,-0.9281975715226516,-1.0587301200603285,-1.029370946847339,1
7.346010209913293,92.95,7.336285660021297,95.12,7.365812837209472,94.34,: All Students,320011: Coventry School District,0.8433687524596616,0.9619741100323627,0.9434,0.6926133423195927,0.6881183819310022,0.6762427833905257,0
5.332718793265369,89.36,5.327876168789581,91.26,5.407171771460119,92.41,Students With Disabilities: Students With Disabilities,320011: Coventry School District,0.7020857929948838,0.9229368932038836,0.9241,-0.21766212976455088,-0.21093820000879812,-0.19385139212311603,1
5.560681631015528,88.79,5.713732805509369,91.15,5.796057750765372,91.93,Free/Reduced Lunch: Free Meal Eligible,320011: Coventry School District,0.6796536796536801,0.9218244336569581,0.9193000000000001,-0.11459260985562299,-0.03821099948390488,-0.021095172798691834,1
4.51085950651685,92.88,4.532599493153256,94.2,4.290459441148391,93.83,Free/Reduced Lunch: Reduced Price Meal Eligible,320011: Coventry School District,0.8406139315230221,0.9526699029126215,0.9383,-0.5892518281289052,-0.5669406650516952,-0.6899325329301788,1
5.857933154483459,89.86,5.978885764901122,91.86,5.993961427306569,92.28,Free/Reduced Lunch: Free/Reduced Price Meal Eligible,320011: Coventry School District,0.721763085399449,0.9290048543689321,0.9228000000000001,0.019804610842318406,0.08048367627953924,0.06682029026516048,0
4.672828834461906,90.55,4.718498871295094,93.1,4.727387818712341,92.95,Race/Ethnicity: Hispanic/Latino of any race,320011: Coventry School District,0.7489177489177488,0.9415453074433657,0.9295,-0.5160201512642536,-0.48372354213597174,-0.4958342659822375,1
7.203405521083095,93.3,7.192182058713246,95.5,7.222566018822171,94.58,Race/Ethnicity: White,320011: Coventry School District,0.8571428571428568,0.96581715210356,0.9458,0.6281370576779733,0.6236109735549454,0.612607733294215,0
6.960347729101308,94.23,6.912742820493176,96.59,6.960347729101308,95.18,High Needs: Students Without High Needs,320011: Coventry School District,0.8937426210153485,0.9768406148867316,0.9518000000000001,0.5182426109473925,0.49852110145922957,0.496121557961226,0
6.184148890937483,90.28,6.246106765481563,92.2,6.269096283706261,92.62,High Needs: Students With High Needs,320011: Coventry School District,0.7382920110192837,0.932443365695793,0.9262,0.16729750782012948,0.2001041025189343,0.18904443853837416,0
7.535830462798367,94.45,7.5678626054638825,95.81,7.562161631225652,97.33,: All Students,330011: Cromwell School District,0.9024006296733571,0.9689522653721684,0.9733,0.7784373412088252,0.791782887568239,0.7634675153897209,0
5.356586274672012,92.87,5.318119993844216,93.67,5.3230099791384085,96.43,Students With Disabilities: Students With Disabilities,330011: Cromwell School District,0.8402203856749311,0.9473098705501619,0.9643,-0.20687085398338992,-0.21530551321732486,-0.2312388882705495,1
5.945420608606575,92.65,6.016157159698354,92.97,6.052089168924417,96.55,Free/Reduced Lunch: Free Meal Eligible,330011: Cromwell School District,0.8315623770169225,0.9402305825242719,0.9655,0.05936057524212405,0.09716806905741728,0.0926425862957511,0
4.663439094112067,92.67,4.804021044733257,94.59,4.634728988229636,97.45,Free/Reduced Lunch: Reduced Price Meal Eligible,330011: Cromwell School District,0.832349468713105,0.956614077669903,0.9745,-0.5202655626632294,-0.4454398787361226,-0.5369964319976133,1
6.18826412308259,92.65,6.274762021241939,93.34,6.267200548541362,96.73,Free/Reduced Lunch: Free/Reduced Price Meal Eligible,330011: Cromwell School District,0.8315623770169225,0.9439724919093853,0.9673,0.16915814004289012,0.21293151466322505,0.18820228927777755,0
4.605170185988092,91.97,4.624972813284271,92.39,4.59511985013459,96.96,English Learners: English Learners,330011: Cromwell School District,0.8048012593467138,0.9343648867313917,0.9695999999999999,-0.546610858436998,-0.5255901128749632,-0.5545921420826715,1
5.303304908059076,94.29,5.313205979041787,95.75,5.303304908059076,97.59,Race/Ethnicity: All other races,330011: Cromwell School District,0.8961038961038961,0.9683454692556636,0.9759000000000001,-0.23096111769078287,-0.21750525254895084,-0.23999254297228534,1
4.844187086458591,94.38,4.969813299576001,93.58,5.0238805208462765,96.62,Race/Ethnicity: Black or African American,330011: Cromwell School District,0.8996458087367176,0.9463996763754047,0.9662000000000001,-0.4385434320759782,-0.3712236302062492,-0.3641222449691686,1
5.541263545158426,93.1,5.493061443340548,93.56,5.37989735354046,96.51,Race/Ethnicity: Hispanic/Latino of any race,330011: Cromwell School District,0.8492719401810307,0.9461974110032364,0.9651000000000001,-0.12337216711414124,-0.13699366381090294,-0.20596760503594033,1
7.165493475060845,94.75,7.206377291472252,96.45,7.213031659834869,97.51,Race/Ethnicity: White,330011: Cromwell School District,0.9142070051160958,0.9754247572815535,0.9751000000000001,0.6109957708750733,0.6299654134736323,0.6083722506592517,0
7.106606137727303,95.32,7.113142108707088,97.06,7.123672785204607,97.67,High Needs: Students Without High Needs,330011: Cromwell School District,0.9366391184573,0.9815938511326863,0.9767,0.5843708628524098,0.5882290518903308,0.568676035918396,0
6.480044561926653,92.86,6.542471960506805,93.62,6.52795791762255,96.7,High Needs: Students With High Needs,330011: Cromwell School District,0.8398268398268396,0.9468042071197412,0.9670000000000001,0.3010817028800656,0.33277081237495504,0.3040394745728788,0
9.374497958142467,91.66,9.346268889200427,92.76,9.368966735258603,94.9,: All Students,340011: Danbury School District,0.7926013380558832,0.938106796116505,0.9490000000000001,1.6097595772698,1.587879441451718,1.5661110547285257,0
3.258096538021482,88.91,0.0,0.0,3.4965075614664802,90.52,Homelessness: Students Experiencing Homelessness,340011: Danbury School District,0.6843762298307752,0.0,0.9052,-1.1556672974082218,-2.595940938854069,-1.0426326361954195,1
7.267525427828172,89.94,7.269616749608169,90.25,7.305188215393037,92.74,Students With Disabilities: Students With Disabilities,340011: Danbury School District,0.7249114521841795,0.9127224919093853,0.9274,0.6571277829648001,0.6582743073140683,0.6493112892757443,0
8.452334619067742,90.92,8.494129251817686,91.11,8.591372589590488,94.18,Free/Reduced Lunch: Free Meal Eligible,340011: Danbury School District,0.7634789452971269,0.9214199029126214,0.9418000000000001,1.1928191076121328,1.2064224960103271,1.2206776065635447,0
7.067319848653476,92.48,7.123672785204607,93.23,6.8690144506657065,95.49,Free/Reduced Lunch: Reduced Price Meal Eligible,340011: Danbury School District,0.8248720975993704,0.9428600323624597,0.9549,0.5666082354267917,0.5929430676618692,0.4555482467062725,0
8.675563527387679,91.23,8.72029728739272,91.54,8.75557997214314,94.38,Free/Reduced Lunch: Free/Reduced Price Meal Eligible,340011: Danbury School District,0.7756788665879575,0.9257686084142397,0.9438,1.2937482618436058,1.3076657244932928,1.2936240435773831,0
8.17244681834278,91.14,8.049746290952191,91.6,8.150179269682326,95.02,English Learners: English Learners,340011: Danbury School District,0.7721369539551359,0.9263754045307444,0.9501999999999999,1.066272598831153,1.0074962174738724,1.0246847089160367,0
6.900730664045173,92.27,6.9167150203536085,94.16,6.913737350659685,95.03,Race/Ethnicity: All other races,340011: Danbury School District,0.8166076347894529,0.9522653721682849,0.9503,0.4912877689461292,0.5002992410492351,0.47541566165907384,0
6.666956792429207,91.09,6.734591659972948,92.3,6.748759547491679,93.25,Race/Ethnicity: Black or African American,340011: Danbury School District,0.7701692247146794,0.9334546925566344,0.9325,0.38559088890853105,0.4187724375810793,0.40212697792028046,0
8.879472402074802,91.37,8.710784340468424,91.94,8.687273461787838,95.02,Race/Ethnicity: Hispanic/Latino of any race,340011: Danbury School District,0.781188508461236,0.9298139158576053,0.9501999999999999,1.3859421914621048,1.3034072913484227,1.263279996447404,0
7.946263643580541,92.32,8.172164452111904,93.86,8.277920258172143,95.06,Race/Ethnicity: White,340011: Danbury School District,0.8185753640299089,0.9492313915857606,0.9506,0.9640077232738,1.062296224155831,1.0814315483461707,0
8.107418811719974,93.47,8.134467570277563,95.45,8.1786387885907,95.91,High Needs: Students Without High Needs,340011: Danbury School District,0.8638331365604093,0.9653114886731393,0.9591,1.0368712916295257,1.0454213637851073,1.0373273835097212,0
8.962263554116761,90.98,8.95828281049733,91.65,9.006509131694346,94.45,High Needs: Students With High Needs,340011: Danbury School District,0.7658402203856749,0.9268810679611652,0.9445,1.4233748027503714,1.4141990046274986,1.405095207952519,0
8.450198322591959,95.53,8.441175704992322,97.08,8.450198322591959,96.21,: All Students,350011: Darien School District,0.9449035812672175,0.9817961165048544,0.9621,1.1918532174946244,1.1827180497715257,1.1579632534358404,0
6.709304340258298,94.65,6.625392368007956,96.52,6.699500340161678,95.74,Students With Disabilities: Students With Disabilities,350011: Darien School District,0.9102715466351832,0.9761326860841425,0.9573999999999999,0.40473761241461625,0.36988980552177625,0.3802443828201644,0
3.871201010907891,94.46,3.4965075614664802,95.99,4.3694478524670215,96.91,Free/Reduced Lunch: Free Meal Eligible,350011: Darien School District,0.9027941755214477,0.9707726537216829,0.9691,-0.8784625376408616,-1.0307431290135862,-0.6548432264598674,1
3.4965075614664802,96.17,3.367295829986474,97.01,3.6888794541139363,96.71,Free/Reduced Lunch: Reduced Price Meal Eligible,350011: Darien School District,0.9700905155450608,0.9810881877022656,0.9671,-1.0478738080395582,-1.0885842506364947,-0.9571745774157477,1
4.382026634673881,95.16,4.110873864173311,96.44,4.770684624465665,96.84,Free/Reduced Lunch: Free/Reduced Price Meal Eligible,350011: Darien School District,0.9303423848878389,0.9753236245954694,0.9684,-0.6475014199500789,-0.755724478393761,-0.47660037001064454,1
3.9512437185814275,94.54,3.970291913552122,97.31,4.189654742026425,95.68,English Learners: English Learners,350011: Darien School District,0.9059425423061787,0.9841221682847898,0.9568000000000001,-0.8422725887283823,-0.818655433739129,-0.7347133675119711,1
6.126869184114185,96.43,6.054439346269371,97.84,6.016157159698354,96.62,Race/Ethnicity: All other races,350011: Darien School District,0.9803227075954348,0.9894822006472493,0.9662000000000001,0.14139946259017908,0.11430493878342744,0.07668038041289894,0
3.6375861597263857,95.47,3.7612001156935624,97.47,3.9318256327243257,97.62,Race/Ethnicity: Black or African American,350011: Darien School District,0.9425423061786695,0.985740291262136,0.9762000000000001,-0.9840875192936294,-0.9122545518049755,-0.8492497214180396,1
5.746203190540153,95.08,5.700443573390687,96.69,5.572154032177765,95.94,Race/Ethnicity: Hispanic/Latino of any race,350011: Darien School District,0.9271940181031089,0.977851941747573,0.9594,-0.03071219205736981,-0.04415987179176251,-0.12056072819099013,1
8.261009786023827,95.46,8.260751354700513,97.03,8.282735880201754,96.16,Race/Ethnicity: White,350011: Darien School District,0.942148760330578,0.9812904530744337,0.9616,1.1063148383939,1.1019518014639749,1.0835708094658882,0
8.229511118964457,95.71,8.233503140233994,97.2,8.22817689595132,96.31,High Needs: Students Without High Needs,350011: Darien School District,0.9519874065328606,0.9830097087378642,0.9631000000000001,1.092073251810658,1.0897542458015548,1.0593338753750157,0
6.802394763324311,94.77,6.720220155135295,96.57,6.837332814685591,95.79,High Needs: Students With High Needs,350011: Darien School District,0.9149940968122783,0.9766383495145632,0.9579000000000001,0.446826863926955,0.4123390901620987,0.4414741994399881,0
5.332718793265369,95.65,5.375278407684165,98.03,5.4680601411351315,96.14,: All Students,360011: Deep River School District,0.9496261314443135,0.9914037216828481,0.9614,-0.21766212976455088,-0.1897187748552542,-0.16680273234711926,1
3.6375861597263857,94.69,3.4657359027997265,97.03,3.58351893845611,95.87,Students With Disabilities: Students With Disabilities,360011: Deep River School District,0.9118457300275478,0.9812904530744337,0.9587000000000001,-0.9840875192936294,-1.0445179405658773,-1.0039792587869694,1
4.276666119016055,94.7,4.382026634673881,96.79,4.48863636973214,96.07,Free/Reduced Lunch: Free/Reduced Price Meal Eligible,360011: Deep River School District,0.9122392758756397,0.9788632686084144,0.9607,-0.6951383851387246,-0.6343440108675679,-0.6018956821272308,1
5.187385805840755,95.74,5.209486152841421,98.06,5.2832037287379885,96.02,Race/Ethnicity: White,360011: Deep River School District,0.9531680440771346,0.9917071197411005,0.9601999999999999,-0.28337196821287824,-0.26393502338512764,-0.24892216226500746,1
4.68213122712422,96.27,4.74493212836325,98.88,4.882801922586371,96.17,High Needs: Students Without High Needs,360011: Deep River School District,0.9740259740259738,1.0,0.9617,-0.5118142326365874,-0.4718907989364473,-0.4267940988285227,1
4.553876891600541,94.95,4.553876891600541,96.99,4.663439094112067,96.11,High Needs: Students With High Needs,360011: Deep River School District,0.9220779220779218,0.9808859223300972,0.9611000000000001,-0.5698022491007093,-0.557415921614611,-0.5242424382498482,1
7.109062135687172,89.79,7.114769448366463,91.82,7.121252453244542,94.39,: All Students,370011: Derby School District,0.71900826446281,0.9286003236245955,0.9439000000000001,0.5854813005584824,0.5889575240660502,0.5676008431339249,0
5.4638318050256105,88.2,5.488937726156687,89.42,5.54907608489522,92.98,Students With Disabilities: Students With Disabilities,370011: Derby School District,0.6564344746162929,0.9043284789644014,0.9298000000000001,-0.1583816114602804,-0.13883962953273155,-0.13081272783732176,1
6.135564891081739,87.61,6.359573868672378,89.95,6.507277712385012,93.42,Free/Reduced Lunch: Free Meal Eligible,370011: Derby School District,0.6332152695789057,0.909688511326861,0.9342,0.1453310785994372,0.2508972034292382,0.29485263251168425,0
4.290459441148391,90.86,4.51085950651685,93.67,4.663439094112067,95.39,Free/Reduced Lunch: Reduced Price Meal Eligible,370011: Derby School District,0.7611176702085793,0.9473098705501619,0.9539,-0.6889019691326774,-0.5766724842658922,-0.5242424382498482,1
6.280395838960195,88.04,6.504288173536645,90.45,6.652863029353347,93.68,Free/Reduced Lunch: Free/Reduced Price Meal Eligible,370011: Derby School District,0.6501377410468323,0.9147451456310681,0.9368000000000001,0.21081392840563135,0.31567799084190434,0.3595265222557414,0
3.7612001156935624,89.68,3.713572066704308,93.25,3.4011973816621555,96.4,English Learners: English Learners,370011: Derby School District,0.7146792601338059,0.9430622977346279,0.9640000000000001,-0.9281975715226516,-0.9335750599561692,-1.0849726206698964,1
4.653960350157523,89.69,4.672828834461906,90.83,4.672828834461906,95.05,Race/Ethnicity: All other races,370011: Derby School District,0.7150728059818969,0.9185881877022655,0.9505,-0.5245512155283039,-0.5041675538734038,-0.5200712000731104,1
5.476463551931511,89.72,5.459585514144159,90.66,5.517452896464707,93.87,Race/Ethnicity: Black or African American,370011: Derby School District,0.7162534435261705,0.916868932038835,0.9387000000000001,-0.15267038193685628,-0.1519790313925443,-0.14486081073812243,1
6.206575926724928,89.14,6.163314804034641,91.3,6.082218910376446,94.38,Race/Ethnicity: Hispanic/Latino of any race,370011: Derby School District,0.6934277843368752,0.9233414239482202,0.9438,0.177437510613592,0.16304260774133708,0.10602722986601786,0
5.955837369464831,90.68,6.030685260261263,93.31,6.102558594613569,94.51,Race/Ethnicity: White,370011: Derby School District,0.7540338449429362,0.9436690938511328,0.9451,0.06407033649647034,0.10367151593475533,0.11506280105666701,0
6.234410725718371,91.75,6.035481432524756,94.01,5.934894195619588,95.97,High Needs: Students Without High Needs,370011: Derby School District,0.7961432506887052,0.9507483818770228,0.9597,0.1900225415656982,0.10581850351892876,0.040580641177187064,0
6.498282149476434,88.4,6.638567789166521,90.69,6.7580945044277305,93.72,High Needs: Students With High Needs,370011: Derby School District,0.664305391578119,0.9171723300970874,0.9372,0.30932751790678087,0.3757877308025275,0.4062738794637858,0
4.844187086458591,93.87,4.852030263919617,95.43,4.867534450455582,95.54,: All Students,390011: Eastford School District,0.8795749704840614,0.965109223300971,0.9554,-0.4385434320759782,-0.4239487412506009,-0.43357642296545357,1
3.4657359027997265,92.77,3.6375861597263857,92.67,3.8501476017100584,95.28,Free/Reduced Lunch: Free Meal Eligible,390011: Eastford School District,0.836284927194018,0.9371966019417477,0.9528,-1.0617866901429989,-0.9675898513129207,-0.8855338473335487,1
3.4657359027997265,92.77,3.6375861597263857,92.67,3.8501476017100584,95.28,Free/Reduced Lunch: Free/Reduced Price Meal Eligible,390011: Eastford School District,0.836284927194018,0.9371966019417477,0.9528,-1.0617866901429989,-0.9675898513129207,-0.8855338473335487,1
4.672828834461906,93.78,4.624972813284271,95.88,0.0,0.0,Race/Ethnicity: White,390011: Eastford School District,0.8760330578512394,0.9696601941747574,0.0,-0.5160201512642536,-0.5255901128749632,-2.595898784379362,1
4.356708826689592,94.87,4.276666119016055,96.52,4.204692619390966,96.07,High Needs: Students Without High Needs,390011: Eastford School District,0.9189295552931918,0.9761326860841425,0.9607,-0.6589484362262453,-0.6815082298638876,-0.7280330370850334,1
3.828641396489095,92.71,3.9889840465642745,93.86,4.1588830833596715,94.99,High Needs: Students With High Needs,390011: Eastford School District,0.83392365210547,0.9492313915857606,0.9499,-0.8977051434486644,-0.8102879741705309,-0.7483831722786719,1
6.733401891837359,93.01,6.710523109452428,92.03,6.71901315438526,95.8,: All Students,400011: East Granby School District,0.8457300275482096,0.9307241100323626,0.958,0.4156329105112144,0.4079982459345572,0.3889126305663753,0
4.795790545596741,88.5,4.795790545596741,83.48,4.787491742782046,94.11,Students With Disabilities: Students With Disabilities,400011: East Granby School District,0.668240850059032,0.8442556634304209,0.9411,-0.46042510490087357,-0.4491242291903699,-0.4691340833029998,1
4.787491742782046,88.46,4.61512051684126,90.14,4.875197323201151,94.21,Free/Reduced Lunch: Free/Reduced Price Meal Eligible,400011: East Granby School District,0.6666666666666665,0.9116100323624596,0.9420999999999999,-0.46417726744794174,-0.5300004544925379,-0.43017231740460604,1
4.59511985013459,93.35,4.465908118654584,92.81,4.553876891600541,95.91,Race/Ethnicity: All other races,400011: East Granby School District,0.8591105863833133,0.9386124595469257,0.9591,-0.5511549468575818,-0.5967947956278616,-0.5729136501062447,1
4.23410650459726,90.18,4.30406509320417,86.47,4.23410650459726,94.71,Race/Ethnicity: Black or African American,400011: East Granby School District,0.7343565525383711,0.8744943365695794,0.9470999999999999,-0.7143809909465271,-0.6692431872071153,-0.7149664009132692,1
4.060443010546419,87.57,4.04305126783455,89.92,4.007333185232471,95.09,Race/Ethnicity: Hispanic/Latino of any race,400011: East Granby School District,0.6316410861865402,0.9093851132686086,0.9509000000000001,-0.7928999861221547,-0.7860849959619257,-0.8157067293948981,1
6.424869023905388,93.79,6.406879986069314,92.77,6.416732282512326,95.96,Race/Ethnicity: White,400011: East Granby School District,0.8764266036993309,0.9382079288025891,0.9596,0.2761350217863634,0.27207360017373344,0.2546293100616053,0
6.401917196727186,94.33,6.410174881966167,93.59,6.395261598115449,96.28,High Needs: Students Without High Needs,400011: East Granby School District,0.8976780794962611,0.9465008090614888,0.9628,0.2657577434911938,0.2735485473176326,0.24509131059621225,0
5.407171771460119,89.51,5.342334251964811,87.47,5.438079308923196,94.54,High Needs: Students With High Needs,400011: East Granby School District,0.7079889807162534,0.8846076051779936,0.9454000000000001,-0.18399948196608348,-0.20446609613870959,-0.18012122542929968,1
6.858565034791365,93.91,6.838405200847344,96.78,6.8690144506657065,95.59,: All Students,410011: East Haddam School District,0.8811491538764264,0.9787621359223302,0.9559000000000001,0.47222329682979713,0.4652441594212116,0.4555482467062725,0
4.90527477843843,92.92,4.844187086458591,95.2,4.7535901911063645,95.12,Students With Disabilities: Students With Disabilities,410011: East Haddam School District,0.8421881149153876,0.9627831715210358,0.9512,-0.4109236711235068,-0.4274597086855001,-0.48419429171469247,1
5.293304824724492,91.32,5.087596335232384,94.82,5.288267030694535,94.25,Free/Reduced Lunch: Free Meal Eligible,410011: East Haddam School District,0.779220779220779,0.9589401294498382,0.9425,-0.23548248528962987,-0.3184985191618979,-0.24667287339922306,1
3.6888794541139363,93.1,3.713572066704308,95.14,3.8501476017100584,95.25,Free/Reduced Lunch: Reduced Price Meal Eligible,410011: East Haddam School District,0.8492719401810307,0.9621763754045308,0.9525,-0.9608961286299181,-0.9335750599561692,-0.8855338473335487,1
5.472270673671475,91.62,5.308267697401205,94.89,5.497168225293202,94.44,Free/Reduced Lunch: Free/Reduced Price Meal Eligible,410011: East Haddam School District,0.7910271546635186,0.9596480582524273,0.9444,-0.15456612052988136,-0.21971585483489947,-0.1538719432764794,1
4.804021044733257,92.45,3.7376696182833684,96.15,0.0,0.0,Race/Ethnicity: Hispanic/Latino of any race,410011: East Haddam School District,0.8236914600550964,0.9723907766990293,0.0,-0.45670382470018916,-0.9227878861002532,-2.595898784379362,1
6.669498089857879,94.11,6.744059186311348,96.87,6.785587645007929,95.6,Race/Ethnicity: White,410011: East Haddam School District,0.8890200708382525,0.9796723300970875,0.956,0.38673989331865405,0.42301053837993896,0.41848725633192396,0
6.424869023905388,94.75,6.4457198193855785,97.44,6.473890696352274,96.03,High Needs: Students Without High Needs,410011: East Haddam School District,0.9142070051160958,0.9854368932038836,0.9603,0.2761350217863634,0.289460098264328,0.28002099812197484,0
5.771441123130016,92.35,5.659482215759621,95.32,5.752572638825633,94.69,High Needs: Students With High Needs,410011: East Haddam School District,0.8197560015741829,0.9639967637540454,0.9469,-0.019301290082277,-0.06249606186862502,-0.04041272070574022,1
7.446585099157725,94.13,7.473069088032197,95.99,7.492760300922379,95.63,: All Students,420011: East Hampton School District,0.889807162534435,0.9707726537216829,0.9562999999999999,0.7380865679191018,0.7493489436219201,0.732637112450797,0
5.60947179518496,92.65,5.552959584921617,94.09,5.560681631015528,93.97,Students With Disabilities: Students With Disabilities,420011: East Hampton School District,0.8315623770169225,0.9515574433656959,0.9397,-0.09253296694692857,-0.11018049713870404,-0.12565715428200513,1
5.645446897643238,90.3,5.648974238161206,92.2,5.659482215759621,93.5,Free/Reduced Lunch: Free Meal Eligible,420011: East Hampton School District,0.7390791027154662,0.932443365695793,0.935,-0.07626743623304529,-0.06719991656756756,-0.08176661464896194,1
4.2626798770413155,93.04,4.343805421853684,94.8,4.02535169073515,95.27,Free/Reduced Lunch: Reduced Price Meal Eligible,420011: East Hampton School District,0.8469106650924836,0.95873786407767,0.9527,-0.7014620265703444,-0.6514535859346753,-0.80770230379416,1
5.8664680569332965,90.87,5.886104031450156,92.76,5.834810737062605,93.8,Free/Reduced Lunch: Free/Reduced Price Meal Eligible,420011: East Hampton School District,0.7615112160566708,0.938106796116505,0.938,0.02366352182384604,0.03895029949206053,-0.003879794110569668,0
4.394449154672439,95.04,0.0,0.0,0.0,0.0,Race/Ethnicity: All other races,420011: East Hampton School District,0.9256198347107438,0.0,0.0,-0.6418847888142897,-2.595940938854069,-2.595898784379362,1
3.091042453358316,94.58,0.0,0.0,0.0,0.0,Race/Ethnicity: Black or African American,420011: East Hampton School District,0.9075167256985437,0.0,0.0,-1.2311979605416952,-2.595940938854069,-2.595898784379362,1
4.787491742782046,94.02,4.812184355372417,95.65,4.74493212836325,95.54,Race/Ethnicity: Hispanic/Latino of any race,420011: East Hampton School District,0.8854781582054305,0.9673341423948222,0.9554,-0.46417726744794174,-0.4417856049475362,-0.48804049411274814,1
7.309212365692763,94.08,7.3427791893318455,96.01,7.3727463664043285,95.61,Race/Ethnicity: White,420011: East Hampton School District,0.8878394332939785,0.9709749190938514,0.9561000000000001,0.6759758229110553,0.6910251846981446,0.6793228900388002,0
7.074963197966044,95.09,7.119635638017636,96.99,7.162397497355718,96.25,High Needs: Students Without High Needs,420011: East Hampton School District,0.9275875639512003,0.9808859223300972,0.9625,0.5700640458207913,0.5911358546574732,0.585878854280745,0
6.246106765481563,91.95,6.253828811575473,93.57,6.226536669287466,94.0,High Needs: Students With High Needs,420011: East Hampton School District,0.8040141676505312,0.9462985436893204,0.9400000000000001,0.19531070701900374,0.20356084597542673,0.17013802772862588,0
8.720460512725655,91.0,8.740656691541368,91.65,8.784162222270476,93.77,: All Students,430011: East Hartford School District,0.7666273120818574,0.9268810679611652,0.9377,1.3140476701586357,1.316779531405741,1.3063212395025356,0
7.122059881629142,86.98,7.15305163493748,87.18,7.222566018822171,90.47,Students With Disabilities: Students With Disabilities,430011: East Hartford School District,0.608421881149154,0.8816747572815535,0.9047000000000001,0.5913580103211731,0.6060943937920604,0.612607733294215,0
8.114025442356757,89.12,8.070593539949519,89.0,8.210668031162976,92.56,Free/Reduced Lunch: Free Meal Eligible,430011: East Hartford School District,0.6926406926406927,0.9000809061488674,0.9256000000000001,1.0398583673067252,1.0168284062074013,1.0515558493044936,0
6.359573868672378,92.77,6.220590170099739,94.34,6.0844994130751715,95.02,Free/Reduced Lunch: Reduced Price Meal Eligible,430011: East Hartford School District,0.836284927194018,0.9540857605177995,0.9501999999999999,0.2466129278842813,0.18868169930540737,0.10704030579406941,0
8.273336598504486,89.66,8.216358332386156,89.73,8.323122887587735,92.82,Free/Reduced Lunch: Free/Reduced Price Meal Eligible,430011: East Hartford School District,0.7138921684376229,0.9074635922330099,0.9281999999999999,1.1118881970032595,1.082079440235764,1.1015120752278842,0
6.803505257608338,89.88,6.8001700683022,89.74,6.862757913051401,93.03,English Learners: English Learners,430011: East Hartford School District,0.7225501770956315,0.9075647249190939,0.9303,0.44732895503025,0.4481283532441702,0.452768882466298,0
6.206575926724928,92.99,6.269096283706261,93.87,6.376726947898627,94.69,Race/Ethnicity: All other races,430011: East Hartford School District,0.8449429358520266,0.9493325242718448,0.9469,0.177437510613592,0.21039526961696695,0.2368575961699961,0
7.518064181233078,92.51,7.545389749611823,93.06,7.583247524303362,95.08,Race/Ethnicity: Black or African American,430011: East Hartford School District,0.8260527351436444,0.9411407766990293,0.9508,0.7704046191670506,0.7817230023421504,0.7728345776214114,0
8.046549357283078,89.79,8.048468743668883,90.02,8.08487062913819,92.85,Race/Ethnicity: Hispanic/Latino of any race,430011: East Hartford School District,0.71900826446281,0.9103964401294499,0.9285,1.0093502030703234,1.0069243284747353,0.9956724162903711,0
6.507277712385012,91.06,6.559615237493242,93.41,6.5998704992128365,93.52,Race/Ethnicity: White,430011: East Hartford School District,0.7689885871704054,0.9446804207119742,0.9352,0.31339470867983943,0.34044493265668163,0.3359854597163685,0
7.3098814858247865,94.58,7.4949862339505335,95.7,7.499423290592229,95.86,High Needs: Students Without High Needs,430011: East Hartford School District,0.9075167256985437,0.9678398058252429,0.9586,0.6762783541983902,0.759160067489459,0.735597036351415,0
8.400209835930418,89.86,8.369620826949102,90.06,8.460411177317253,92.94,High Needs: Students With High Needs,430011: East Hartford School District,0.721763085399449,0.9108009708737865,0.9294,1.1692517734521284,1.1506867910289658,1.162500146676382,0
7.886457270977689,92.0,7.882314918980268,92.7,7.879669914604289,95.36,: All Students,440011: East Haven School District,0.8059818968909878,0.9375000000000001,0.9536,0.9369672890850215,0.9325462246304054,0.9045153637556451,0
6.016157159698354,90.1,6.0112671744041615,91.21,6.023447592961033,94.43,Students With Disabilities: Students With Disabilities,440011: East Haven School District,0.7312081857536401,0.9224312297734628,0.9443000000000001,0.09134290373477717,0.09497908644031348,0.07991903584076382,0
6.697034247666484,89.43,7.053585727193677,89.72,6.927557906278317,94.39,Free/Reduced Lunch: Free Meal Eligible,440011: East Haven School District,0.7048406139315233,0.9073624595469256,0.9439000000000001,0.3991898987383089,0.5615688727635572,0.48155521686212643,0
3.912023005428146,92.83,5.4510384535657,92.84,5.236441962829949,95.0,Free/Reduced Lunch: Reduced Price Meal Eligible,440011: East Haven School District,0.8386462022825656,0.9389158576051782,0.9500000000000001,-0.8600055671168376,-0.15580508932686968,-0.26969530996665175,1
6.755768921984255,89.62,7.236339342754344,90.23,7.095893221097532,94.49,Free/Reduced Lunch: Free/Reduced Price Meal Eligible,440011: East Haven School District,0.7123179850452579,0.912520226537217,0.9449,0.4257457827748755,0.6433778074755458,0.5563354200952376,0
5.60947179518496,93.56,5.5254529391317835,91.88,5.594711379601839,96.33,English Learners: English Learners,440011: East Haven School District,0.8673750491932308,0.9292071197411004,0.9633,-0.09253296694692857,-0.12249373856302653,-0.11053999649494778,1
5.14166355650266,93.72,5.187385805840755,94.35,5.198497031265826,96.47,Race/Ethnicity: All other races,440011: East Haven School District,0.8736717827626919,0.9541868932038836,0.9647,-0.3040445056095155,-0.27382815649411185,-0.28655172359013303,1
5.017279836814924,92.44,4.955827057601261,90.91,4.983606621708336,94.62,Race/Ethnicity: Black or African American,440011: East Haven School District,0.8232979142070049,0.9193972491909386,0.9462,-0.3602824889546438,-0.3774845162252059,-0.38201326424673027,1
6.898714534329988,91.5,6.774223886357614,91.63,6.687108607866515,95.66,Race/Ethnicity: Hispanic/Latino of any race,440011: East Haven School District,0.7863046044864226,0.9266788025889968,0.9566,0.4903762101856353,0.43651364730131914,0.37473955894860894,0
7.208600337960199,92.09,7.284134806195205,93.3,7.324489979348532,95.14,Race/Ethnicity: White,440011: East Haven School District,0.8095238095238098,0.9435679611650486,0.9514,0.6304858057757871,0.664773258045248,0.6578857814011762,0
7.19668657083435,93.37,6.8966943316227125,95.77,7.0326242610280065,96.17,High Needs: Students Without High Needs,440011: East Haven School District,0.8598976780794962,0.9685477346278318,0.9617,0.6250991985985515,0.49133705875669814,0.5282292220735815,0
7.143617602704121,90.55,7.3914152346753585,90.79,7.32052696227274,94.75,High Needs: Students With High Needs,440011: East Haven School District,0.7489177489177488,0.918183656957929,0.9475,0.6011049672526526,0.7127969184389523,0.6561252760511117,0
7.862497197230545,94.81,7.846589975291186,95.3,7.87777633327726,95.92,: All Students,450011: East Lyme School District,0.9165682802046438,0.9637944983818771,0.9592,0.9261341492519087,0.9165540945875426,0.9036741713022034,0
6.082218910376446,93.73,5.976350909297934,93.3,6.028278520230698,94.69,Students With Disabilities: Students With Disabilities,450011: East Lyme School District,0.8740653286107833,0.9435679611650486,0.9469,0.12121160072913867,0.07934895817336479,0.08206509606239873,0
6.102558594613569,93.53,6.063785208687608,92.3,6.1903154058531475,94.31,Free/Reduced Lunch: Free Meal Eligible,450011: East Lyme School District,0.8661944116489568,0.9334546925566344,0.9431,0.13040784302068725,0.1184885772086107,0.15404732540696905,0
4.787491742782046,92.97,4.9344739331306915,94.52,4.59511985013459,95.47,Free/Reduced Lunch: Reduced Price Meal Eligible,450011: East Lyme School District,0.8441558441558441,0.955906148867314,0.9547,-0.46417726744794174,-0.3870431581177373,-0.5545921420826715,1
6.338594078203183,93.41,6.342121418721152,92.84,6.373319789577012,94.51,Free/Reduced Lunch: Free/Reduced Price Meal Eligible,450011: East Lyme School District,0.8614718614718613,0.9389158576051782,0.9451,0.23712727244679419,0.24308468309007078,0.2353440219564607,0
4.442651256490317,94.71,4.02535169073515,95.96,3.9512437185814275,95.78,English Learners: English Learners,450011: East Lyme School District,0.9126328217237303,0.9704692556634305,0.9578,-0.6200910282961175,-0.7940081417936097,-0.8406235551952742,1
6.013715156042802,95.72,5.973809611869261,95.94,5.966146739123692,96.34,Race/Ethnicity: All other races,450011: East Lyme School District,0.9523809523809521,0.9702669902912623,0.9634,0.09023879331538763,0.07821135640943681,0.05446407114729452,0
3.6888794541139363,94.71,3.6375861597263857,94.6,3.784189633918261,96.26,Race/Ethnicity: Black or African American,450011: East Lyme School District,0.9126328217237303,0.9567152103559872,0.9626000000000001,-0.9608961286299181,-0.9675898513129207,-0.9148345929412707,1
5.480638923341991,93.24,5.3471075307174685,92.36,5.318119993844216,95.07,Race/Ethnicity: Hispanic/Latino of any race,450011: East Lyme School District,0.8547815820543092,0.9340614886731393,0.9507,-0.1507825587681023,-0.20232935674430536,-0.23341118405114283,1
7.555905093611346,94.81,7.5595594960077,95.5,7.602401335665818,95.92,Race/Ethnicity: White,450011: East Lyme School District,0.9165682802046438,0.96581715210356,0.9592,0.7875137441026617,0.7880660333909719,0.7813433442335238,0
7.416378479192928,95.42,7.422373700986824,96.32,7.473637108496206,96.51,High Needs: Students Without High Needs,450011: East Lyme School District,0.940574576938213,0.9741100323624596,0.9651000000000001,0.7244291584546027,0.7266553536961042,0.7241419477990367,0
6.8001700683022,93.71,6.741700694652055,93.33,6.777646593635117,94.74,High Needs: Students With High Needs,450011: East Lyme School District,0.8732782369146004,0.9438713592233011,0.9474,0.44582100591020196,0.42195476889717426,0.41495957447751786,0
6.775366090936392,94.99,6.7580945044277305,97.06,6.762729506931879,95.69,: All Students,460011: Easton School District,0.9236521054702869,0.9815938511326863,0.9569,0.4346063094089781,0.4292933931400079,0.4083329033211293,0
4.736198448394496,93.59,4.68213122712422,96.41,4.77912349311153,94.85,Students With Disabilities: Students With Disabilities,460011: Easton School District,0.8685556867375048,0.9750202265372169,0.9485,-0.48736865811165275,-0.5000033745128926,-0.47285154099593063,1
4.31748811353631,94.39,0.0,0.0,4.343805421853684,95.56,Free/Reduced Lunch: Free Meal Eligible,460011: Easton School District,0.9000393545848091,0.0,0.9556,-0.6766814146147005,-2.595940938854069,-0.6662344557733105,1
3.1354942159291497,95.63,0.0,0.0,3.091042453358316,94.66,Free/Reduced Lunch: Reduced Price Meal Eligible,460011: Easton School District,0.9488390397481301,0.0,0.9466,-1.2110998521285037,-2.595940938854069,-1.2227538616247189,1
4.574710978503383,94.67,4.477336814478207,95.65,4.584967478670572,95.37,Free/Reduced Lunch: Free/Reduced Price Meal Eligible,460011: Easton School District,0.9110586383313657,0.9673341423948222,0.9537000000000001,-0.5603824710526301,-0.5916787850493044,-0.5591021666262,1
3.2188758248682006,95.65,0.0,0.0,0.0,0.0,English Learners: English Learners,460011: Easton School District,0.9496261314443135,0.0,0.0,-1.173400275796677,-2.595940938854069,-2.595898784379362,1
4.6443908991413725,95.23,4.454347296253507,97.72,4.330733340286331,95.99,Race/Ethnicity: All other races,460011: Easton School District,0.9330972058244784,0.9882686084142396,0.9599,-0.5288778800485431,-0.6019699521473374,-0.6720415136526171,1
3.332204510175204,95.92,3.1780538303479458,97.57,3.044522437723423,96.27,Race/Ethnicity: Black or African American,460011: Easton School District,0.9602518693427782,0.9867516181229774,0.9627,-1.1221606382233609,-1.1732976848725207,-1.2434196157317574,1
4.23410650459726,95.24,4.189654742026425,95.59,4.174387269895637,95.01,Race/Ethnicity: Hispanic/Latino of any race,460011: Easton School District,0.9334907516725695,0.9667273462783174,0.9501000000000001,-0.7143809909465271,-0.7204585293559481,-0.7414956916489021,1
6.519147287940395,94.89,6.5337888379333435,97.1,6.559615237493242,95.7,Race/Ethnicity: White,460011: Easton School District,0.9197166469893743,0.9819983818770227,0.9570000000000001,0.31876133539009716,0.32888384682557764,0.318102719806289,0
6.505784060128229,95.2,6.493753839851686,97.37,6.495265555937008,95.85,High Needs: Students Without High Needs,460011: Easton School District,0.9319165682802044,0.9847289644012946,0.9584999999999999,0.31271937921589316,0.3109623379448427,0.28951642898591595,0
5.293304824724492,94.29,5.198497031265826,96.28,5.318119993844216,95.16,High Needs: Students With High Needs,460011: Easton School District,0.8961038961038961,0.9737055016181231,0.9516,-0.23548248528962987,-0.26885426028647114,-0.23341118405114283,1
6.879355804460439,90.03,6.897704943128636,87.61,6.937314081223682,94.15,: All Students,470011: East Windsor School District,0.7284533648170011,0.8860234627831717,0.9415000000000001,0.4816234897273655,0.49178945500863336,0.4858892375991044,0
5.262690188904886,88.56,5.3230099791384085,83.56,5.313205979041787,92.72,Students With Disabilities: Students With Disabilities,470011: East Windsor School District,0.6706021251475796,0.845064724919094,0.9272,-0.24932437218336911,-0.21311653060022107,-0.23559415454673255,1
6.0112671744041615,87.42,6.028278520230698,83.32,6.20455776256869,93.36,Free/Reduced Lunch: Free Meal Eligible,470011: East Windsor School District,0.6257378984651711,0.8426375404530745,0.9336,0.0891319800526176,0.10259414825901765,0.16037425883059775,0
4.672828834461906,90.08,4.060443010546419,89.06,4.276666119016055,95.26,Free/Reduced Lunch: Reduced Price Meal Eligible,470011: East Windsor School District,0.7304210940574576,0.9006877022653723,0.9526000000000001,-0.5160201512642536,-0.7782996509788567,-0.6960599901035209,1
6.2422232654551655,87.96,6.156978985585555,84.03,6.338594078203183,93.6,Free/Reduced Lunch: Free/Reduced Price Meal Eligible,470011: East Windsor School District,0.6469893742621013,0.8498179611650487,0.9359999999999999,0.19355484853242988,0.16020640361887337,0.21991769411349946,0
4.04305126783455,89.07,4.2626798770413155,87.23,4.276666119016055,91.61,English Learners: English Learners,470011: East Windsor School District,0.6906729634002358,0.8821804207119742,0.9161,-0.8007633667914922,-0.6877691158828443,-0.6960599901035209,1
4.700480365792417,90.37,4.68213122712422,89.53,4.634728988229636,93.66,Race/Ethnicity: All other races,470011: East Windsor School District,0.7418339236521057,0.905440938511327,0.9366,-0.5035179816689357,-0.5000033745128926,-0.5369964319976133,1
4.969813299576001,88.79,4.859812404361672,84.21,4.852030263919617,93.48,Race/Ethnicity: Black or African American,470011: East Windsor School District,0.6796536796536801,0.8516383495145632,0.9348000000000001,-0.38174367645888513,-0.42046509679634236,-0.4404639035952234,1
5.476463551931511,88.15,5.43372200355424,83.69,5.442417710521793,93.64,Race/Ethnicity: Hispanic/Latino of any race,470011: East Windsor School District,0.6544667453758364,0.8463794498381878,0.9364,-0.15267038193685628,-0.16355672982976685,-0.1781939616605628,1
6.1779441140506,91.21,6.267200548541362,89.71,6.3473892096560105,94.59,Race/Ethnicity: White,470011: East Windsor School District,0.7748917748917745,0.9072613268608415,0.9459000000000001,0.16449212348124018,0.20954665125250588,0.223824787038182,0
5.872117789475416,92.83,5.991464547107982,92.51,5.934894195619588,95.72,High Needs: Students Without High Needs,470011: East Windsor School District,0.8386462022825656,0.9355784789644015,0.9572,0.026217952302415085,0.08611451848838027,0.040580641177187064,0
6.391917113392602,88.47,6.359573868672378,84.39,6.481577129276431,93.22,High Needs: Students With High Needs,470011: East Windsor School District,0.667060212514758,0.8534587378640778,0.9322,0.2612363758923468,0.2508972034292382,0.28343556990581836,0
7.8434564043761155,94.3,7.841885928984623,95.41,7.867105500316739,95.51,: All Students,480011: Ellington School District,0.8964974419519871,0.9649069579288027,0.9551000000000001,0.9175251786075694,0.9144483468243851,0.8989338287406242,0
5.8377304471659395,92.69,5.799092654460526,93.08,5.8998973535824915,93.14,Students With Disabilities: Students With Disabilities,480011: Ellington School District,0.8331365604092875,0.9413430420711976,0.9314,0.010670300335272314,0.0,0.025033867983090565,1
5.8664680569332965,91.68,5.934894195619588,92.37,5.976350909297934,93.53,Free/Reduced Lunch: Free Meal Eligible,480011: Ellington School District,0.7933884297520661,0.9341626213592235,0.9353,0.02366352182384604,0.06079102391701324,0.058997106418440984,0
4.31748811353631,94.05,4.356708826689592,93.4,4.204692619390966,94.08,Free/Reduced Lunch: Reduced Price Meal Eligible,480011: Ellington School District,0.8866587957497045,0.9445792880258902,0.9408,-0.6766814146147005,-0.6456774276871646,-0.7280330370850334,1
6.056784013228625,92.1,6.12029741895095,92.54,6.131226489483141,93.61,Free/Reduced Lunch: Free/Reduced Price Meal Eligible,480011: Ellington School District,0.8099173553719003,0.9358818770226539,0.9361,0.10971164457912755,0.14378604509005585,0.12779804325414879,0
3.713572066704308,93.7,3.6888794541139363,95.36,3.8918202981106265,94.79,English Learners: English Learners,480011: Ellington School District,0.8728846910665093,0.964401294498382,0.9479000000000001,-0.9497317838178218,-0.944628610525206,-0.8670214353096487,1
5.950642552587727,94.47,5.958424693029782,97.02,5.926926025970411,95.28,Race/Ethnicity: All other races,480011: Ellington School District,0.9031877213695392,0.9811893203883496,0.9528,0.06172158839865657,0.07132435821229097,0.037040912473193376,0
4.6443908991413725,92.55,4.59511985013459,93.2,4.663439094112067,94.59,Race/Ethnicity: Black or African American,480011: Ellington School District,0.8276269185360094,0.9425566343042072,0.9459000000000001,-0.5288778800485431,-0.5389536740049531,-0.5242424382498482,1
5.214935757608986,92.78,5.075173815233827,93.76,4.969813299576001,93.77,Race/Ethnicity: Hispanic/Latino of any race,480011: Ellington School District,0.8366784730421095,0.9482200647249193,0.9377,-0.2709157260889854,-0.3240594112099295,-0.38814072142007255,1
7.539027055823995,94.51,7.550661243105336,95.34,7.59488438721652,95.73,Race/Ethnicity: White,480011: Ellington School District,0.9047619047619047,0.9641990291262138,0.9573,0.7798826263778789,0.7840827655989395,0.7780040631484166,0
7.516433302915632,94.94,7.51425465281641,96.28,7.5406215286571525,96.17,High Needs: Students Without High Needs,480011: Ellington School District,0.9216843762298303,0.9737055016181231,0.9617,0.769667245273709,0.7677854991459859,0.7538986780399091,0
6.539585955617669,92.72,6.543911845564792,93.16,6.590301048196686,93.76,High Needs: Students With High Needs,480011: Ellington School District,0.8343171979535615,0.9421521035598707,0.9376000000000001,0.32800233136060497,0.33341537123821074,0.33173438802303085,0
8.446985296372741,92.11,8.45531778769815,96.78,8.471986598578159,94.45,: All Students,490011: Enfield School District,0.8103109012199918,0.9787621359223302,0.9445,1.190400502336584,1.18904869727868,1.167642337756899,0
6.658011045870748,89.98,6.665683717782408,94.9,6.709304340258298,92.45,Students With Disabilities: Students With Disabilities,490011: Enfield School District,0.7264856355765446,0.9597491909385115,0.9245000000000001,0.38154622175090525,0.38792606922601924,0.384599649096347,0
7.403061091090091,90.13,7.507690077819904,94.53,7.576097340623111,93.01,Free/Reduced Lunch: Free Meal Eligible,490011: Enfield School District,0.7323888232979141,0.9560072815533982,0.9301,0.7184079279253327,0.7648468930579282,0.7696582257707171,0
5.924255797414532,91.76,5.87493073085203,96.85,5.676753802268282,94.36,Free/Reduced Lunch: Reduced Price Meal Eligible,490011: Enfield School District,0.7965367965367967,0.9794700647249192,0.9436,0.049791265831623605,0.033948615578200975,-0.07409399556328182,1
7.607878073278507,90.43,7.685703061234547,94.91,7.715123603632105,93.19,Free/Reduced Lunch: Free/Reduced Price Meal Eligible,490011: Enfield School District,0.7441951987406537,0.9598503236245955,0.9319,0.8110124429054976,0.8445337025001224,0.8314183633492036,0
5.0238805208462765,90.61,4.941642422609304,92.6,4.867534450455582,93.59,English Learners: English Learners,490011: Enfield School District,0.7512790240062968,0.9364886731391586,0.9359000000000001,-0.3572981019339505,-0.3838342120953004,-0.43357642296545357,1
5.971261839790462,92.46,5.998936561946683,96.76,5.950642552587727,94.46,Race/Ethnicity: All other races,490011: Enfield School District,0.8240850059031875,0.978559870550162,0.9446,0.07104424841563449,0.089459336440304,0.04757659051752468,0
5.713732805509369,89.88,5.780743515792329,93.15,5.799092654460526,93.47,Race/Ethnicity: Black or African American,490011: Enfield School District,0.7225501770956315,0.9420509708737865,0.9347,-0.04539312439445917,-0.008213919504259605,-0.019746966598701912,1
6.852242569051878,90.18,6.761572768804055,94.98,6.705639094860003,93.29,Race/Ethnicity: Hispanic/Latino of any race,490011: Enfield School District,0.7343565525383711,0.9605582524271846,0.9329000000000001,0.4693647014778488,0.4308504244600221,0.38297142393112776,0
8.014004994779459,92.89,8.043020885298283,97.63,8.086717920303906,94.82,Race/Ethnicity: White,490011: Enfield School District,0.8410074773711136,0.9873584142394822,0.9481999999999999,0.9946358230770965,1.0044856161767968,0.9964930450987187,0
7.688913336864796,93.72,7.656810091480378,98.69,7.704811922932594,95.72,High Needs: Students Without High Needs,490011: Enfield School District,0.8736717827626919,0.9980784789644014,0.9572,0.8476511590925898,0.831599878624722,0.8268375682901719,0
7.774015077250727,90.76,7.821643126239982,95.16,7.848153086199526,93.32,High Needs: Students With High Needs,490011: Enfield School District,0.7571822117276663,0.9623786407766991,0.9331999999999999,0.8861284636022193,0.9053867360702369,0.8905145295521838,0
5.605802066295998,94.96,5.648974238161206,98.11,5.69035945432406,96.35,: All Students,500011: Essex School District,0.9224714679260129,0.9922127831715212,0.9634999999999999,-0.09419217244951919,-0.06719991656756756,-0.06804990774402189,1
3.6635616461296463,95.76,3.6375861597263857,98.19,3.912023005428146,96.73,Students With Disabilities: Students With Disabilities,500011: Essex School District,0.9539551357733176,0.9930218446601943,0.9673,-0.9723431449060848,-0.9675898513129207,-0.8580467138693754,1
4.07753744390572,94.29,4.04305126783455,97.74,4.110873864173311,96.66,Free/Reduced Lunch: Free/Reduced Price Meal Eligible,500011: Essex School District,0.8961038961038961,0.9884708737864079,0.9666,-0.7851710288199593,-0.7860849959619257,-0.7697104806433763,1
3.1780538303479458,95.44,3.044522437723423,98.3,3.091042453358316,97.36,Race/Ethnicity: Hispanic/Latino of any race,500011: Essex School District,0.9413616686343955,0.9941343042071198,0.9736,-1.1918572463207011,-1.2330724857578916,-1.2227538616247189,1
5.4510384535657,95.01,5.501258210544727,98.06,5.53338948872752,96.2,Race/Ethnicity: White,500011: Essex School District,0.9244391971664698,0.9917071197411005,0.9620000000000001,-0.16416590773423842,-0.13332441332303252,-0.13778124095482258,1
5.187385805840755,95.05,5.267858159063328,98.29,5.288267030694535,96.24,High Needs: Students Without High Needs,500011: Essex School District,0.9260133805588349,0.9940331715210358,0.9623999999999999,-0.28337196821287824,-0.23780502518309185,-0.24667287339922306,1
4.499809670330265,94.76,4.465908118654584,97.9,4.59511985013459,96.59,High Needs: Students With High Needs,500011: Essex School District,0.9146005509641872,0.9900889967637543,0.9659000000000001,-0.594247823625644,-0.5967947956278616,-0.5545921420826715,1
9.130214327496898,93.85,9.12467354521909,93.94,9.162304922937626,95.45,: All Students,510011: Fairfield School District,0.8787878787878785,0.9500404530744337,0.9545,1.499310888436389,1.4886831603131276,1.4743049334610845,0
7.25063551189868,91.86,7.1693500166706,91.42,7.256297239690681,94.45,Students With Disabilities: Students With Disabilities,510011: Fairfield School District,0.8004722550177092,0.9245550161812299,0.9445,0.6494912947400711,0.6133903000482802,0.6275922750379191,0
6.9782137426306985,91.22,6.98933526597456,89.49,7.122866658599083,94.38,Free/Reduced Lunch: Free Meal Eligible,510011: Fairfield School District,0.775285320739866,0.9050364077669903,0.9438,0.5263204251004997,0.5328074073831637,0.5683179273928174,0
5.768320995793772,93.86,5.713732805509369,91.48,5.60947179518496,95.35,Free/Reduced Lunch: Reduced Price Meal Eligible,510011: Fairfield School District,0.8791814246359699,0.9251618122977348,0.9535,-0.020712002590400028,-0.03821099948390488,-0.10398292391456637,1
7.238496840894365,91.84,7.234898420314831,89.93,7.321188556739478,94.56,Free/Reduced Lunch: Free/Reduced Price Meal Eligible,510011: Fairfield School District,0.7996851633215272,0.9094862459546927,0.9456,0.6440030010993403,0.6427327842325445,0.6564191785440836,0
5.402677381872279,91.25,5.356586274672012,90.37,5.560681631015528,94.85,English Learners: English Learners,510011: Fairfield School District,0.77646595828414,0.913936084142395,0.9485,-0.18603154377788633,-0.19808623442385245,-0.12565715428200513,1
6.949856455000773,94.56,6.9167150203536085,94.87,6.932447891572509,95.94,Race/Ethnicity: All other races,510011: Fairfield School District,0.9067296340023612,0.9594457928802591,0.9594,0.5134991597978668,0.5002992410492351,0.4837275126427198,0
5.552959584921617,93.27,5.521460917862246,90.61,5.484796933490655,95.77,Race/Ethnicity: Black or African American,510011: Fairfield School District,0.8559622195985828,0.9163632686084143,0.9577,-0.11808400166083571,-0.12428075112858668,-0.159367686794375,1
7.05444965813294,92.56,6.985641817639208,91.66,7.009408932708637,94.92,Race/Ethnicity: Hispanic/Latino of any race,510011: Fairfield School District,0.8280204643841009,0.9269822006472492,0.9492,0.5607891976784466,0.531154049813181,0.5179161931544252,0
8.820847033377717,93.99,8.830835365537549,94.28,8.87640491500694,95.45,Race/Ethnicity: White,510011: Fairfield School District,0.8842975206611565,0.9534789644012946,0.9545,1.3594357281028675,1.3571476589020657,1.3472985431480027,0
8.794824928014517,94.52,8.798303718484979,94.95,8.835210463664092,95.77,High Needs: Students Without High Needs,510011: Fairfield School District,0.9051554506099957,0.9602548543689322,0.9577,1.3476702757454788,1.342584995495203,1.3289985836486957,0
7.845416036592485,92.14,7.80710329012598,91.22,7.886081401775745,94.62,High Needs: Students With High Needs,510011: Fairfield School District,0.8114915387642658,0.9225323624595471,0.9462,0.9184111929848804,0.8988780358197702,0.907363561795509,0
8.31238059678675,94.42,8.297792626380861,96.13,8.31090675716845,96.04,: All Students,520011: Farmington School District,0.9012199921290831,0.9721885113268609,0.9604,1.129541276768342,1.118533180536832,1.096085259610155,0
6.186208623900494,91.48,6.124683390894205,92.14,6.159095388491933,93.83,Students With Disabilities: Students With Disabilities,520011: Farmington School District,0.7855175127902401,0.9318365695792882,0.9383,0.16822878104752603,0.14574940811985723,0.140178344642474,0
6.326149473155099,91.53,6.343880434126331,91.41,6.395261598115449,94.03,Free/Reduced Lunch: Free Meal Eligible,520011: Farmington School District,0.7874852420306966,0.9244538834951457,0.9403,0.23150065593148303,0.24387209939370016,0.24509131059621225,0
5.099866427824199,92.76,5.056245805348308,94.74,4.812184355372417,95.85,Free/Reduced Lunch: Reduced Price Meal Eligible,520011: Farmington School District,0.835891381345927,0.9581310679611651,0.9584999999999999,-0.3229423664581429,-0.3325324601299288,-0.45816479507107105,1
6.582025138892826,91.81,6.586171654854675,92.13,6.580639137284949,94.35,Free/Reduced Lunch: Free/Reduced Price Meal Eligible,520011: Farmington School District,0.7985045257772532,0.9317354368932039,0.9435,0.34719048627509763,0.3523328080754012,0.3274422425372435,0
5.198497031265826,93.47,5.14166355650266,96.57,5.241747015059643,95.88,English Learners: English Learners,520011: Farmington School District,0.8638331365604093,0.9766383495145632,0.9588,-0.27834821661606274,-0.2942955409532924,-0.26733862750626136,1
7.080026499922591,95.52,7.02108396428914,97.44,7.00397413672268,96.52,Race/Ethnicity: All other races,520011: Farmington School District,0.944510035419126,0.9854368932038836,0.9652,0.5723533316840738,0.5470195868776146,0.5155018741578625,0
5.298317366548036,92.72,5.308267697401205,93.02,5.262690188904886,94.78,Race/Ethnicity: Black or African American,520011: Farmington School District,0.8343171979535615,0.9407362459546926,0.9478,-0.23321614975715887,-0.21971585483489947,-0.2580349659532734,1
6.0112671744041615,92.02,5.961005339623274,93.27,5.877735781779639,95.01,Race/Ethnicity: Hispanic/Latino of any race,520011: Farmington School District,0.8067689885871703,0.9432645631067962,0.9501000000000001,0.0891319800526176,0.07247957447454648,0.015188953116817104,0
7.732369222284388,94.43,7.744136627627991,96.23,7.791522819150732,96.08,Race/Ethnicity: White,520011: Farmington School District,0.9016135379771746,0.9731998381877024,0.9608,0.8672989985896727,0.8706912578699801,0.8653574620431932,0
7.9599745280805365,95.31,7.943072717277933,97.26,7.977968093128549,96.59,High Needs: Students Without High Needs,520011: Farmington School District,0.9362455726092089,0.9836165048543691,0.9659000000000001,0.9702068665064796,0.9597442132388869,0.9481827176640226,0
7.062191632286556,92.37,7.036148493750536,93.38,7.050122520269059,94.62,High Needs: Students With High Needs,520011: Farmington School District,0.8205430932703659,0.9443770226537218,0.9462,0.5642895996169198,0.5537631640341776,0.5360025368036301,0
5.062595033026967,93.76,5.056245805348308,96.92,4.962844630259907,96.06,: All Students,530011: Franklin School District,0.8752459661550573,0.9801779935275082,0.9606,-0.3397939937058131,-0.3325324601299288,-0.3912364384909765,1
3.295836866004329,91.69,0.0,0.0,0.0,0.0,Free/Reduced Lunch: Free Meal Eligible,530011: Franklin School District,0.7937819756001572,0.0,0.0,-1.1386036499962664,-2.595940938854069,-2.595898784379362,1
3.295836866004329,91.69,3.58351893845611,95.01,3.5263605246161616,94.93,Free/Reduced Lunch: Free/Reduced Price Meal Eligible,530011: Franklin School District,0.7937819756001572,0.960861650485437,0.9493,-1.1386036499962664,-0.9917928295215259,-1.029370946847339,1
4.795790545596741,93.7,4.852030263919617,96.97,4.770684624465665,95.94,Race/Ethnicity: White,530011: Franklin School District,0.8728846910665093,0.9806836569579289,0.9594,-0.46042510490087357,-0.4239487412506009,-0.47660037001064454,1
4.795790545596741,94.42,4.736198448394496,97.66,4.663439094112067,96.54,High Needs: Students Without High Needs,530011: Franklin School District,0.9012199921290831,0.9876618122977348,0.9654,-0.46042510490087357,-0.4758003963042874,-0.5242424382498482,1
3.58351893845611,91.72,3.7612001156935624,94.76,3.6375861597263857,94.66,High Needs: Students With High Needs,530011: Franklin School District,0.7949626131444312,0.9583333333333335,0.9466,-1.0085330938185642,-0.9122545518049755,-0.9799607823360655,1
8.636219897837877,95.09,8.652423140676342,97.44,8.659386957119413,96.29,: All Students,540011: Glastonbury School District,0.9275875639512003,0.9854368932038836,0.9629000000000001,1.2759597088970196,1.2772821306020476,1.2508918740334858,0
6.398594934535208,92.16,6.424869023905388,95.63,6.472346294500901,94.41,Students With Disabilities: Students With Disabilities,540011: Glastonbury School District,0.8122786304604483,0.9671318770226538,0.9440999999999999,0.2642556391459493,0.28012632196174275,0.27933492292472145,0
6.234410725718371,91.74,6.461468176353717,94.87,6.490723534502507,94.56,Free/Reduced Lunch: Free Meal Eligible,540011: Glastonbury School District,0.7957497048406137,0.9594457928802591,0.9456,0.1900225415656982,0.2965097881053472,0.28749871044405256,0
4.77912349311153,92.79,5.049856007249537,95.6,4.787491742782046,94.63,Free/Reduced Lunch: Reduced Price Meal Eligible,540011: Glastonbury School District,0.837072018890201,0.9668284789644014,0.9462999999999999,-0.4679608292097208,-0.33539282802952636,-0.4691340833029998,1
6.4425401664681985,91.94,6.678342114654332,95.02,6.656726524178391,94.57,Free/Reduced Lunch: Free/Reduced Price Meal Eligible,540011: Glastonbury School District,0.8036206218024398,0.9609627831715212,0.9457,0.2841247283462863,0.3935925506254523,0.36124281647788453,0
4.990432586778736,94.41,5.003946305945459,96.86,5.0238805208462765,94.92,English Learners: English Learners,540011: Glastonbury School District,0.9008264462809916,0.9795711974110034,0.9492,-0.3724210164419072,-0.35594412462144204,-0.3641222449691686,1
6.9726062513017535,96.09,6.949856455000773,98.37,6.921658184151129,96.71,Race/Ethnicity: All other races,540011: Glastonbury School District,0.9669421487603307,0.9948422330097089,0.9671,0.5237850932680311,0.5151348734661021,0.4789343620512165,0
5.198497031265826,93.72,5.209486152841421,96.56,5.209486152841421,96.25,Race/Ethnicity: Black or African American,540011: Glastonbury School District,0.8736717827626919,0.9765372168284792,0.9625,-0.27834821661606274,-0.26393502338512764,-0.2816699865306282,1
6.467698726104354,93.59,6.466144724237619,95.97,6.42648845745769,95.21,Race/Ethnicity: Hispanic/Latino of any race,540011: Glastonbury School District,0.8685556867375048,0.9705703883495147,0.9521,0.29549974319033134,0.2986032263081312,0.25896333079858286,0
8.22764270790443,95.13,8.257904193465674,97.47,8.281977058867758,96.34,Race/Ethnicity: White,540011: Glastonbury School District,0.9291617473435654,0.985740291262136,0.9634,1.0912284815277025,1.1006772809744025,1.0832337155314706,0
8.38958706681109,95.75,8.387084506069217,97.94,8.401557847817314,96.73,High Needs: Students Without High Needs,540011: Glastonbury School District,0.9535615899252261,0.9904935275080907,0.9673,1.1644488690663157,1.1585043380612665,1.1363555201274176,0
7.07326971745971,92.62,7.164720378771857,95.71,7.1785454837637,94.77,High Needs: Students With High Needs,540011: Glastonbury School District,0.8303817394726485,0.9679409385113269,0.9477,0.5692983674124787,0.611317860915208,0.593052332446579,0
7.454141078146678,94.49,7.462214939768189,96.82,7.465082736399547,96.08,: All Students,560011: Granby School District,0.9039748130657217,0.9791666666666667,0.9608,0.7415028753072685,0.7444901269907944,0.7203418082703419,0
5.54907608489522,92.53,5.556828061699537,95.32,5.537334267018537,94.57,Students With Disabilities: Students With Disabilities,560011: Granby School District,0.8268398268398269,0.9639967637540454,0.9457,-0.11983986014740956,-0.10844878877720984,-0.13602883788581374,1
5.365976015021851,91.64,5.241747015059643,93.05,5.241747015059643,93.97,Free/Reduced Lunch: Free Meal Eligible,560011: Granby School District,0.7918142463597007,0.941039644012945,0.9397,-0.2026254425844142,-0.24949357574062508,-0.26733862750626136,1
3.6888794541139363,93.74,3.5263605246161616,95.98,3.4657359027997265,95.4,Free/Reduced Lunch: Reduced Price Meal Eligible,560011: Granby School District,0.8744588744588739,0.9706715210355988,0.9540000000000001,-0.9608961286299181,-1.0173795678835962,-1.0563024409621202,1
5.53338948872752,91.97,5.402677381872279,93.48,5.393627546352362,94.17,Free/Reduced Lunch: Free/Reduced Price Meal Eligible,560011: Granby School District,0.8048012593467138,0.9453883495145633,0.9417,-0.12693228780784263,-0.1774537321984823,-0.19986819202800118,1
4.564348191467836,93.91,4.532599493153256,96.59,4.584967478670572,95.47,Race/Ethnicity: All other races,560011: Granby School District,0.8811491538764264,0.9768406148867316,0.9547,-0.5650678289610224,-0.5669406650516952,-0.5591021666262,1
4.653960350157523,92.68,4.653960350157523,93.49,4.584967478670572,94.91,Race/Ethnicity: Black or African American,560011: Granby School District,0.8327430145611965,0.9454894822006473,0.9490999999999999,-0.5245512155283039,-0.5126139564019437,-0.5591021666262,1
4.394449154672439,93.86,4.430816798843313,96.03,4.23410650459726,95.76,Race/Ethnicity: Hispanic/Latino of any race,560011: Granby School District,0.8791814246359699,0.9711771844660195,0.9576000000000001,-0.6418847888142897,-0.6125032864426151,-0.7149664009132692,1
7.277938572945661,94.69,7.2875606403097235,97.12,7.302496423727326,96.21,Race/Ethnicity: White,560011: Granby School District,0.9118457300275478,0.9822006472491911,0.9621,0.6618359094234552,0.6663068191654969,0.648115504968457,0
7.1372784372603855,95.13,7.167809184316444,97.42,7.1929342212158,96.58,High Needs: Students Without High Needs,560011: Granby School District,0.9291617473435654,0.9852346278317153,0.9658,0.5982388214134559,0.6127005525263145,0.5994442931120606,0
6.104793232414985,92.76,6.040254711277414,94.96,6.0330862217988015,94.48,High Needs: Students With High Needs,560011: Granby School District,0.835891381345927,0.9603559870550162,0.9448000000000001,0.13141819649599665,0.10795524291333299,0.08420083864697195,0
9.044521887281242,94.18,9.06357899058078,95.96,9.08851166361105,99.96,: All Students,570011: Greenwich School District,0.891774891774892,0.9704692556634305,0.9995999999999999,1.4605665090453406,1.4613344240578692,1.4415234880727448,0
6.9975959829819265,92.51,6.955592608396297,94.17,7.010311867307229,99.93,Students With Disabilities: Students With Disabilities,570011: Greenwich School District,0.8260527351436444,0.952366504854369,0.9993000000000001,0.5350837754231955,0.5177026398941027,0.5183173070434595,0
6.9167150203536085,92.14,7.284820912568604,94.5,7.223295679562314,99.88,Free/Reduced Lunch: Free Meal Eligible,570011: Greenwich School District,0.8114915387642658,0.9557038834951458,0.9988,0.49851482378990736,0.6650803908553687,0.6129318731129912,0
5.7899601708972535,93.68,5.860786223465865,95.31,6.1224928095143865,100.0,Free/Reduced Lunch: Reduced Price Meal Eligible,570011: Greenwich School District,0.8720975993703268,0.9638956310679613,1.0,-0.010928217605298853,0.027616882672463268,0.1239182491435795,0
7.19668657083435,92.51,7.4999765409521215,94.66,7.509883061154913,99.91,Free/Reduced Lunch: Free/Reduced Price Meal Eligible,570011: Greenwich School District,0.8260527351436444,0.957322006472492,0.9991,0.6250991985985515,0.7613939587229277,0.7402436179037727,0
5.872117789475416,93.18,5.802118375377063,95.18,6.807934943699926,99.94,English Learners: English Learners,570011: Greenwich School District,0.8524203069657617,0.9625809061488675,0.9994,0.026217952302415085,0.001354452026343186,0.4284146773231358,0
7.132497551660044,95.07,7.1276936993473985,97.27,7.110696122978827,99.98,Race/Ethnicity: All other races,570011: Greenwich School District,0.9268004722550174,0.9837176375404532,0.9998,0.5960772253023091,0.5947430140081068,0.5629113665168897,0
5.236441962829949,93.76,5.313205979041787,95.74,5.402677381872279,99.89,Race/Ethnicity: Black or African American,570011: Greenwich School District,0.8752459661550573,0.9682443365695793,0.9989,-0.2611920611747201,-0.21750525254895084,-0.19584795099817065,1
7.561121589530238,92.99,7.562681246721884,95.07,7.587817219993427,99.91,Race/Ethnicity: Hispanic/Latino of any race,570011: Greenwich School District,0.8449429358520266,0.9614684466019418,0.9991,0.7898722940105037,0.7894634727772205,0.7748645899975047,0
8.53954159508,94.42,8.568646473005153,95.98,8.60061479955531,99.98,Race/Ethnicity: White,570011: Greenwich School District,0.9012199921290831,0.9706715210355988,0.9998,1.2322482586044705,1.2397798359696046,1.2247833067859528,0
8.699348067653093,94.69,8.67709870892586,96.5,8.674196940225903,99.98,High Needs: Students Without High Needs,570011: Greenwich School District,0.9118457300275478,0.9759304207119742,0.9998,1.3045020371984182,1.2883280513391715,1.2574709661733119,0
7.753194269884341,92.86,7.877397186353287,94.79,8.007700012884026,99.94,High Needs: Students With High Needs,570011: Greenwich School District,0.8398268398268396,0.9586367313915859,0.9994,0.8767146896706911,0.9303448210292922,0.9613906354691066,0
7.402451520818244,92.34,7.4109518755836366,94.3,7.428927194802272,94.6,: All Students,580011: Griswold School District,0.8193624557260923,0.9536812297734629,0.946,0.7181323210944557,0.7215424186341389,0.7042803017970797,0
5.768320995793772,89.13,5.707110264748875,89.88,5.69035945432406,91.3,Students With Disabilities: Students With Disabilities,580011: Griswold School District,0.6930342384887838,0.9089805825242719,0.913,-0.020712002590400028,-0.04117555371743158,-0.06804990774402189,1
6.432940092739179,90.31,6.453624998892692,91.34,6.520621127558696,93.05,Free/Reduced Lunch: Free Meal Eligible,580011: Griswold School District,0.7394726485635577,0.9237459546925568,0.9305,0.27978421828725314,0.29299882067044797,0.30078022589625447,0
5.043425116919247,91.98,5.14166355650266,94.65,4.962844630259907,94.11,Free/Reduced Lunch: Reduced Price Meal Eligible,580011: Griswold School District,0.8051948051948052,0.957220873786408,0.9411,-0.3484613452330063,-0.2942955409532924,-0.3912364384909765,1
6.654152520183219,90.64,6.690842277418564,92.04,6.710523109452428,93.24,Free/Reduced Lunch: Free/Reduced Price Meal Eligible,580011: Griswold School District,0.7524596615505708,0.9308252427184468,0.9324,0.37980165498688834,0.3991881991510968,0.38514106732536885,0
3.2188758248682006,86.72,3.295836866004329,94.58,3.1354942159291497,94.81,English Learners: English Learners,580011: Griswold School District,0.5981896890987799,0.9565129449838189,0.9481,-1.173400275796677,-1.1205725738281693,-1.2030068950260173,1
5.117993812416755,91.36,5.117993812416755,94.12,5.187385805840755,93.73,Race/Ethnicity: All other races,580011: Griswold School District,0.7807949626131445,0.9518608414239483,0.9373,-0.31474637782421033,-0.304891208473372,-0.29148770328249934,1
3.7376696182833684,91.64,3.6375861597263857,91.92,3.7612001156935624,94.38,Race/Ethnicity: Black or African American,580011: Griswold School District,0.7918142463597007,0.929611650485437,0.9438,-0.9388364857212238,-0.9675898513129207,-0.9250473094287206,1
5.327876168789581,91.25,5.1647859739235145,94.11,5.075173815233827,94.08,Race/Ethnicity: Hispanic/Latino of any race,580011: Griswold School District,0.77646595828414,0.9517597087378642,0.9408,-0.21985164005817898,-0.2839448820546286,-0.34133604004885104,1
7.113142108707088,92.67,7.152268856032539,94.42,7.173958319756794,94.79,Race/Ethnicity: White,580011: Griswold School District,0.832349468713105,0.9548948220064726,0.9479000000000001,0.5873259909674732,0.6057439859047431,0.5910145600571761,0
6.561030665896573,94.44,6.541029999189903,97.13,6.6240652277998935,96.22,High Needs: Students Without High Needs,580011: Griswold School District,0.9020070838252656,0.9823017799352751,0.9622,0.33769819238272075,0.33212532408259104,0.34673357114416475,0
6.804614520062624,90.86,6.816735880594968,92.17,6.837332814685591,93.29,High Needs: Students With High Needs,580011: Griswold School District,0.7611176702085793,0.9321399676375406,0.9329000000000001,0.4478304891826788,0.45554397373491906,0.4414741994399881,0
8.4252971767117,91.44,8.242756345714477,87.21,8.296546520300614,94.45,: All Students,590011: Groton School District,0.7839433293978746,0.8819781553398058,0.9445,1.1805945879022286,1.093896406714252,1.089705959861878,0
6.618738983517219,89.31,6.490723534502507,82.99,6.570882962339584,92.39,Students With Disabilities: Students With Disabilities,590011: Groton School District,0.7001180637544273,0.8393001618122978,0.9239,0.3637900266949025,0.3096058337153214,0.32310822180026555,0
7.313220387090301,89.19,7.336936913707618,81.45,7.3277805384216315,93.04,Free/Reduced Lunch: Free Meal Eligible,590011: Groton School District,0.6953955135773318,0.82372572815534,0.9304000000000001,0.6777879816177378,0.6884099130733091,0.6593475583105621,0
6.212606095751519,92.18,6.144185634125646,87.22,6.021023349349527,94.25,Free/Reduced Lunch: Reduced Price Meal Eligible,590011: Groton School District,0.8130657221566313,0.8820792880258901,0.9425,0.18016394897817137,0.15447951033076865,0.0788421053692836,0
7.599901959208498,89.93,7.601402334583733,82.79,7.566828479208331,93.3,Free/Reduced Lunch: Free/Reduced Price Meal Eligible,590011: Groton School District,0.7245179063360885,0.8372775080906151,0.9329999999999999,0.8074061785860666,0.8067968149338118,0.7655406860786971,0
5.176149732573829,91.17,4.927253685157205,83.95,5.1298987149230735,93.26,English Learners: English Learners,590011: Groton School District,0.7733175914994095,0.8490088996763755,0.9326000000000001,-0.28845216763798304,-0.39027527362612374,-0.3170254007449801,1
6.734591659972948,91.4,6.565264970035361,87.66,6.539585955617669,94.51,Race/Ethnicity: All other races,590011: Groton School District,0.78236914600551,0.8865291262135924,0.9451,0.4161708439382079,0.34297401313074216,0.30920503977475694,0
5.720311776607412,90.74,5.659482215759621,82.66,5.777652323222656,94.32,Race/Ethnicity: Black or African American,590011: Groton School District,0.7563951200314833,0.8359627831715211,0.9431999999999999,-0.04241855450726913,-0.06249606186862502,-0.029271482170939236,1
6.981934677156389,90.06,6.796823718274855,82.02,6.810142450115136,93.57,Race/Ethnicity: Hispanic/Latino of any race,590011: Groton School District,0.7296340023612751,0.829490291262136,0.9357,0.5280027823608342,0.4466303728618362,0.4293953258492346,0
7.75833346749091,92.25,7.555381944240273,90.12,7.645397699428633,94.83,Race/Ethnicity: White,590011: Groton School District,0.8158205430932703,0.9114077669902915,0.9483,0.879038290461302,0.7861959688302852,0.8004437737775036,0
7.601901959875166,93.26,7.285506548522785,92.72,7.480992162869525,95.71,High Needs: Students Without High Needs,590011: Groton School District,0.8555686737504922,0.9377022653721684,0.9571,0.8083104448715954,0.6653873130841835,0.7274093100956412,0
7.764720544771477,90.14,7.707062655370473,83.68,7.71289096149013,93.43,High Needs: Students With High Needs,590011: Groton School District,0.7327823691460056,0.8462783171521038,0.9343000000000001,0.8819260988226401,0.854095240512816,0.8304265486886672,0
8.042056410058754,93.72,8.039157390473237,97.2,8.081165777725433,95.76,: All Students,600011: Guilford School District,0.8736717827626919,0.9830097087378642,0.9576000000000001,1.0073187933986523,1.002756137966844,0.9940265968026892,0
5.942799375126701,91.61,5.902633333401366,95.24,5.950642552587727,94.5,Students With Disabilities: Students With Disabilities,600011: Guilford School District,0.7906336088154271,0.9631877022653722,0.9450000000000001,0.05817542910599844,0.0463495762725103,0.04757659051752468,0
5.575949103146316,91.01,5.69035945432406,95.35,5.802118375377063,94.25,Free/Reduced Lunch: Free Meal Eligible,600011: Guilford School District,0.7670208579299489,0.9643001618122978,0.9425,-0.10768968200004009,-0.04867398789183895,-0.01840283969753251,1
4.700480365792417,91.41,4.605170185988092,95.71,4.574710978503383,95.13,Free/Reduced Lunch: Reduced Price Meal Eligible,600011: Guilford School District,0.7827626918536006,0.9679409385113269,0.9512999999999999,-0.5035179816689357,-0.5344546808268961,-0.5636584486386024,1
5.921578419643816,91.13,5.978885764901122,95.44,6.056784013228625,94.45,Free/Reduced Lunch: Free/Reduced Price Meal Eligible,600011: Guilford School District,0.771743408107044,0.9652103559870551,0.9445,0.048580735009292796,0.08048367627953924,0.09472819389148054,0
3.828641396489095,94.88,4.060443010546419,97.61,4.248495242049359,95.54,English Learners: English Learners,600011: Guilford School District,0.9193231011412828,0.9871561488673141,0.9554,-0.8977051434486644,-0.7782996509788567,-0.7085744402477876,1
5.777652323222656,94.77,5.68697535633982,97.84,5.641907070938114,96.32,Race/Ethnicity: All other races,600011: Guilford School District,0.9149940968122783,0.9894822006472493,0.9632,-0.01649300160014999,-0.05018886599809316,-0.08957408453735209,1
3.6375861597263857,92.64,3.6888794541139363,97.6,3.5553480614894135,95.31,Race/Ethnicity: Black or African American,600011: Guilford School District,0.831168831168831,0.9870550161812298,0.9531000000000001,-0.9840875192936294,-0.944628610525206,-1.0164937089312363,1
5.560681631015528,92.7,5.5254529391317835,96.76,5.5053315359323625,94.88,Race/Ethnicity: Hispanic/Latino of any race,600011: Guilford School District,0.833530106257379,0.978559870550162,0.9488,-0.11459260985562299,-0.12249373856302653,-0.1502455263876226,1
7.820439515262181,93.7,7.830822995135316,97.17,7.890956716138919,95.78,Race/Ethnicity: White,600011: Guilford School District,0.8728846910665093,0.9827063106796118,0.9578,0.9071184836647284,0.9094960681500375,0.9095293402555724,0
7.779885115070522,94.28,7.756195343948118,97.7,7.810758116529357,96.07,High Needs: Students Without High Needs,600011: Guilford School District,0.8957103502558046,0.9880663430420713,0.9607,0.888782501365149,0.8760892946372265,0.8739024274817746,0
6.546785410760524,91.79,6.582025138892826,95.75,6.642486801367256,94.72,High Needs: Students With High Needs,600011: Guilford School District,0.7977174340810707,0.9683454692556636,0.9472,0.33125744255549705,0.35047663657058903,0.35491705312309785,0
8.592857095337227,89.62,8.570544366913232,89.43,8.582980931954241,94.29,: All Students,620011: Hamden School District,0.7123179850452579,0.9044296116504856,0.9429000000000001,1.2563539552585863,1.2406294206869304,1.2169497502656834,0
6.803505257608338,87.45,6.833031732786201,84.13,6.875232087276577,92.21,Students With Disabilities: Students With Disabilities,620011: Hamden School District,0.6269185360094451,0.8508292880258901,0.9220999999999999,0.44732895503025,0.46283874765169675,0.4583103298133724,0
7.461065514354283,87.28,7.510977752014095,84.73,7.689828668736484,92.85,Free/Reduced Lunch: Free Meal Eligible,620011: Hamden School District,0.6202282565918931,0.8568972491909387,0.9285,0.7446336413680948,0.7663186074351335,0.8201815033100947,0
5.971261839790462,90.8,6.129050210060545,90.06,5.8998973535824915,95.16,Free/Reduced Lunch: Reduced Price Meal Eligible,620011: Hamden School District,0.7587563951200313,0.9108009708737865,0.9516,0.07104424841563449,0.14770419748466515,0.025033867983090565,0
7.6638772587034705,87.92,7.734558844354756,85.81,7.843848638152472,93.19,Free/Reduced Lunch: Free/Reduced Price Meal Eligible,620011: Hamden School District,0.6454151908697363,0.867819579288026,0.9319,0.8363315221642308,0.8664038009894045,0.8886023490919472,0
5.831882477283517,91.11,5.733341276897746,89.25,5.910796644040527,94.09,English Learners: English Learners,620011: Hamden School District,0.7709563164108619,0.902609223300971,0.9409000000000001,0.008026240214895347,-0.029433344657803118,0.029875699041677074,1
6.532334292222349,91.65,6.523562306149512,92.62,6.551080335043404,95.39,Race/Ethnicity: All other races,620011: Hamden School District,0.7922077922077921,0.936690938511327,0.9539,0.32472361509231584,0.3243059802347204,0.3143112293489297,0
7.449498005382849,88.71,7.40184157874383,86.54,7.409136443920128,94.18,Race/Ethnicity: Black or African American,620011: Hamden School District,0.6765053128689491,0.8752022653721685,0.9418000000000001,0.7394035889262375,0.7174642302104075,0.695488585247929,0
7.214504414151143,88.26,7.119635638017636,87.49,7.069023426578259,93.25,Race/Ethnicity: Hispanic/Latino of any race,620011: Hamden School District,0.6587957497048409,0.8848098705501619,0.9325,0.6331552334093091,0.5911358546574732,0.5443989544929899,0
7.396948602621014,90.85,7.450660796211539,92.25,7.504942068396171,94.62,Race/Ethnicity: White,620011: Hamden School District,0.7607241243604879,0.9329490291262137,0.9462,0.7156442702249177,0.7393179602296662,0.7380486628934774,0
7.83399634170946,91.35,7.780720886117918,93.1,7.738052297689316,95.58,High Needs: Students Without High Needs,620011: Hamden School District,0.780401416765053,0.9415453074433657,0.9558,0.9132479721690832,0.8870680567918897,0.8416040596976462,0
7.898782356970309,88.13,7.92443418488756,86.38,8.021912778985708,93.29,High Needs: Students With High Needs,620011: Hamden School District,0.6536796536796534,0.8735841423948221,0.9329000000000001,0.9425398670921782,0.9514007477770772,0.9677044237477569,0
4.1588830833596715,91.11,4.07753744390572,94.52,4.343805421853684,95.35,: All Students,630011: Hampton School District,0.7709563164108619,0.955906148867314,0.9535,-0.7483919814631596,-0.7706473953540413,-0.6662344557733105,1
4.04305126783455,90.89,3.9889840465642745,94.22,4.23410650459726,95.11,Race/Ethnicity: White,630011: Hampton School District,0.7622983077528533,0.9528721682847897,0.9511000000000001,-0.8007633667914922,-0.8102879741705309,-0.7149664009132692,1
3.4965075614664802,92.22,3.4011973816621555,96.34,3.5553480614894135,96.37,High Needs: Students Without High Needs,630011: Hampton School District,0.8146399055489963,0.974312297734628,0.9637000000000001,-1.0478738080395582,-1.0734083548318494,-1.0164937089312363,1
3.4011973816621555,89.77,3.367295829986474,92.68,3.7612001156935624,94.49,High Needs: Students With High Needs,630011: Hampton School District,0.718221172766627,0.937297734627832,0.9449,-1.0909666848076205,-1.0885842506364947,-0.9250473094287206,1
9.703327837612294,85.64,9.666878750268348,83.25,9.76105955940385,90.82,: All Students,640011: Hartford School District,0.5556867375049195,0.8419296116504855,0.9081999999999999,1.7584344145510011,1.7313991803726605,1.7402918622870316,0
4.68213122712422,79.86,3.367295829986474,78.47,6.082218910376446,84.54,Homelessness: Students Experiencing Homelessness,640011: Hartford School District,0.32821723730814645,0.7935881877022655,0.8454,-0.5118142326365874,-1.0885842506364947,0.10602722986601786,1
8.07961802938984,81.47,8.058643712215618,77.92,8.192847134592865,87.01,Students With Disabilities: Students With Disabilities,640011: Hartford School District,0.39157811885084604,0.7880258899676377,0.8701000000000001,1.0243016407331813,1.011479112986017,1.0436392082316424,0
9.39366142910322,84.2,9.415890054889344,81.22,9.557257866458935,89.94,Free/Reduced Lunch: Free Meal Eligible,640011: Hartford School District,0.49901613537977196,0.8213996763754047,0.8994,1.618424014733411,1.619045081490869,1.64975630215195,0
6.075346031088684,91.08,5.976350909297934,91.19,6.030685260261263,94.63,Free/Reduced Lunch: Reduced Price Meal Eligible,640011: Hartford School District,0.7697756788665879,0.9222289644012946,0.9462999999999999,0.11810414525274199,0.07934895817336479,0.08313425085507091,0
9.429154565129164,84.44,9.447386828459384,81.53,9.586170674954657,90.08,Free/Reduced Lunch: Free/Reduced Price Meal Eligible,640011: Hartford School District,0.5084612357339631,0.824534789644013,0.9008,1.6344716325221735,1.633144487867726,1.6626003432117367,0
8.18646442942209,84.84,8.181160858023409,80.88,8.307705966549513,90.03,English Learners: English Learners,640011: Hartford School District,0.5242030696576152,0.8179611650485438,0.9003,1.0726104232698805,1.0663234297550142,1.0946633608645007,0
6.9411900550683745,89.71,6.939253946041508,91.26,6.931471805599453,93.09,Race/Ethnicity: All other races,640011: Hartford School District,0.715859897678079,0.9229368932038836,0.9309000000000001,0.5095807944661016,0.5103887021765726,0.4832939024551219,0
8.487352349405215,86.94,8.408939605975984,83.74,8.557374981049069,91.52,Race/Ethnicity: Black or African American,640011: Hartford School District,0.6068476977567885,0.8468851132686085,0.9152,1.2086517788045286,1.1682876872766108,1.2055747264643957,0
9.13637085177601,83.89,9.11250701162742,80.9,9.172949982757624,89.67,Race/Ethnicity: Hispanic/Latino of any race,640011: Hartford School District,0.4868162140889414,0.8181634304207122,0.8967,1.5020944561793521,1.483236859569809,1.4790338267276162,0
7.0909098220799835,90.5,7.091742115095153,92.1,7.303843225277705,94.07,Race/Ethnicity: White,640011: Hartford School District,0.7469500196772922,0.9314320388349515,0.9407,0.5772740406945752,0.5786494292116507,0.6487137994722584,0
7.743269700829004,91.48,7.587310506022615,93.84,7.638198244285779,95.3,High Needs: Students Without High Needs,640011: Hartford School District,0.7855175127902401,0.9490291262135924,0.953,0.8722274645688626,0.8004886634961931,0.7972455338875051,0
9.49942146534167,84.69,9.500918247539989,81.85,9.633645398212678,90.2,High Needs: Students With High Needs,640011: Hartford School District,0.5182998819362457,0.8277710355987056,0.902,1.6662416163575615,1.657107616340834,1.6836902105249816,0
4.867534450455582,93.83,4.976733742420574,90.81,5.003946305945459,95.45,: All Students,650011: Hartland School District,0.8780007870916959,0.9183859223300972,0.9545,-0.42798731853546246,-0.3681257212805469,-0.3729776930560811,1
3.4011973816621555,92.67,3.4965075614664802,87.98,3.4657359027997265,95.33,Students With Disabilities: Students With Disabilities,650011: Hartland School District,0.832349468713105,0.889765372168285,0.9533,-1.0909666848076205,-1.0307431290135862,-1.0563024409621202,1
3.295836866004329,93.17,3.295836866004329,85.34,3.4339872044851463,94.89,Free/Reduced Lunch: Free/Reduced Price Meal Eligible,650011: Hartland School District,0.8520267611176702,0.8630663430420713,0.9489000000000001,-1.1386036499962664,-1.1205725738281693,-1.0704062795707971,1
4.700480365792417,93.85,4.812184355372417,90.96,4.859812404361672,95.42,Race/Ethnicity: White,650011: Hartland School District,0.8787878787878785,0.9199029126213593,0.9542,-0.5035179816689357,-0.4417856049475362,-0.4370068153159727,1
4.465908118654584,94.42,4.543294782270004,92.44,4.574710978503383,95.87,High Needs: Students Without High Needs,650011: Hartland School District,0.9012199921290831,0.9348705501618124,0.9587000000000001,-0.6095758336200175,-0.562152961090854,-0.5636584486386024,1
3.784189633918261,92.72,3.8501476017100584,87.33,3.970291913552122,94.69,High Needs: Students With High Needs,650011: Hartland School District,0.8343171979535615,0.8831917475728156,0.9469,-0.917803251861856,-0.8724375607484923,-0.8321617069332964,1
6.455198563340122,95.27,6.396929655216146,97.07,6.386879319362645,95.85,: All Students,670011: Hebron School District,0.9346713892168435,0.9816949838187703,0.9584999999999999,0.2898480071985867,0.2676193738393753,0.24136762071352505,0
4.189654742026425,95.02,4.219507705176107,96.62,4.276666119016055,94.94,Students With Disabilities: Students With Disabilities,670011: Hebron School District,0.9248327430145609,0.977144012944984,0.9494,-0.734479099359719,-0.7070949682259577,-0.6960599901035209,1
4.330733340286331,94.48,4.31748811353631,96.23,0.0,0.0,Free/Reduced Lunch: Free Meal Eligible,670011: Hebron School District,0.9035812672176307,0.9731998381877024,0.0,-0.6706928106137899,-0.6632344251335397,-2.595898784379362,1
3.367295829986474,94.07,3.091042453358316,95.95,0.0,0.0,Free/Reduced Lunch: Reduced Price Meal Eligible,670011: Hebron School District,0.887445887445887,0.9703681229773464,0.0,-1.106294694801994,-1.212247984364581,-2.595898784379362,1
4.6443908991413725,94.37,4.564348191467836,96.17,4.5217885770490405,94.88,Free/Reduced Lunch: Free/Reduced Price Meal Eligible,670011: Hebron School District,0.8992522628886266,0.9725930420711976,0.9488,-0.5288778800485431,-0.5527284855572442,-0.5871683576591205,1
3.58351893845611,93.77,3.4339872044851463,94.61,3.1780538303479458,95.54,Race/Ethnicity: Hispanic/Latino of any race,670011: Hebron School District,0.8756395120031479,0.9568163430420713,0.9554,-1.0085330938185642,-1.0587301200603285,-1.1841004842162688,1
6.335054251498059,95.37,6.298949246855942,97.19,6.300785794663244,95.83,Race/Ethnicity: White,670011: Hebron School District,0.9386068476977569,0.9829085760517801,0.9583,0.23552680000725654,0.22375883074695682,0.2031219841339972,0
6.1675164908883415,95.57,6.12029741895095,97.29,6.115892125483034,96.06,High Needs: Students Without High Needs,670011: Hebron School District,0.9464777646595826,0.9839199029126215,0.9606,0.15977745102088445,0.14378604509005585,0.12098600350117124,0
5.0106352940962555,94.62,4.962844630259907,96.45,4.955827057601261,95.19,High Needs: Students With High Needs,670011: Hebron School District,0.9090909090909092,0.9754247572815535,0.9519,-0.3632867059348611,-0.3743431275215869,-0.3943538800698886,1
5.278114659230517,94.55,5.247024072160486,96.65,5.25227342804663,95.65,: All Students,680011: Kent School District,0.9063360881542697,0.9774474110032364,0.9565000000000001,-0.24235046026420495,-0.24713132195697265,-0.2626624411497149,1
3.091042453358316,92.67,0.0,0.0,0.0,0.0,Students With Disabilities: Students With Disabilities,680011: Kent School District,0.832349468713105,0.0,0.0,-1.2311979605416952,-2.595940938854069,-2.595898784379362,1
3.784189633918261,91.93,3.713572066704308,95.72,3.828641396489095,94.79,Free/Reduced Lunch: Free/Reduced Price Meal Eligible,680011: Kent School District,0.8032270759543487,0.9680420711974111,0.9479000000000001,-0.917803251861856,-0.9335750599561692,-0.8950876263425689,1
5.117993812416755,94.67,5.049856007249537,96.71,5.075173815233827,95.52,Race/Ethnicity: White,680011: Kent School District,0.9110586383313657,0.9780542071197411,0.9551999999999999,-0.31474637782421033,-0.33539282802952636,-0.34133604004885104,1
4.941642422609304,95.37,4.919980925828125,97.05,4.897839799950911,95.93,High Needs: Students Without High Needs,680011: Kent School District,0.9386068476977569,0.981492718446602,0.9593,-0.39448065935060167,-0.39353089563558924,-0.420113768401585,1
4.02535169073515,92.44,3.9512437185814275,95.53,4.060443010546419,94.98,High Needs: Students With High Needs,680011: Kent School District,0.8232979142070049,0.9661205501618124,0.9498000000000001,-0.8087659295435213,-0.8271822830381594,-0.792113560398141,1
7.716906135298388,90.93,7.71289096149013,89.66,7.748460023899697,93.78,: All Students,690011: Killingly School District,0.7638724911452188,0.9067556634304208,0.9378000000000001,0.8603076268043133,0.8567042587440653,0.8462275213999204,0
5.963579343618446,88.49,5.8805329864007,85.92,5.950642552587727,91.54,Students With Disabilities: Students With Disabilities,690011: Killingly School District,0.6678473042109405,0.8689320388349516,0.9154000000000001,0.06757073843494313,0.03645644316352646,0.04757659051752468,0
6.742880635791903,88.25,6.7357800142423265,85.01,6.939253946041508,92.39,Free/Reduced Lunch: Free Meal Eligible,690011: Killingly School District,0.6584022038567494,0.8597289644012946,0.9239,0.41991856337628897,0.4193043996795583,0.4867509907343726,0
5.0106352940962555,91.07,5.062595033026967,89.01,5.1298987149230735,93.88,Free/Reduced Lunch: Reduced Price Meal Eligible,690011: Killingly School District,0.7693821330184965,0.9001820388349516,0.9388,-0.3632867059348611,-0.3296902534187705,-0.3170254007449801,1
6.904750769961838,88.67,6.906754778648554,85.65,7.090076835776092,92.6,Free/Reduced Lunch: Free/Reduced Price Meal Eligible,690011: Killingly School District,0.6749311294765841,0.8662014563106798,0.9259999999999999,0.49310539146260207,0.4958405781611461,0.5537515862937179,0
4.110873864173311,90.96,4.1588830833596715,88.47,4.0943445622221,93.93,English Learners: English Learners,690011: Killingly School District,0.7650531286894919,0.8947208737864079,0.9393000000000001,-0.7700985333800286,-0.7342333409082392,-0.7770533519864483,1
5.3706380281276624,90.93,5.3612921657094255,88.25,5.365976015021851,94.11,Race/Ethnicity: All other races,690011: Killingly School District,0.7638724911452188,0.8924959546925567,0.9411,-0.2005175926498923,-0.1959796608742109,-0.2121519313896619,1
3.58351893845611,91.91,3.6375861597263857,88.24,3.9512437185814275,92.98,Race/Ethnicity: Black or African American,690011: Killingly School District,0.8024399842581658,0.8923948220064726,0.9298000000000001,-1.0085330938185642,-0.9675898513129207,-0.8406235551952742,1
5.560681631015528,88.55,5.407171771460119,85.71,5.402677381872279,92.45,Race/Ethnicity: Hispanic/Latino of any race,690011: Killingly School District,0.6702085792994881,0.8668082524271845,0.9245000000000001,-0.11459260985562299,-0.1754418364379864,-0.19584795099817065,1
7.460490305825338,91.26,7.476472381163905,90.35,7.513709247839705,93.93,Race/Ethnicity: White,690011: Killingly School District,0.7768595041322315,0.9137338187702266,0.9393000000000001,0.7443735706148481,0.7508724143601787,0.7419433385963903,0
6.930494765951626,93.1,6.933423025730715,93.35,6.892641641172089,95.28,High Needs: Students Without High Needs,690011: Killingly School District,0.8492719401810307,0.9440736245954693,0.9528,0.5047451013968716,0.5077785137129789,0.46604423864826183,0
7.057897937411856,89.14,7.052721049232323,86.47,7.195937226475569,92.66,High Needs: Students With High Needs,690011: Killingly School District,0.6934277843368752,0.8744943365695794,0.9266,0.5623482785062581,0.5611818030868766,0.6007783289552039,0
6.787844982309579,93.86,6.80128303447162,96.25,6.840546529288687,95.34,: All Students,710011: Lebanon School District,0.8791814246359699,0.9734021035598707,0.9534,0.4402484279030448,0.4486265681572454,0.4429018394536766,0
4.990432586778736,92.21,5.0369526024136295,93.84,5.117993812416755,94.19,Students With Disabilities: Students With Disabilities,710011: Lebanon School District,0.8142463597009049,0.9490291262135924,0.9419,-0.3724210164419072,-0.3411689862770369,-0.322313958465913,1
5.313205979041787,92.27,5.351858133476067,93.97,5.442417710521793,94.09,Free/Reduced Lunch: Free Meal Eligible,710011: Lebanon School District,0.8166076347894529,0.9503438511326862,0.9409000000000001,-0.22648451684283796,-0.20020276816914398,-0.1781939616605628,1
3.713572066704308,92.62,3.7612001156935624,96.21,4.110873864173311,95.37,Free/Reduced Lunch: Reduced Price Meal Eligible,710011: Lebanon School District,0.8303817394726485,0.972997572815534,0.9537000000000001,-0.9497317838178218,-0.9122545518049755,-0.7697104806433763,1
5.493061443340548,92.33,5.53338948872752,94.34,5.673323267171493,94.36,Free/Reduced Lunch: Free/Reduced Price Meal Eligible,710011: Lebanon School District,0.8189689098780004,0.9540857605177995,0.9436,-0.1451659276323134,-0.11894097346054591,-0.07561795452585425,1
4.204692619390966,93.62,4.127134385045092,95.49,3.970291913552122,95.34,Race/Ethnicity: Hispanic/Latino of any race,710011: Lebanon School District,0.8697363242817788,0.9657160194174758,0.9534,-0.7276799788727595,-0.7484455204026902,-0.8321617069332964,1
6.655440350367647,94.04,6.669498089857879,96.39,6.723832440821209,95.31,Race/Ethnicity: White,710011: Lebanon School District,0.8862652499016135,0.9748179611650487,0.9531000000000001,0.3803839255014304,0.3896335578310031,0.39105351953851936,0
6.324358962381311,94.64,6.298949246855942,97.2,6.317164686747284,95.88,High Needs: Students Without High Needs,710011: Lebanon School District,0.9098780007870917,0.9830097087378642,0.9588,0.23069110693802655,0.22375883074695682,0.21039803836001097,0
5.783825182329737,92.54,5.840641657373398,94.89,5.945420608606575,94.55,High Needs: Students With High Needs,710011: Lebanon School District,0.8272333726879184,0.9596480582524273,0.9455,-0.013702048342542386,0.0185992471679393,0.045256827533733564,0
7.793586803371584,91.17,7.743269700829004,84.64,7.758760544157663,95.27,: All Students,720011: Ledyard School District,0.7733175914994095,0.8559870550161813,0.9527,0.894977486692889,0.8703031815100091,0.8508033586158051,0
6.008813185442595,89.64,5.993961427306569,82.83,6.100318952020064,94.64,Students With Disabilities: Students With Disabilities,720011: Ledyard School District,0.7131050767414404,0.8376820388349515,0.9464,0.08802245068095872,0.08723223705456701,0.11406787656033242,0
5.932245187448011,88.59,6.154858094016418,80.68,6.269096283706261,94.04,Free/Reduced Lunch: Free Meal Eligible,720011: Ledyard School District,0.6717827626918536,0.815938511326861,0.9404000000000001,0.053403532652140685,0.15925699487870448,0.18904443853837416,0
4.770684624465665,89.55,5.093750200806762,82.61,5.181783550292085,95.07,Free/Reduced Lunch: Reduced Price Meal Eligible,720011: Ledyard School District,0.7095631641086184,0.8354571197411004,0.9507,-0.47177632014011983,-0.3157437655256637,-0.2939764134437824,1
6.202535517187923,88.81,6.450470422144176,81.18,6.558197802812269,94.31,Free/Reduced Lunch: Free/Reduced Price Meal Eligible,720011: Ledyard School District,0.6804407713498621,0.8209951456310681,0.9431,0.17561070816050545,0.29158668683948896,0.3174730476924687,0
3.6375861597263857,91.77,3.4339872044851463,87.52,3.6375861597263857,95.43,English Learners: English Learners,720011: Ledyard School District,0.7969303423848877,0.8851132686084143,0.9543,-0.9840875192936294,-1.0587301200603285,-0.9799607823360655,1
5.726847747587197,90.2,5.645446897643238,82.39,5.634789603169249,94.86,Race/Ethnicity: All other races,720011: Ledyard School District,0.7351436442345536,0.8332322006472493,0.9486,-0.039463426392205764,-0.06877891662869438,-0.09273590288089112,1
4.709530201312334,88.9,4.700480365792417,84.14,4.836281906951478,95.11,Race/Ethnicity: Black or African American,720011: Ledyard School District,0.6839826839826841,0.8509304207119742,0.9511000000000001,-0.49942625245772576,-0.49178945500863297,-0.44745985293556106,1
5.648974238161206,89.55,5.517452896464707,83.89,5.564520407322694,95.0,Race/Ethnicity: Hispanic/Latino of any race,720011: Ledyard School District,0.7095631641086184,0.8484021035598707,0.9500000000000001,-0.07467260921066551,-0.1260749260882971,-0.12395184085609312,1
7.453561871643373,91.74,7.418780882750794,85.16,7.425357887027151,95.39,Race/Ethnicity: White,720011: Ledyard School District,0.7957497048406137,0.8612459546925567,0.9539,0.7412409969379125,0.7250470427929155,0.7026946953477633,0
7.370230641807081,92.09,7.215975002651466,86.38,7.212294468500341,95.85,High Needs: Students Without High Needs,720011: Ledyard School District,0.8095238095238098,0.8735841423948221,0.9584999999999999,0.7035641986605529,0.6342617910026677,0.6080447654974072,0
6.669498089857879,89.37,6.79346613258001,81.96,6.894670039433482,94.47,High Needs: Students With High Needs,720011: Ledyard School District,0.7024793388429753,0.8288834951456311,0.9447,0.38673989331865405,0.4451273628772903,0.4669453213140563,0
5.945420608606575,92.06,5.986452005284438,94.83,5.961005339623274,96.01,: All Students,730011: Lisbon School District,0.8083431719795358,0.9590412621359224,0.9601000000000001,0.05936057524212405,0.0838706739246195,0.052180088728294514,0
4.143134726391533,91.06,4.110873864173311,93.59,4.110873864173311,94.6,Students With Disabilities: Students With Disabilities,730011: Lisbon School District,0.7689885871704054,0.9465008090614888,0.946,-0.7555123332190867,-0.755724478393761,-0.7697104806433763,1
4.890349128221754,91.45,5.049856007249537,93.91,4.969813299576001,95.6,Free/Reduced Lunch: Free/Reduced Price Meal Eligible,730011: Lisbon School District,0.7843368752459661,0.9497370550161813,0.956,-0.4176720500143126,-0.33539282802952636,-0.38814072142007255,1
3.8066624897703196,89.9,3.9889840465642745,92.77,3.8066624897703196,94.67,Race/Ethnicity: Hispanic/Latino of any race,730011: Lisbon School District,0.7233372687918145,0.9382079288025891,0.9467,-0.9076425323054834,-0.8102879741705309,-0.904851395240597,1
5.717027701406222,92.34,5.720311776607412,95.1,5.713732805509369,96.2,Race/Ethnicity: White,730011: Lisbon School District,0.8193624557260923,0.9617718446601943,0.9620000000000001,-0.04390339325411103,-0.0352659490378129,-0.05766667975794305,1
5.318119993844216,92.79,5.327876168789581,95.42,5.375278407684165,96.48,High Needs: Students Without High Needs,730011: Lisbon School District,0.837072018890201,0.9650080906148869,0.9648000000000001,-0.22426272862722185,-0.21093820000879812,-0.20801949599077285,1
5.1298987149230735,91.56,5.214935757608986,94.18,5.153291594497779,95.4,High Needs: Students With High Needs,730011: Lisbon School District,0.7886658795749706,0.9524676375404533,0.9540000000000001,-0.30936377863392656,-0.2614955293194804,-0.3066334975921396,1
6.695798917058491,92.99,6.692083742506628,94.97,6.726233402358747,95.86,: All Students,740011: Litchfield School District,0.8449429358520266,0.9604571197411005,0.9586,0.39863136501434215,0.39974393609794234,0.3921201073304204,0
4.955827057601261,89.96,4.897839799950911,93.44,4.962844630259907,93.63,Students With Disabilities: Students With Disabilities,740011: Litchfield School District,0.7256985438803616,0.9449838187702266,0.9363,-0.38806731789050497,-0.40344228324771353,-0.3912364384909765,1
4.6443908991413725,90.88,4.7535901911063645,93.44,4.962844630259907,94.91,Free/Reduced Lunch: Free Meal Eligible,740011: Litchfield School District,0.7619047619047619,0.9449838187702266,0.9490999999999999,-0.5288778800485431,-0.4680150513212183,-0.3912364384909765,1
3.367295829986474,92.48,3.4339872044851463,94.76,3.8501476017100584,95.43,Free/Reduced Lunch: Reduced Price Meal Eligible,740011: Litchfield School District,0.8248720975993704,0.9583333333333335,0.9543,-1.106294694801994,-1.0587301200603285,-0.8855338473335487,1
4.882801922586371,91.22,4.983606621708336,93.72,5.241747015059643,95.04,Free/Reduced Lunch: Free/Reduced Price Meal Eligible,740011: Litchfield School District,0.775285320739866,0.9478155339805826,0.9504000000000001,-0.4210843906798795,-0.36504910399332685,-0.26733862750626136,1
4.0943445622221,91.07,3.9318256327243257,94.25,3.8066624897703196,94.82,Race/Ethnicity: Hispanic/Latino of any race,740011: Litchfield School District,0.7693821330184965,0.9531755663430422,0.9481999999999999,-0.7775719761277812,-0.8358747125326014,-0.904851395240597,1
6.561030665896573,93.14,6.57507584059962,95.06,6.618738983517219,95.89,Race/Ethnicity: White,740011: Litchfield School District,0.8508461235733962,0.9613673139158577,0.9589,0.33769819238272075,0.3473658106171934,0.3443674744617465,0
6.333279628139691,93.69,6.302618975744905,95.4,6.306275286948016,96.46,High Needs: Students Without High Needs,740011: Litchfield School District,0.8724911452184179,0.9648058252427186,0.9646,0.23472443423846973,0.22540157040037945,0.20556060106439417,0
5.484796933490655,91.3,5.517452896464707,94.03,5.659482215759621,94.7,High Needs: Students With High Needs,740011: Litchfield School District,0.7784336875245965,0.9509506472491911,0.9470000000000001,-0.14890258519859925,-0.1260749260882971,-0.08176661464896194,1
7.789454566086673,95.93,7.8160138391590275,97.5,7.85748078694253,96.25,: All Students,760011: Madison School District,0.9606454151908697,0.9860436893203884,0.9625,0.8931091658853881,0.9028668079261726,0.8946582076509154,0
5.8289456176102075,95.27,5.8944028342648505,96.74,5.942799375126701,95.92,Students With Disabilities: Students With Disabilities,760011: Madison School District,0.9346713892168435,0.9783576051779936,0.9592,0.006698389063561416,0.04266522581826307,0.04409238754348593,0
4.204692619390966,93.9,4.204692619390966,95.36,4.204692619390966,94.98,Free/Reduced Lunch: Free Meal Eligible,760011: Madison School District,0.8807556080283354,0.964401294498382,0.9498000000000001,-0.7276799788727595,-0.7137268829053519,-0.7280330370850334,1
3.1780538303479458,96.26,3.258096538021482,94.2,3.295836866004329,95.86,Free/Reduced Lunch: Reduced Price Meal Eligible,760011: Madison School District,0.9736324281778828,0.9526699029126215,0.9586,-1.1918572463207011,-1.1374668826957979,-1.1317773020411181,1
4.499809670330265,94.51,4.5217885770490405,95.03,4.532599493153256,95.23,Free/Reduced Lunch: Free/Reduced Price Meal Eligible,760011: Madison School District,0.9047619047619047,0.9610639158576053,0.9523,-0.594247823625644,-0.5717801289771187,-0.5823657854580491,1
3.6888794541139363,95.75,3.5553480614894135,96.82,3.6635616461296463,95.83,English Learners: English Learners,760011: Madison School District,0.9535615899252261,0.9791666666666667,0.9583,-0.9608961286299181,-1.0044034114105769,-0.9684215984494232,1
5.214935757608986,96.93,5.236441962829949,97.96,5.356586274672012,96.68,Race/Ethnicity: All other races,760011: Madison School District,1.0,0.990695792880259,0.9668000000000001,-0.2709157260889854,-0.25186836143321567,-0.21632316956639974,1
7.629975707027789,95.85,7.664346632098617,97.55,7.7102051944325325,96.2,Race/Ethnicity: White,760011: Madison School District,0.9574970484061391,0.9865493527508091,0.9620000000000001,0.8210035121698572,0.834973581287185,0.8292334407147424,0
7.591357046698551,96.05,7.60339933974067,97.69,7.659642954564682,96.32,High Needs: Students Without High Needs,760011: Madison School District,0.9653679653679652,0.9879652103559872,0.9632,0.803542741726111,0.8076907664105151,0.8067719947769137,0
6.0473721790462776,95.37,6.09807428216624,96.62,6.142037405587356,95.93,High Needs: Students With High Needs,760011: Madison School District,0.9386068476977569,0.977144012944984,0.9593,0.10545624382955388,0.13383794561887238,0.13260061545521984,0
8.706159290928861,88.54,8.605204068738951,88.84,8.703506769479729,93.25,: All Students,770011: Manchester School District,0.6698150334513975,0.8984627831715212,0.9325,1.3075816159576341,1.2561446994139658,1.2704913771945097,0
6.866933284461882,84.46,6.78332520060396,83.29,6.866933284461882,91.03,Students With Disabilities: Students With Disabilities,770011: Manchester School District,0.5092483274301456,0.8423341423948222,0.9103,0.4760068585915766,0.4405878147025403,0.4546237227473455,0
7.980365765111246,85.77,7.91862865334224,84.65,8.10530751550515,91.86,Free/Reduced Lunch: Free Meal Eligible,770011: Manchester School District,0.5608028335301061,0.8560881877022656,0.9186,0.9794264175168412,0.9488019244941428,1.004751167933272,0
6.210600077024653,90.05,6.030685260261263,89.63,6.049733455231958,94.69,Free/Reduced Lunch: Reduced Price Meal Eligible,770011: Manchester School District,0.7292404565131836,0.9064522653721684,0.9469,0.1792569617290786,0.10367151593475533,0.09159609911704869,0
8.13739583005665,86.39,8.059276223305648,85.32,8.225503097566918,92.19,Free/Reduced Lunch: Free/Reduced Price Meal Eligible,770011: Manchester School District,0.5852026761117672,0.8628640776699029,0.9218999999999999,1.0504248906229225,1.011762254079068,1.058146084287895,0
6.135564891081739,88.5,6.0063531596017325,87.8,6.1224928095143865,91.95,English Learners: English Learners,770011: Manchester School District,0.668240850059032,0.8879449838187703,0.9195000000000001,0.1453310785994372,0.0927793471086875,0.1239182491435795,0
6.495265555937008,89.82,6.406879986069314,91.85,6.523562306149512,93.48,Race/Ethnicity: All other races,770011: Manchester School District,0.7201889020070835,0.928903721682848,0.9348000000000001,0.307963616443992,0.27207360017373344,0.3020867962555536,0
7.30854279753919,88.95,7.215239978730097,87.62,7.323170717943469,93.78,Race/Ethnicity: Black or African American,770011: Manchester School District,0.6859504132231407,0.8861245954692558,0.9378000000000001,0.675673089058397,0.6339327604452666,0.6572997211553262,0
7.60688453121963,86.09,7.451241684987676,85.58,7.48324441607385,91.96,Race/Ethnicity: Hispanic/Latino of any race,770011: Manchester School District,0.5733963006690281,0.8654935275080907,0.9196,0.8105632297616867,0.7395779927976462,0.7284098366490431,0
7.53689712956617,90.34,7.4815557019095165,91.81,7.627057417018934,93.89,Race/Ethnicity: White,770011: Manchester School District,0.7406532861078317,0.9284991909385115,0.9389000000000001,0.7789196164460755,0.753147942829052,0.7922964040623438,0
7.62608275807238,92.22,7.489970898834801,94.5,7.57198844937744,95.09,High Needs: Students Without High Needs,770011: Manchester School District,0.8146399055489963,0.9557038834951458,0.9509000000000001,0.8192433815107376,0.7569149725194746,0.7678329182127397,0
8.248529124800218,86.72,8.165932137321585,85.96,8.31434234336979,92.36,High Needs: Students With High Needs,770011: Manchester School District,0.5981896890987799,0.8693365695792881,0.9236,1.1006719196920667,1.0595063530377054,1.0976114624430955,0
6.855408798609928,93.56,6.88653164253051,95.76,6.98100574072173,95.67,: All Students,780011: Mansfield School District,0.8673750491932308,0.9684466019417477,0.9567,0.47079625832145744,0.4867877710947738,0.5052985408719491,0
4.882801922586371,90.99,4.77912349311153,93.8,4.9344739331306915,94.7,Students With Disabilities: Students With Disabilities,780011: Mansfield School District,0.7662337662337659,0.9486245954692557,0.9470000000000001,-0.4210843906798795,-0.4565851694536903,-0.40383965546577616,1
5.4510384535657,90.57,5.501258210544727,92.89,5.713732805509369,94.61,Free/Reduced Lunch: Free Meal Eligible,780011: Mansfield School District,0.7497048406139313,0.9394215210355988,0.9461,-0.16416590773423842,-0.13332441332303252,-0.05766667975794305,1
3.4339872044851463,94.74,4.02535169073515,95.36,3.7612001156935624,95.9,Free/Reduced Lunch: Reduced Price Meal Eligible,780011: Mansfield School District,0.9138134592680043,0.964401294498382,0.9590000000000001,-1.0761413241057658,-0.7940081417936097,-0.9250473094287206,1
5.572154032177765,91.05,5.703782474656201,93.34,5.84354441703136,94.77,Free/Reduced Lunch: Free/Reduced Price Meal Eligible,780011: Mansfield School District,0.7685950413223139,0.9439724919093853,0.9477,-0.10940555879210558,-0.04266522581826307,0.0,1
3.871201010907891,93.71,3.6375861597263857,95.84,4.1588830833596715,96.64,English Learners: English Learners,780011: Mansfield School District,0.8732782369146004,0.9692556634304209,0.9664,-0.8784625376408616,-0.9675898513129207,-0.7483831722786719,1
5.030437921392435,95.67,5.111987788356544,97.54,5.2832037287379885,96.52,Race/Ethnicity: All other races,780011: Mansfield School District,0.9504132231404956,0.9864482200647251,0.9652,-0.3543332848049241,-0.3075797814392917,-0.24892216226500746,1
3.4965075614664802,93.64,3.5263605246161616,93.07,3.4657359027997265,94.31,Race/Ethnicity: Black or African American,780011: Mansfield School District,0.8705234159779613,0.9412419093851133,0.9431,-1.0478738080395582,-1.0173795678835962,-1.0563024409621202,1
5.017279836814924,90.79,5.003946305945459,92.65,4.976733742420574,94.67,Race/Ethnicity: Hispanic/Latino of any race,780011: Mansfield School District,0.7583628492719403,0.9369943365695794,0.9467,-0.3602824889546438,-0.35594412462144204,-0.3850664281683201,1
6.421622267806518,93.71,6.450470422144176,96.16,6.558197802812269,95.7,Race/Ethnicity: White,780011: Mansfield School District,0.8732782369146004,0.9724919093851133,0.9570000000000001,0.27466705623691395,0.29158668683948896,0.3174730476924687,0
6.354370040797351,94.78,6.376726947898627,96.91,6.448889394146858,96.08,High Needs: Students Without High Needs,780011: Mansfield School District,0.9153876426603698,0.9800768608414241,0.9608,0.24426010561701525,0.25857571164492904,0.26891457959047793,0
5.8664680569332965,91.65,5.924255797414532,93.97,6.09807428216624,95.06,High Needs: Students With High Needs,780011: Mansfield School District,0.7922077922077921,0.9503438511326862,0.9506,0.02366352182384604,0.05602878694825335,0.11307071878603844,0
6.100318952020064,94.62,6.075346031088684,95.4,6.059123195581797,95.77,: All Students,790011: Marlborough School District,0.9090909090909092,0.9648058252427186,0.9577,0.12939522671375597,0.12366373372808645,0.09576733729378654,0
3.8501476017100584,94.5,3.912023005428146,94.67,4.02535169073515,95.63,Students With Disabilities: Students With Disabilities,790011: Marlborough School District,0.9043683589138132,0.9574231391585762,0.9562999999999999,-0.887981478534399,-0.8447392804845345,-0.80770230379416,1
4.276666119016055,93.65,4.174387269895637,93.82,4.204692619390966,95.36,Free/Reduced Lunch: Free/Reduced Price Meal Eligible,790011: Marlborough School District,0.8709169618260528,0.948826860841424,0.9536,-0.6951383851387246,-0.7272929529974883,-0.7280330370850334,1
3.6888794541139363,94.35,3.4011973816621555,93.01,3.4011973816621555,96.31,Race/Ethnicity: Hispanic/Latino of any race,790011: Marlborough School District,0.8984651711924436,0.9406351132686086,0.9631000000000001,-0.9608961286299181,-1.0734083548318494,-1.0849726206698964,1
5.948034989180646,94.73,5.940171252720432,95.5,5.91350300563827,95.71,Race/Ethnicity: White,790011: Marlborough School District,0.9134199134199132,0.96581715210356,0.9571,0.06054262295344437,0.06315327770066569,0.031077955802350492,0
5.814130531825066,94.8,5.780743515792329,95.67,5.75890177387728,95.82,High Needs: Students Without High Needs,790011: Marlborough School District,0.9161747343565523,0.9675364077669905,0.9581999999999999,0.0,-0.008213919504259605,-0.03760110624468501,1
4.68213122712422,93.96,4.672828834461906,94.64,4.718498871295094,95.64,High Needs: Students With High Needs,790011: Marlborough School District,0.8831168831168825,0.9571197411003237,0.9564,-0.5118142326365874,-0.5041675538734038,-0.4997830351107119,1
9.045111892608405,91.12,9.002331708246244,92.88,8.993799971795545,94.57,: All Students,800011: Meriden School District,0.7713498622589534,0.9393203883495146,0.9457,1.4608332699192383,1.4339173198521826,1.3994493720732495,0
7.416979621381154,88.45,7.349873704738337,89.76,7.396948602621014,92.44,Students With Disabilities: Students With Disabilities,800011: Meriden School District,0.6662731208185755,0.9077669902912623,0.9244,0.7247009546708147,0.6942010165191581,0.690074336607948,0
8.69433468816865,90.28,8.569406062863171,91.68,8.588024372176829,93.79,Free/Reduced Lunch: Free Meal Eligible,800011: Meriden School District,0.7382920110192837,0.9271844660194176,0.9379000000000001,1.302235322931819,1.2401198633715902,1.2191902158818508,0
6.892641641172089,93.11,6.731018100482083,95.28,6.804614520062624,95.88,Free/Reduced Lunch: Reduced Price Meal Eligible,800011: Meriden School District,0.8496654860291222,0.9635922330097089,0.9588,0.4876304548317346,0.4171727477791527,0.4269396335708245,0
8.846928500099018,90.68,8.716863386544805,92.18,8.74321260347591,94.1,Free/Reduced Lunch: Free/Reduced Price Meal Eligible,800011: Meriden School District,0.7540338449429362,0.9322411003236248,0.941,1.3712280196887066,1.306128552331677,1.2881300428480207,0
7.240649694255466,90.6,7.15305163493748,92.42,7.237059026124737,94.2,English Learners: English Learners,800011: Meriden School District,0.7508854781582053,0.9346682847896441,0.9420000000000001,0.6449763771309466,0.6060943937920604,0.6190460141309415,0
6.298949246855942,92.26,6.210600077024653,94.48,6.248042874508429,95.33,Race/Ethnicity: All other races,800011: Meriden School District,0.8162140889413618,0.9555016181229775,0.9533,0.21920253623031985,0.18420967356934126,0.17969180673764615,0
6.863803391452954,91.24,6.802394763324311,92.95,6.7357800142423265,95.21,Race/Ethnicity: Black or African American,800011: Meriden School District,0.7760724124360485,0.9400283171521037,0.9521,0.47459173070064364,0.44912422919037026,0.3963610331136312,0
8.524367395164237,90.42,8.46653127661401,92.14,8.447628728030327,94.07,Race/Ethnicity: Hispanic/Latino of any race,800011: Meriden School District,0.7438016528925622,0.9318365695792882,0.9407,1.2253875021945428,1.194068371334358,1.1568217531882432,0
7.57198844937744,92.55,7.587817219993427,94.21,7.617267813628347,95.26,Race/Ethnicity: White,800011: Meriden School District,0.8276269185360094,0.9527710355987056,0.9526000000000001,0.7947855598674426,0.8007154920053234,0.7879475332867383,0
6.931471805599453,94.37,7.29505641646263,96.05,7.2682230211595655,96.55,High Needs: Students Without High Needs,800011: Meriden School District,0.8992522628886266,0.9713794498381878,0.9655,0.5051868532561983,0.6696622737759437,0.6328901078955976,0
8.888894669371593,90.72,8.774467601446593,92.22,8.797850648931053,94.14,High Needs: Students With High Needs,800011: Meriden School District,0.7556080283353008,0.9326456310679613,0.9414,1.390202309366929,1.3319148517795878,1.3124020985826332,0
8.377241230988792,89.41,8.368461137615839,92.34,8.409385238781931,94.45,: All Students,830011: Middletown School District,0.7040535222353403,0.933859223300971,0.9445,1.158866909376582,1.1501676606760034,1.1398327102092953,0
3.58351893845611,83.19,3.4011973816621555,77.56,3.6888794541139363,87.61,Homelessness: Students Experiencing Homelessness,830011: Middletown School District,0.45926800472255014,0.7843851132686085,0.8761,-1.0085330938185642,-1.0734083548318494,-0.9571745774157477,1
6.391917113392602,86.06,6.369900982828227,87.09,6.408528791059498,92.48,Students With Disabilities: Students With Disabilities,830011: Middletown School District,0.5722156631247541,0.8807645631067963,0.9248000000000001,0.2612363758923468,0.2555200953219498,0.25098504350516476,0
7.240649694255466,86.7,7.425953657077541,88.05,7.56734567601324,93.03,Free/Reduced Lunch: Free Meal Eligible,830011: Middletown School District,0.5974025974025974,0.8904733009708738,0.9303,0.6449763771309466,0.7282579069107082,0.7657704422782451,0
5.424950017481403,87.98,5.5909869805108565,91.08,5.43372200355424,94.97,Free/Reduced Lunch: Reduced Price Meal Eligible,830011: Middletown School District,0.6477764659582843,0.921116504854369,0.9497,-0.17596135039902158,-0.09315768359007519,-0.1820568868880326,1
7.390798521735676,86.88,7.57353126274595,88.47,7.6787889981991535,93.24,Free/Reduced Lunch: Free/Reduced Price Meal Eligible,830011: Middletown School District,0.6044864226682405,0.8947208737864079,0.9324,0.7128636157528607,0.7943204396274451,0.8152773107032446,0
5.247024072160486,89.83,5.049856007249537,89.74,5.214935757608986,94.35,English Learners: English Learners,830011: Middletown School District,0.720582447855175,0.9075647249190939,0.9435,-0.2564075404208699,-0.33539282802952636,-0.2792490889756721,1
6.556778356158042,90.26,6.523562306149512,93.17,6.455198563340122,94.96,Race/Ethnicity: All other races,830011: Middletown School District,0.7375049193231011,0.9422532362459548,0.9496,0.3357755828575016,0.3243059802347204,0.27171732454634834,0
6.86171134048073,87.55,6.787844982309579,89.07,6.811244378601294,93.99,Race/Ethnicity: Black or African American,830011: Middletown School District,0.6308539944903582,0.9007888349514563,0.9399,0.4736458454350441,0.44261107714434256,0.4298848395097028,0
6.555356891810665,87.01,6.668228248417403,88.53,6.784457062637643,92.99,Race/Ethnicity: Hispanic/Latino of any race,830011: Middletown School District,0.609602518693428,0.8953276699029128,0.9299,0.335132891929025,0.38906511832199653,0.4179850136533003,0
7.59488438721652,90.85,7.579167967396076,95.05,7.6324011266014535,95.13,Race/Ethnicity: White,830011: Middletown School District,0.7607241243604879,0.9612661812297736,0.9512999999999999,0.8051375687484906,0.7968436882170733,0.7946702594178211,0
7.735870319952567,91.32,7.619233416226805,96.17,7.638198244285779,95.77,High Needs: Students Without High Needs,830011: Middletown School District,0.779220779220779,0.9725930420711976,0.9577,0.8688819603538573,0.8147788282554469,0.7972455338875051,0
7.586803535162581,87.28,7.697575346802343,88.84,7.789040401657477,93.31,High Needs: Students With High Needs,830011: Middletown School District,0.6202282565918931,0.8984627831715212,0.9331,0.8014839489310036,0.8498482842768941,0.864254688778686,0
8.557374981049069,92.27,8.570733958344267,94.24,8.593413217327646,95.0,: All Students,840011: Milford School District,0.8166076347894529,0.953074433656958,0.9500000000000001,1.2403113207611063,1.2407142905427517,1.2215841219734076,0
6.665683717782408,89.46,6.660575149839686,91.12,6.706862336602747,92.56,Students With Disabilities: Students With Disabilities,840011: Milford School District,0.7060212514757964,0.9215210355987057,0.9256000000000001,0.38501528985936695,0.38563923894900526,0.3835148290165303,0
7.01571242048723,90.21,7.095064377287131,90.99,7.164720378771857,93.47,Free/Reduced Lunch: Free Meal Eligible,840011: Milford School District,0.7355371900826442,0.9202063106796117,0.9347,0.5432748145178139,0.5801366267695531,0.5869107562590785,0
5.645446897643238,91.56,5.683579767338681,92.9,5.455321115357702,95.16,Free/Reduced Lunch: Reduced Price Meal Eligible,840011: Milford School District,0.7886658795749706,0.939522653721683,0.9516,-0.07626743623304529,-0.05170888801270931,-0.17246183565322662,1
7.241366283322318,90.49,7.312553498102598,91.37,7.330405211844402,93.74,Free/Reduced Lunch: Free/Reduced Price Meal Eligible,840011: Milford School District,0.7465564738292008,0.9240493527508092,0.9374,0.6453003706898149,0.6774947733144233,0.6605135264390332,0
4.804021044733257,93.41,4.8283137373023015,93.87,5.049856007249537,94.46,English Learners: English Learners,840011: Milford School District,0.8614718614718613,0.9493325242718448,0.9446,-0.45670382470018916,-0.4345653507862246,-0.3525830610825263,1
6.490723534502507,93.36,6.466144724237619,95.36,6.480044561926653,95.59,Race/Ethnicity: All other races,840011: Milford School District,0.8595041322314048,0.964401294498382,0.9559000000000001,0.30591001870284107,0.2986032263081312,0.28275475199183575,0
5.541263545158426,91.36,5.53338948872752,90.95,5.537334267018537,94.9,Race/Ethnicity: Black or African American,840011: Milford School District,0.7807949626131445,0.9198017799352752,0.9490000000000001,-0.12337216711414124,-0.11894097346054591,-0.13602883788581374,1
6.645090969505644,91.41,6.546785410760524,93.28,6.502790045915623,94.74,Race/Ethnicity: Hispanic/Latino of any race,840011: Milford School District,0.7827626918536006,0.9433656957928804,0.9474,0.3757046289663944,0.3347017113566652,0.2928590602717554,0
8.16763571524637,92.31,8.212025804623437,94.44,8.249575150000199,94.95,Race/Ethnicity: White,840011: Milford School District,0.8181818181818183,0.9550970873786409,0.9495,1.0640973403930967,1.0801400012824456,1.0688396988460291,0
8.07153089355666,93.3,8.074960359115858,95.78,8.106816038947052,95.88,High Needs: Students Without High Needs,840011: Milford School District,0.8571428571428568,0.968648867313916,0.9588,1.020645179811785,1.0187831955722089,1.0054213047354545,0
7.560601162768557,90.68,7.596894438144544,91.75,7.640123172695364,93.56,High Needs: Students With High Needs,840011: Milford School District,0.7540338449429362,0.9278923948220066,0.9356,0.7896369919016003,0.8047788728846179,0.7981006517683402,0
8.107720061910534,94.85,8.067462667010057,97.81,8.048468743668883,96.1,: All Students,850011: Monroe School District,0.9181424635970088,0.9891788025889969,0.961,1.0370074967795404,1.0154268832930111,0.9795014755915238,0
6.102558594613569,93.63,5.983936280687191,96.7,6.0063531596017325,94.62,Students With Disabilities: Students With Disabilities,850011: Monroe School District,0.8701298701298699,0.9779530744336571,0.9462,0.13040784302068725,0.08274451973774818,0.07232511413671591,0
5.572154032177765,92.55,5.560681631015528,95.76,5.634789603169249,94.56,Free/Reduced Lunch: Free Meal Eligible,850011: Monroe School District,0.8276269185360094,0.9684466019417477,0.9456,-0.10940555879210558,-0.1067237536822116,-0.09273590288089112,1
4.330733340286331,93.95,4.442651256490317,95.9,4.127134385045092,95.1,Free/Reduced Lunch: Reduced Price Meal Eligible,850011: Monroe School District,0.8827233372687919,0.9698624595469257,0.951,-0.6706928106137899,-0.6072056381852864,-0.7624870108873487,1
5.823045895483019,92.86,5.840641657373398,95.8,5.831882477283517,94.66,Free/Reduced Lunch: Free/Reduced Price Meal Eligible,850011: Monroe School District,0.8398268398268396,0.9688511326860842,0.9466,0.0040309300459129,0.0185992471679393,-0.005180625499602354,1
3.784189633918261,95.14,3.6375861597263857,96.61,3.5263605246161616,96.15,English Learners: English Learners,850011: Monroe School District,0.9295552931916569,0.9770428802588998,0.9615000000000001,-0.917803251861856,-0.9675898513129207,-1.029370946847339,1
5.755742213586912,95.32,5.723585101952381,97.79,5.638354669333745,96.75,Race/Ethnicity: All other races,850011: Monroe School District,0.9366391184573,0.9889765372168287,0.9675,-0.026399285025973634,-0.03380065786632985,-0.09115218069754046,1
4.634728988229636,95.88,4.343805421853684,97.73,4.204692619390966,96.9,Race/Ethnicity: Black or African American,850011: Monroe School District,0.9586776859504127,0.9883697411003238,0.9690000000000001,-0.5332463487380185,-0.6514535859346753,-0.7280330370850334,1
6.218600119691729,94.2,6.025865973825314,97.46,5.869296913133774,95.54,Race/Ethnicity: Hispanic/Latino of any race,850011: Monroe School District,0.8925619834710745,0.9856391585760519,0.9554,0.18287404495669735,0.10151418138250921,0.011440124102103166,0
7.784057002639929,94.88,7.781138509845015,97.87,7.795646536334594,96.09,Race/Ethnicity: White,850011: Monroe School District,0.9193231011412828,0.9897855987055018,0.9609000000000001,0.8906687493744146,0.8872550044050433,0.8671893557810954,0
7.842278779117352,95.25,7.804251383528112,98.21,7.796880342783522,96.45,High Needs: Students Without High Needs,850011: Monroe School District,0.9338842975206609,0.9932241100323626,0.9645,0.9169927353758074,0.8976013910871674,0.8677374540639795,0
6.6039438246004725,93.51,6.54534966033442,96.46,6.546785410760524,94.88,High Needs: Students With High Needs,850011: Monroe School District,0.8654073199527748,0.9755258899676376,0.9488,0.35710064722597057,0.3340590033450534,0.31240327966475595,0
7.58629630715272,92.25,7.5678626054638825,92.07,7.60489448081162,95.57,: All Students,860011: Montville School District,0.8158205430932703,0.9311286407766991,0.9557,0.8012546144132521,0.791782887568239,0.7824508830817619,0
5.863631175598097,87.99,5.786897381366708,88.39,5.8998973535824915,94.18,Students With Disabilities: Students With Disabilities,860011: Montville School District,0.6481700118063753,0.8939118122977348,0.9418000000000001,0.02238087417766216,-0.005459165868025373,0.025033867983090565,0
6.47543271670409,89.93,6.519147287940395,88.09,6.620073206530356,94.05,Free/Reduced Lunch: Free Meal Eligible,860011: Montville School District,0.7245179063360885,0.8908778317152105,0.9405,0.2989965355007018,0.322329614758646,0.34496018115664184,0
5.170483995038151,92.84,5.288267030694535,91.28,5.159055299214529,96.07,Free/Reduced Lunch: Reduced Price Meal Eligible,860011: Montville School District,0.8390397481306571,0.9231391585760519,0.9607,-0.29101383450217727,-0.22866907434731473,-0.3040730662853928,1
6.714170529909472,90.56,6.774223886357614,88.82,6.827629234502852,94.43,Free/Reduced Lunch: Free/Reduced Price Meal Eligible,860011: Montville School District,0.7493112947658402,0.8982605177993528,0.9443000000000001,0.40693777730149994,0.43651364730131914,0.4371635430638538,0
4.499809670330265,93.06,4.5217885770490405,91.71,4.624972813284271,96.51,English Learners: English Learners,860011: Montville School District,0.8476977567886657,0.9274878640776699,0.9651000000000001,-0.594247823625644,-0.5717801289771187,-0.5413304527345912,1
5.966146739123692,92.77,6.003887067106539,92.72,6.0473721790462776,96.4,Race/Ethnicity: All other races,860011: Montville School District,0.836284927194018,0.9377022653721684,0.9640000000000001,0.06873154264651421,0.0916754105364118,0.09054714089194718,0
4.465908118654584,92.25,4.248495242049359,90.41,4.204692619390966,97.24,Race/Ethnicity: Black or African American,860011: Montville School District,0.8158205430932703,0.9143406148867315,0.9723999999999999,-0.6095758336200175,-0.6941188117529383,-0.7280330370850334,1
5.6937321388027,91.4,5.58724865840025,90.66,5.631211781821365,94.88,Race/Ethnicity: Hispanic/Latino of any race,860011: Montville School District,0.78236914600551,0.916868932038835,0.9488,-0.05443608567560516,-0.09483112872844236,-0.09432529134530132,1
7.090076835776092,92.29,7.086737934510577,92.25,7.124478262493424,95.36,Race/Ethnicity: White,860011: Montville School District,0.8173947264856358,0.9329490291262137,0.9536,0.5768974201046572,0.5764093275235138,0.569033855995675,0
6.840546529288687,94.19,6.786716950605081,95.07,6.829793737512425,96.59,High Needs: Students Without High Needs,860011: Montville School District,0.892168437622983,0.9614684466019418,0.9659000000000001,0.46407653602454363,0.44210611820395046,0.4381250880321713,0
6.905753276311464,90.62,6.925595197110468,89.41,6.988413181999592,94.68,High Needs: Students With High Needs,860011: Montville School District,0.7516725698543882,0.9042273462783172,0.9468000000000001,0.4935586576580108,0.5042744171260753,0.5085891751918525,0
8.344980368770571,91.84,8.33110454805304,91.51,8.360305435879093,93.79,: All Students,880011: Naugatuck School District,0.7996851633215272,0.9254652103559873,0.9379000000000001,1.1442807092156402,1.1334451307975666,1.1180298125840589,0
6.579251212010101,90.57,6.582025138892826,89.71,6.641182169740591,91.15,Students With Disabilities: Students With Disabilities,880011: Naugatuck School District,0.7497048406139313,0.9072613268608415,0.9115000000000001,0.34593630241387435,0.35047663657058903,0.3543374919164008,0
7.517520850603031,89.92,7.6487397889562425,89.46,7.615298339825815,92.57,Free/Reduced Lunch: Free Meal Eligible,880011: Naugatuck School District,0.724124360487997,0.9047330097087379,0.9257,0.7701589614636132,0.827987239551741,0.7870726268455449,0
5.921578419643816,92.51,5.4638318050256105,93.19,5.484796933490655,94.17,Free/Reduced Lunch: Reduced Price Meal Eligible,880011: Naugatuck School District,0.8260527351436444,0.9424555016181231,0.9417,0.048580735009292796,-0.15007819603876457,-0.159367686794375,1
7.701652362642226,90.35,7.75491027202143,89.83,7.727094484779841,92.74,Free/Reduced Lunch: Free/Reduced Price Meal Eligible,880011: Naugatuck School District,0.7410468319559227,0.9084749190938513,0.9274,0.8534108929331825,0.875514037261179,0.8367362309996637,0
5.8522024797744745,91.04,5.736572297479192,90.12,5.817111159963204,94.67,English Learners: English Learners,880011: Naugatuck School District,0.7682014954742229,0.9114077669902915,0.9467,0.017213583739661392,-0.027986991046742075,-0.011742540997963832,1
5.8377304471659395,92.77,5.846438775057725,92.48,5.916202062607435,94.39,Race/Ethnicity: All other races,880011: Naugatuck School District,0.836284927194018,0.9352750809061491,0.9439000000000001,0.010670300335272314,0.02119430401920773,0.03227696760156018,0
6.1463292576688975,92.4,6.018593214496234,91.18,5.978885764901122,94.61,Race/Ethnicity: Black or African American,880011: Naugatuck School District,0.8217237308146399,0.9221278317152105,0.9461,0.1501980038720473,0.09825855937304367,0.06012317445340189,0
7.325148957955575,90.65,7.220373836723949,89.79,7.157735484249907,93.24,Race/Ethnicity: Hispanic/Latino of any race,880011: Naugatuck School District,0.7528532073986622,0.9080703883495147,0.9324,0.6831812820539731,0.6362309117138537,0.5838078314065347,0
7.5411524551363085,92.47,7.615791072035833,92.53,7.708410667257367,93.86,Race/Ethnicity: White,880011: Naugatuck School District,0.8244785517512789,0.9357807443365697,0.9386,0.780843589528263,0.8132378764646356,0.8284362514439687,0
7.325807502595773,94.11,7.254177846456518,94.47,7.385230923066573,95.36,High Needs: Students Without High Needs,880011: Naugatuck School District,0.8890200708382525,0.9554004854368933,0.9536,0.6834790318125465,0.6513631432526442,0.6848689496132906,0
7.851661177889265,90.55,7.887959336599945,90.04,7.887208585813932,92.82,High Needs: Students With High Needs,880011: Naugatuck School District,0.7489177489177488,0.9105987055016183,0.9281999999999999,0.921234827405189,0.9350729259004115,0.9078642948208238,0
9.137769679141348,86.71,9.154193211353181,87.75,9.184509611941662,92.54,: All Students,890011: New Britain School District,0.5977961432506884,0.8874393203883496,0.9254000000000001,1.5027269121814089,1.5018975223495485,1.4841690024369447,0
4.406719247264253,82.01,5.099866427824199,82.29,5.560681631015528,88.44,Homelessness: Students Experiencing Homelessness,890011: New Britain School District,0.4128295946477767,0.832220873786408,0.8844,-0.6363370751379823,-0.3130058606408925,-0.12565715428200513,1
7.5443321080536885,83.15,7.558516743045645,83.75,7.611842399580417,90.11,Students With Disabilities: Students With Disabilities,890011: New Britain School District,0.4576938213301851,0.8469862459546926,0.9011,0.7822812155154888,0.7875992491430553,0.7855373820622985,0
8.704668113450987,85.11,8.715880102296456,85.64,8.961366060627451,91.99,Free/Reduced Lunch: Free Meal Eligible,890011: New Britain School District,0.5348288075560803,0.8661003236245955,0.9198999999999999,1.3069074054228804,1.3056883890187394,1.385041138890572,0
6.628041376179533,88.66,6.620073206530356,90.14,6.331501849893691,94.51,Free/Reduced Lunch: Reduced Price Meal Eligible,890011: New Britain School District,0.6745375836284926,0.9116100323624596,0.9451,0.3679959453225688,0.3675087038800467,0.216767087985908,0
8.822616945344176,85.5,8.831711917821577,86.14,9.030854790001436,92.16,Free/Reduced Lunch: Free/Reduced Price Meal Eligible,890011: New Britain School District,0.550177095631641,0.8711569579288027,0.9216,1.3602359636959334,1.357540044072426,1.4159103674334832,0
7.351799869057777,85.45,7.3632795869630385,86.8,7.48605261786314,91.34,English Learners: English Learners,890011: New Britain School District,0.5482093663911849,0.8778317152103561,0.9134000000000001,0.6952310382315566,0.7002021067865798,0.7296573342448281,0
6.419994928147142,89.98,6.352629396319567,91.36,6.342121418721152,94.16,Race/Ethnicity: All other races,890011: New Britain School District,0.7264856355765446,0.923948220064725,0.9416,0.2739312822876337,0.24778853778901333,0.22148465729700828,0
6.92461239604856,88.05,6.934397209928558,88.36,6.9865664594064265,93.4,Race/Ethnicity: Black or African American,890011: New Britain School District,0.6505312868949229,0.8936084142394823,0.934,0.5020854878922344,0.5082146034242236,0.5077687989625367,0
8.742254901886351,85.61,8.75605259917045,86.45,8.775549434486189,91.92,Race/Ethnicity: Hispanic/Latino of any race,890011: New Britain School District,0.5545060999606455,0.8742920711974111,0.9192,1.323901632539834,1.3236714486911823,1.3024951497625168,0
7.251344983372214,89.25,7.317876198626496,91.37,7.392647520721623,93.89,Race/Ethnicity: White,890011: New Britain School District,0.6977567886658793,0.9240493527508092,0.9389000000000001,0.6498120702001766,0.6798774591962602,0.6881636515036128,0
7.3864708488298945,91.08,7.462214939768189,93.7,6.957497370876951,95.32,High Needs: Students Without High Needs,890011: New Britain School District,0.7697756788665879,0.9476132686084144,0.9531999999999999,0.7109069320533418,0.7444901269907944,0.4948553330604471,0
8.906528917594517,85.78,8.917042560738766,86.42,9.070503426788383,92.2,High Needs: Students With High Needs,890011: New Britain School District,0.5611963793781976,0.8739886731391587,0.922,1.398175334778569,1.3957379695904955,1.4335236241647156,0
8.322151070212902,95.66,8.338066525518801,97.76,8.339261982923576,95.95,: All Students,900011: New Canaan School District,0.9500196772924041,0.9886731391585762,0.9595,1.1339588301522843,1.1365616325325147,1.108681603680716,0
6.18826412308259,94.88,6.19644412779452,97.17,6.272877006546167,94.93,Students With Disabilities: Students With Disabilities,900011: New Canaan School District,0.9193231011412828,0.9827063106796118,0.9493,0.16915814004289012,0.17787281876731031,0.19072396266342106,0
3.091042453358316,95.33,3.258096538021482,97.18,3.912023005428146,95.85,English Learners: English Learners,900011: New Canaan School District,0.9370326643053914,0.982807443365696,0.9584999999999999,-1.2311979605416952,-1.1374668826957979,-0.8580467138693754,1
6.206575926724928,96.31,6.163314804034641,98.33,6.135564891081739,96.4,Race/Ethnicity: All other races,900011: New Canaan School District,0.9756001574183393,0.9944377022653723,0.9640000000000001,0.177437510613592,0.16304260774133708,0.12972530702288565,0
4.007333185232471,95.18,4.0943445622221,96.96,4.127134385045092,95.96,Race/Ethnicity: Black or African American,900011: New Canaan School District,0.9311294765840223,0.9805825242718447,0.9596,-0.8169126903487752,-0.7631237551742112,-0.7624870108873487,1
5.5053315359323625,95.78,5.459585514144159,97.62,5.3612921657094255,96.33,Race/Ethnicity: Hispanic/Latino of any race,900011: New Canaan School District,0.9547422274695001,0.9872572815533982,0.9633,-0.13961821395600607,-0.1519790313925443,-0.21423265464058894,1
8.107720061910534,95.56,8.135346948906706,97.7,8.146419323098003,95.86,Race/Ethnicity: White,900011: New Canaan School District,0.9460842188114915,0.9880663430420713,0.9586,1.0370074967795404,1.0458150141577034,1.0230144143018423,0
8.179199798423086,95.77,8.193676665955241,97.84,8.191463051326927,96.1,High Needs: Students Without High Needs,900011: New Canaan School District,0.9543486816214086,0.9894822006472493,0.961,1.0693258439201383,1.0719260817781864,1.0430243519370523,0
6.230481447578482,94.92,6.240275845170769,97.18,6.3561076606958915,95.0,High Needs: Students With High Needs,900011: New Canaan School District,0.9208972845336483,0.982807443365696,0.9500000000000001,0.1882459852837007,0.19749391405534056,0.22769781594682434,0
7.64826303090192,92.88,7.646831391430482,95.87,7.660114319173928,94.61,: All Students,910011: New Fairfield School District,0.8406139315230221,0.9695590614886733,0.9461,0.8292718146297149,0.8271329529314164,0.8069813907750986,0
5.75890177387728,91.08,5.733341276897746,94.18,5.796057750765372,93.48,Students With Disabilities: Students With Disabilities,910011: New Fairfield School District,0.7697756788665879,0.9524676375404533,0.9348000000000001,-0.024970743578316922,-0.029433344657803118,-0.021095172798691834,1
5.236441962829949,90.1,5.332718793265369,93.84,5.579729825986222,93.29,Free/Reduced Lunch: Free Meal Eligible,910011: New Fairfield School District,0.7312081857536401,0.9490291262135924,0.9329000000000001,-0.2611920611747201,-0.20877041827512913,-0.11719530602002737,1
4.30406509320417,92.6,4.248495242049359,93.3,4.3694478524670215,93.8,Free/Reduced Lunch: Reduced Price Meal Eligible,910011: New Fairfield School District,0.8295946477764655,0.9435679611650486,0.938,-0.6827504049598626,-0.6941188117529383,-0.6548432264598674,1
5.564520407322694,90.8,5.62040086571715,93.71,5.8377304471659395,93.41,Free/Reduced Lunch: Free/Reduced Price Meal Eligible,910011: New Fairfield School District,0.7587563951200313,0.9477144012944985,0.9340999999999999,-0.11285697243804087,-0.07999067396848578,-0.0025827607747920824,1
4.442651256490317,91.05,4.382026634673881,94.85,4.465908118654584,94.51,English Learners: English Learners,910011: New Fairfield School District,0.7685950413223139,0.9592435275080907,0.9451,-0.6200910282961175,-0.6343440108675679,-0.6119923349688412,1
4.59511985013459,93.3,4.584967478670572,96.78,4.454347296253507,95.38,Race/Ethnicity: All other races,910011: New Fairfield School District,0.8571428571428568,0.9787621359223302,0.9538,-0.5511549468575818,-0.5434983430213423,-0.6171280407452724,1
3.828641396489095,93.23,3.4011973816621555,96.75,3.4657359027997265,95.06,Race/Ethnicity: Black or African American,910011: New Fairfield School District,0.8543880362062182,0.9784587378640778,0.9506,-0.8977051434486644,-1.0734083548318494,-1.0563024409621202,1
5.8944028342648505,92.06,5.762051382780177,94.78,5.6240175061873385,94.37,Race/Ethnicity: Hispanic/Latino of any race,910011: New Fairfield School District,0.8083431719795358,0.9585355987055018,0.9437000000000001,0.0362937562811027,-0.016581379072857463,-0.09752123032343747,1
7.3727463664043285,93.03,7.409136443920128,96.0,7.455876687491824,94.6,Race/Ethnicity: White,910011: New Fairfield School District,0.8465171192443921,0.9708737864077671,0.946,0.7047016407498885,0.7207297478151328,0.7162521720045777,0
7.307872780763706,93.43,7.3031700512368,96.46,7.302496423727326,94.99,High Needs: Students Without High Needs,910011: New Fairfield School District,0.8622589531680442,0.9755258899676376,0.9499,0.6753701523689712,0.6732943103596284,0.648115504968457,0
6.324358962381311,91.36,6.343880434126331,94.42,6.459904454377535,93.71,High Needs: Students With High Needs,910011: New Fairfield School District,0.7807949626131445,0.9548948220064726,0.9370999999999999,0.23069110693802655,0.24387209939370016,0.2738078394721588,0
6.054439346269371,94.32,6.013715156042802,97.12,6.040254711277414,95.73,: All Students,920011: New Hartford School District,0.8972845336481696,0.9822006472491911,0.9573,0.10865154329147168,0.0960749157591333,0.08738532254840854,0
4.1588830833596715,94.2,4.060443010546419,96.59,4.204692619390966,95.25,Students With Disabilities: Students With Disabilities,920011: New Hartford School District,0.8925619834710745,0.9768406148867316,0.9525,-0.7483919814631596,-0.7782996509788567,-0.7280330370850334,1
4.382026634673881,92.81,4.382026634673881,95.02,4.394449154672439,94.29,Free/Reduced Lunch: Free/Reduced Price Meal Eligible,920011: New Hartford School District,0.8378591105863831,0.9609627831715212,0.9429000000000001,-0.6475014199500789,-0.6343440108675679,-0.6437368079283701,1
3.367295829986474,93.46,0.0,0.0,0.0,0.0,Race/Ethnicity: Hispanic/Latino of any race,920011: New Hartford School District,0.8634395907123178,0.0,0.0,-1.106294694801994,-2.595940938854069,-2.595898784379362,1
5.945420608606575,94.29,5.926926025970411,97.16,5.973809611869261,95.7,Race/Ethnicity: White,920011: New Hartford School District,0.8961038961038961,0.9826051779935276,0.9570000000000001,0.05936057524212405,0.057224104222408326,0.0578681767081421,0
5.680172609017068,94.67,5.638354669333745,97.7,5.676753802268282,96.07,High Needs: Students Without High Needs,920011: New Hartford School District,0.9110586383313657,0.9880663430420713,0.9607,-0.060566796448418114,-0.07195372463976307,-0.07409399556328182,1
4.844187086458591,93.48,4.804021044733257,95.84,4.859812404361672,94.92,High Needs: Students With High Needs,920011: New Hartford School District,0.8642266824085008,0.9692556634304209,0.9492,-0.4385434320759782,-0.4454398787361226,-0.4370068153159727,1
9.7997368515422,83.83,9.82720028436401,83.61,9.868274796780383,92.81,: All Students,930011: New Haven School District,0.4844549390003934,0.8455703883495147,0.9281,1.8020241104800325,1.8031664823519964,1.7879204733679204,0
5.459585514144159,75.73,5.159055299214529,72.84,6.234410725718371,88.38,Homelessness: Students Experiencing Homelessness,930011: New Haven School District,0.16568280204643893,0.7366504854368934,0.8837999999999999,-0.1603014996616395,-0.28651019597022326,0.173635948178678,1
7.904334842085095,79.11,7.964503363551548,77.5,8.044626279767337,90.05,Students With Disabilities: Students With Disabilities,930011: New Haven School District,0.2987012987012987,0.7837783171521037,0.9005,0.9450503288004577,0.9693375574605878,0.9777945240122783,0
9.274441297382706,82.01,9.36005264520451,80.52,9.465989834846651,91.78,Free/Reduced Lunch: Free Meal Eligible,930011: New Haven School District,0.4128295946477767,0.8143203883495146,0.9178000000000001,1.5645206598656332,1.5940496854250836,1.6092119757283327,0
7.291656209174461,86.64,7.187657164114956,88.75,6.852242569051878,94.5,Free/Reduced Lunch: Reduced Price Meal Eligible,930011: New Haven School District,0.5950413223140494,0.8975525889967638,0.9450000000000001,0.6680381053354801,0.621585422346919,0.4480976133259224,0
9.40335455830888,82.57,9.467846701917901,81.37,9.536617962187327,91.97,Free/Reduced Lunch: Free/Reduced Price Meal Eligible,930011: New Haven School District,0.4348681621408894,0.8229166666666669,0.9197,1.6228065982435247,1.642303269470204,1.6405873631340118,0
8.180320874773685,86.06,8.131236549696116,85.73,8.220672170297252,93.76,English Learners: English Learners,930011: New Haven School District,0.5722156631247541,0.8670105177993529,0.9376000000000001,1.0698327195248545,1.043975010174046,1.0560000240662597,0
7.004881989712859,86.23,6.848005274576363,87.64,6.828712071641684,94.67,Race/Ethnicity: All other races,930011: New Haven School District,0.5789059425423062,0.8863268608414241,0.9467,0.5383780194465723,0.4695415945363428,0.4376445757063341,0
8.73294952429643,82.05,8.790877754224164,80.32,8.84361509218395,92.06,Race/Ethnicity: Black or African American,930011: New Haven School District,0.4144037780401417,0.8122977346278317,0.9206000000000001,1.3196943643279178,1.339260791902717,1.332732202048903,0
9.080231686629162,84.21,9.099408811268901,84.32,9.121836973384779,92.8,Race/Ethnicity: Hispanic/Latino of any race,930011: New Haven School District,0.499409681227863,0.8527508090614887,0.9279999999999999,1.4767120874701367,1.4773735018754226,1.4563277104687542,0
7.57353126274595,86.49,7.63433723562832,89.14,7.742402021815782,94.39,Race/Ethnicity: White,930011: New Haven School District,0.5891381345926798,0.9014967637540454,0.9439000000000001,0.7954831166919267,0.8215399933986338,0.8435363533137212,0
8.293299358711323,87.2,8.301025253838453,90.52,8.329416783939319,95.25,High Needs: Students Without High Needs,930011: New Haven School District,0.6170798898071626,0.9154530744336571,0.9525,1.1209140195052185,1.1199802534596577,1.1043080354742834,0
9.51296031679217,82.94,9.560997243589352,81.78,9.626745420122681,92.13,High Needs: Students With High Needs,930011: New Haven School District,0.44942935852026755,0.8270631067961166,0.9213,1.6723629777728404,1.6840017418019666,1.680625008404867,0
8.25608813381491,94.13,8.261784679514752,96.54,8.282988692742602,95.65,: All Students,940011: Newington School District,0.889807162534435,0.9763349514563109,0.9565000000000001,1.1040895970548368,1.1024143652387326,1.083683117291521,0
6.35088571671474,92.15,6.317164686747284,94.36,6.322565239927284,94.05,Students With Disabilities: Students With Disabilities,940011: Newington School District,0.8118850846123573,0.9542880258899678,0.9405,0.24268472774426125,0.23191290052144092,0.21279714555154336,0
6.889591308354466,91.57,6.860663671448287,93.74,6.957497370876951,94.24,Free/Reduced Lunch: Free Meal Eligible,940011: Newington School District,0.7890594254230616,0.9480177993527509,0.9424,0.48625129872814443,0.47520807593577585,0.4948553330604471,0
5.652489180268651,93.67,5.811140992976701,96.06,5.4510384535657,95.26,Free/Reduced Lunch: Reduced Price Meal Eligible,940011: Newington School District,0.8717040535222353,0.9714805825242719,0.9526000000000001,-0.07308338791873269,0.005393391184266387,-0.17436433792690878,1
7.143617602704121,92.04,7.160069207596127,94.35,7.1569563646156364,94.43,Free/Reduced Lunch: Free/Reduced Price Meal Eligible,940011: Newington School District,0.8075560802833532,0.9541868932038836,0.9443000000000001,0.6011049672526526,0.6092357824956798,0.5834617202850733,0
5.733341276897746,93.71,5.60947179518496,95.34,5.556828061699537,95.78,English Learners: English Learners,940011: Newington School District,0.8732782369146004,0.9641990291262138,0.9578,-0.03652748755604178,-0.08488302925725888,-0.1273690392595104,1
6.335054251498059,95.1,6.3473892096560105,97.34,6.380122536899765,96.47,Race/Ethnicity: All other races,940011: Newington School District,0.9279811097992914,0.9844255663430422,0.9647,0.23552680000725654,0.24544278891109195,0.23836603090262432,0
5.3981627015177525,94.25,5.455321115357702,95.75,5.484796933490655,96.14,Race/Ethnicity: Black or African American,940011: Newington School District,0.8945297127115306,0.9683454692556636,0.9614,-0.18807277971474254,-0.15388797267853133,-0.159367686794375,1
6.882437470997847,92.42,6.795705775173514,94.68,6.779921907472252,94.9,Race/Ethnicity: Hispanic/Latino of any race,940011: Newington School District,0.8225108225108224,0.9575242718446604,0.9490000000000001,0.48301681283943426,0.44612993004482926,0.4159703453388953,0
7.646831391430482,94.64,7.685703061234547,97.17,7.717796211013582,95.66,Race/Ethnicity: White,940011: Newington School District,0.9098780007870917,0.9827063106796118,0.9566,0.8286245231919522,0.8445337025001224,0.8326056253528049,0
7.666221925662725,95.5,7.6708948313621175,97.98,7.726212650507529,96.43,High Needs: Students Without High Needs,940011: Newington School District,0.9437229437229435,0.9908980582524274,0.9643,0.837391623451887,0.8379048568429945,0.8363444905845746,0
7.428333194190806,92.43,7.43307534889858,94.72,7.432483807917119,94.58,High Needs: Students With High Needs,940011: Newington School District,0.8229043683589139,0.9579288025889968,0.9458,0.7298342795157371,0.7314459041464341,0.7058602688517377,0
8.024862150286411,88.68,8.0925452638913,86.72,8.12533508671429,94.17,: All Students,950011: New London School District,0.6753246753246755,0.877022653721683,0.9417,0.9995447012816424,1.0266550087906623,1.0136480880292933,0
5.220355825078324,88.69,5.54907608489522,83.45,5.71042701737487,92.74,Homelessness: Students Experiencing Homelessness,950011: New London School District,0.6757182211727666,0.8439522653721684,0.9274,-0.2684651347669429,-0.11191893059808516,-0.05913522192812844,1
6.297109319933935,84.06,6.3578422665081,84.01,6.405228458030842,91.99,Students With Disabilities: Students With Disabilities,950011: New London School District,0.49350649350649345,0.8496156957928804,0.9198999999999999,0.21837064456591349,0.25012205855470343,0.24951892467629672,0
7.751045117971802,87.78,7.725771441587952,85.15,7.814803429489359,93.64,Free/Reduced Lunch: Free Meal Eligible,950011: New London School District,0.6399055489964582,0.8611448220064727,0.9364,0.8757429871860976,0.8624701548230513,0.8756994914289054,0
5.220355825078324,92.22,5.7745515455444085,89.68,5.703782474656201,95.54,Free/Reduced Lunch: Reduced Price Meal Eligible,950011: New London School District,0.8146399055489963,0.9069579288025892,0.9554,-0.2684651347669429,-0.010985730547212936,-0.062086951073179006,1
7.827240901752812,88.1,7.8582541821860294,85.71,7.9287663216266955,93.85,Free/Reduced Lunch: Free/Reduced Price Meal Eligible,950011: New London School District,0.6524990161353794,0.8668082524271845,0.9385,0.9101936148888479,0.9217755307676141,0.9263256374887241,0
6.645090969505644,88.54,6.660575149839686,84.87,6.71901315438526,93.94,English Learners: English Learners,950011: New London School District,0.6698150334513975,0.8583131067961166,0.9394,0.3757046289663944,0.38563923894900526,0.3889126305663753,0
6.075346031088684,89.76,6.131226489483141,87.04,6.12029741895095,94.2,Race/Ethnicity: All other races,950011: New London School District,0.717827626918536,0.8802588996763756,0.9420000000000001,0.11810414525274199,0.14867840037882935,0.12294298288595479,0
6.230481447578482,90.54,6.366470447731438,87.9,6.386879319362645,95.51,Race/Ethnicity: Black or African American,950011: New London School District,0.7485242030696577,0.8889563106796118,0.9551000000000001,0.1882459852837007,0.2539844298255415,0.24136762071352505,0
7.4413203897176174,87.43,7.477604243197589,85.06,7.484368643286131,93.55,Race/Ethnicity: Hispanic/Latino of any race,950011: New London School District,0.6261314443132626,0.8602346278317153,0.9355,0.7357062190876549,0.751379087932313,0.7289092561529353,0
6.018593214496234,90.38,6.137727054086234,91.27,6.315358001522335,94.71,Race/Ethnicity: White,950011: New London School District,0.7422274695001967,0.9230380258899678,0.9470999999999999,0.09244432447934849,0.15158835246691252,0.20959544807498945,0
5.796057750765372,92.69,6.077642243349034,93.16,6.1903154058531475,95.83,High Needs: Students Without High Needs,950011: New London School District,0.8331365604092875,0.9421521035598707,0.9583,-0.008171300575242832,0.12469162408371931,0.15404732540696905,0
7.86403565907245,88.19,7.907283609426348,85.76,7.969703583278656,93.89,High Needs: Students With High Needs,950011: New London School District,0.6560409287682014,0.8673139158576053,0.9389000000000001,0.9268297386076491,0.9437233603619233,0.94451134468527,0
8.189244525735901,91.83,8.201385955238608,93.45,8.252706676567644,95.64,: All Students,960011: New Milford School District,0.7992916174734357,0.9450849514563109,0.9564,1.0738673965344403,1.075377114698788,1.0702308281726054,0
6.293419278846481,88.97,6.300785794663244,90.59,6.340359303727752,94.35,Students With Disabilities: Students With Disabilities,960011: New Milford School District,0.6867375049193232,0.916161003236246,0.9435,0.21670225524824346,0.22458095412439072,0.22070186660648636,0
6.796823718274855,89.33,6.897704943128636,90.05,6.9930151229329605,94.38,Free/Reduced Lunch: Free Meal Eligible,960011: New Milford School District,0.7009051554506098,0.9106998381877024,0.9438,0.44430801065988124,0.49178945500863336,0.5106335119885232,0
5.541263545158426,91.6,5.805134968916488,92.39,5.53338948872752,95.55,Free/Reduced Lunch: Reduced Price Meal Eligible,960011: New Milford School District,0.7902400629673352,0.9343648867313917,0.9555,-0.12337216711414124,0.002704818218346253,-0.13778124095482258,1
7.046647277848756,89.82,7.186144304522325,90.64,7.201170883281678,94.6,Free/Reduced Lunch: Free/Reduced Price Meal Eligible,960011: New Milford School District,0.7201889020070835,0.9166666666666667,0.946,0.557261484135421,0.6209081967212468,0.6031032951694147,0
5.3706380281276624,91.51,5.225746673713202,91.6,5.278114659230517,95.12,English Learners: English Learners,960011: New Milford School District,0.7866981503345141,0.9263754045307444,0.9512,-0.2005175926498923,-0.25665606539405683,-0.251182897942752,1
5.5909869805108565,92.72,5.60947179518496,94.66,5.6131281063880705,96.9,Race/Ethnicity: All other races,960011: New Milford School District,0.8343171979535615,0.957322006472492,0.9690000000000001,-0.1008905615130806,-0.08488302925725888,-0.10235866761905427,1
4.762173934797756,91.93,4.77912349311153,93.43,4.700480365792417,96.62,Race/Ethnicity: Black or African American,960011: New Milford School District,0.8032270759543487,0.9448826860841426,0.9662000000000001,-0.4756242837241081,-0.4565851694536903,-0.5077874607114496,1
6.626717749249025,91.4,6.484635235635252,91.34,6.415096959171596,95.11,Race/Ethnicity: Hispanic/Latino of any race,960011: New Milford School District,0.78236914600551,0.9237459546925568,0.9511000000000001,0.3673974899181157,0.30688043075675153,0.2539028444836426,0
7.80994708647679,91.87,7.86403565907245,93.85,7.953669778649798,95.59,Race/Ethnicity: White,960011: New Milford School District,0.8008658008658012,0.9491302588996764,0.9559000000000001,0.9023745104440842,0.9243635860774312,0.9373885899024504,0
7.609862200913554,93.12,7.573017256052546,95.35,7.674152921281675,96.29,High Needs: Students Without High Needs,960011: New Milford School District,0.8500590318772137,0.9643001618122978,0.9629000000000001,0.8119095324697468,0.7940903465598295,0.8132178095553976,0
7.329093736246592,90.11,7.408530566894626,91.21,7.430707082545968,94.79,High Needs: Students With High Needs,960011: New Milford School District,0.7316017316017316,0.9224312297734628,0.9479000000000001,0.6849648464656773,0.7204585293559481,0.7050709877404818,0
8.294549515143679,94.65,8.296546520300614,96.63,8.31898612539206,95.89,: All Students,970011: Newtown School District,0.9102715466351832,0.977245145631068,0.9589,1.121479256473514,1.117975366068153,1.0996743864573977,0
6.361302477572996,93.4,6.306275286948016,94.75,6.322565239927284,94.59,Students With Disabilities: Students With Disabilities,970011: Newtown School District,0.8610783156237702,0.9582322006472493,0.9459000000000001,0.24739448899860753,0.22703830367968741,0.21279714555154336,0
5.934894195619588,92.57,6.056784013228625,94.84,6.102558594613569,94.7,Free/Reduced Lunch: Free Meal Eligible,970011: Newtown School District,0.8284140102321915,0.9591423948220066,0.9470000000000001,0.05460123664272934,0.11535451969378314,0.11506280105666701,0
4.795790545596741,93.59,4.969813299576001,94.85,4.836281906951478,95.26,Free/Reduced Lunch: Reduced Price Meal Eligible,970011: Newtown School District,0.8685556867375048,0.9592435275080907,0.9526000000000001,-0.46042510490087357,-0.3712236302062492,-0.44745985293556106,1
6.210600077024653,92.81,6.345636360828596,94.84,6.349138991379798,94.83,Free/Reduced Lunch: Free/Reduced Price Meal Eligible,970011: Newtown School District,0.8378591105863831,0.9591423948220066,0.9483,0.1792569617290786,0.24465813305166068,0.2246020988759204,0
3.828641396489095,95.31,3.258096538021482,94.25,3.1780538303479458,94.2,English Learners: English Learners,970011: Newtown School District,0.9362455726092089,0.9531755663430422,0.9420000000000001,-0.8977051434486644,-1.1374668826957979,-1.1841004842162688,1
5.220355825078324,95.06,5.272999558563747,96.9,5.351858133476067,96.57,Race/Ethnicity: All other races,970011: Newtown School District,0.9264069264069263,0.97997572815534,0.9657,-0.2684651347669429,-0.23550349798885495,-0.21842356876027885,1
4.454347296253507,95.32,4.23410650459726,97.69,4.204692619390966,96.77,Race/Ethnicity: Black or African American,970011: Newtown School District,0.9366391184573,0.9879652103559872,0.9677,-0.6148028628428124,-0.700559873283762,-0.7280330370850334,1
6.082218910376446,93.92,5.968707559985366,96.01,5.857933154483459,95.72,Race/Ethnicity: Hispanic/Latino of any race,970011: Newtown School District,0.8815426997245179,0.9709749190938514,0.9572,0.12121160072913867,0.07592744302043897,0.006391960665481255,0
8.100464891029363,94.71,8.119100837637486,96.67,8.153637486385282,95.85,Race/Ethnicity: White,970011: Newtown School District,0.9126328217237303,0.9776496763754047,0.9584999999999999,1.0337271946611788,1.0385425065683467,1.026220964978224,0
8.000349495324684,95.1,7.998671361015776,97.16,8.044305406990638,96.18,High Needs: Students Without High Needs,970011: Newtown School District,0.9279811097992914,0.9826051779935276,0.9618000000000001,0.9884617212506278,0.9846327266708657,0.977651981542926,0
6.877296071497429,93.36,6.890609120147166,95.03,6.893656354602635,94.98,High Needs: Students With High Needs,970011: Newtown School District,0.8595041322314048,0.9610639158576053,0.9498000000000001,0.48069221649996896,0.4886130378568416,0.4664950084504338,0
4.23410650459726,93.72,4.290459441148391,95.42,4.23410650459726,96.44,: All Students,980011: Norfolk School District,0.8736717827626919,0.9650080906148869,0.9644,-0.7143809909465271,-0.6753337036509652,-0.7149664009132692,1
3.044522437723423,93.13,3.091042453358316,94.22,3.295836866004329,95.28,Free/Reduced Lunch: Free/Reduced Price Meal Eligible,980011: Norfolk School District,0.8504525777253047,0.9528721682847897,0.9528,-1.2522311944010631,-1.212247984364581,-1.1317773020411181,1
4.0943445622221,93.89,4.127134385045092,95.45,4.0943445622221,96.49,Race/Ethnicity: White,980011: Norfolk School District,0.8803620621802439,0.9653114886731393,0.9649,-0.7775719761277812,-0.7484455204026902,-0.7770533519864483,1
3.713572066704308,94.55,3.828641396489095,96.13,3.58351893845611,97.81,High Needs: Students Without High Needs,980011: Norfolk School District,0.9063360881542697,0.9721885113268609,0.9781000000000001,-0.9497317838178218,-0.882064728634757,-1.0039792587869694,1
3.258096538021482,92.62,3.332204510175204,94.39,3.5263605246161616,94.96,High Needs: Students With High Needs,980011: Norfolk School District,0.8303817394726485,0.9545914239482202,0.9496,-1.1556672974082218,-1.1042927414512482,-1.029370946847339,1
7.337587743538596,93.5,7.362010551259734,95.5,7.404279118037268,95.09,: All Students,990011: North Branford School District,0.8650137741046833,0.96581715210356,0.9509000000000001,0.6888052673971332,0.6996340279626377,0.6933307978752683,0
5.438079308923196,92.41,5.429345628954441,94.67,5.537334267018537,93.95,Students With Disabilities: Students With Disabilities,990011: North Branford School District,0.8221172766627309,0.9574231391585762,0.9395,-0.1700251645759048,-0.16551579664664906,-0.13602883788581374,1
5.484796933490655,92.04,5.66988092298052,93.49,5.700443573390687,94.29,Free/Reduced Lunch: Free Meal Eligible,990011: North Branford School District,0.8075560802833532,0.9454894822006473,0.9429000000000001,-0.14890258519859925,-0.057841121622908546,-0.06357020320882614,1
3.970291913552122,92.47,4.543294782270004,95.3,4.465908118654584,94.78,Free/Reduced Lunch: Reduced Price Meal Eligible,990011: North Branford School District,0.8244785517512789,0.9637944983818771,0.9478,-0.8336602713430686,-0.562152961090854,-0.6119923349688412,1
5.680172609017068,92.12,5.948034989180646,93.93,5.953243334287785,94.4,Free/Reduced Lunch: Free/Reduced Price Meal Eligible,990011: North Branford School District,0.8107044470680833,0.9499393203883497,0.9440000000000001,-0.060566796448418114,0.06667344829040912,0.048731945139958745,0
4.04305126783455,95.09,4.1588830833596715,95.91,4.060443010546419,95.26,Race/Ethnicity: All other races,990011: North Branford School District,0.9275875639512003,0.9699635922330098,0.9526000000000001,-0.8007633667914922,-0.7342333409082392,-0.792113560398141,1
3.1354942159291497,93.5,3.258096538021482,87.49,3.367295829986474,95.78,Race/Ethnicity: Black or African American,990011: North Branford School District,0.8650137741046833,0.8848098705501619,0.9578,-1.2110998521285037,-1.1374668826957979,-1.100032829081589,1
4.955827057601261,92.52,4.897839799950911,94.24,4.867534450455582,94.67,Race/Ethnicity: Hispanic/Latino of any race,990011: North Branford School District,0.8264462809917354,0.953074433656958,0.9467,-0.38806731789050497,-0.40344228324771353,-0.43357642296545357,1
7.183870715062453,93.53,7.21081845347222,95.75,7.264730177929867,95.1,Race/Ethnicity: White,990011: North Branford School District,0.8661944116489568,0.9683454692556636,0.951,0.6193047273826805,0.6319534821144968,0.6313384695667138,0
6.975413927455952,93.96,6.937314081223682,96.14,6.99117688712121,95.52,High Needs: Students Without High Needs,990011: North Branford School District,0.8831168831168825,0.9722896440129452,0.9551999999999999,0.5250545362883453,0.50952032934715,0.509816905872684,0
6.137727054086234,92.43,6.285998094508865,94.39,6.322565239927284,94.24,High Needs: Students With High Needs,990011: North Branford School District,0.8229043683589139,0.9545914239482202,0.9424,0.14630866382796656,0.21796129851452145,0.21279714555154336,0
5.389071729816501,94.07,5.484796933490655,96.13,5.5053315359323625,95.1,: All Students,1000011: North Canaan School District,0.887445887445887,0.9721885113268609,0.951,-0.1921831079507008,-0.14069323902676004,-0.1502455263876226,1
3.2188758248682006,92.99,3.6109179126442243,93.4,3.6375861597263857,93.47,Students With Disabilities: Students With Disabilities,1000011: North Canaan School District,0.8449429358520266,0.9445792880258902,0.9347,-1.173400275796677,-0.9795277868647537,-0.9799607823360655,1
4.418840607796598,93.75,4.762173934797756,94.96,4.859812404361672,94.8,Free/Reduced Lunch: Free/Reduced Price Meal Eligible,1000011: North Canaan School District,0.8748524203069654,0.9603559870550162,0.948,-0.6308566081327371,-0.46417257233616965,-0.4370068153159727,1
3.4339872044851463,93.31,3.4011973816621555,96.03,3.5553480614894135,95.97,Race/Ethnicity: Hispanic/Latino of any race,1000011: North Canaan School District,0.8575364029909482,0.9711771844660195,0.9597,-1.0761413241057658,-1.0734083548318494,-1.0164937089312363,1
5.176149732573829,94.28,5.293304824724492,96.3,5.298317366548036,95.07,Race/Ethnicity: White,1000011: North Canaan School District,0.8957103502558046,0.9739077669902914,0.9507,-0.28845216763798304,-0.22641392573301883,-0.24220817650247867,1
4.7535901911063645,94.48,4.663439094112067,97.42,4.6443908991413725,95.5,High Needs: Students Without High Needs,1000011: North Canaan School District,0.9035812672176307,0.9852346278317153,0.9550000000000001,-0.47950527744231525,-0.5083708340814908,-0.532704286511826,1
4.59511985013459,93.59,4.890349128221754,95.1,4.962844630259907,94.81,High Needs: Students With High Needs,1000011: North Canaan School District,0.8685556867375048,0.9617718446601943,0.9481,-0.5511549468575818,-0.40679545288301494,-0.3912364384909765,1
8.049107721326406,94.64,8.033009498596668,96.58,8.047829357457841,95.38,: All Students,1010011: North Haven School District,0.9098780007870917,0.9767394822006473,0.9538,1.0105069238599946,1.000004058432857,0.9792174387519725,0
5.921578419643816,92.09,5.87493073085203,93.51,5.910796644040527,93.1,Students With Disabilities: Students With Disabilities,1010011: North Haven School District,0.8095238095238098,0.9456917475728157,0.9309999999999999,0.048580735009292796,0.033948615578200975,0.029875699041677074,0
6.236369590203704,92.38,6.20455776256869,94.3,6.236369590203704,93.64,Free/Reduced Lunch: Free Meal Eligible,1010011: North Haven School District,0.8209366391184569,0.9536812297734629,0.9364,0.19090820882647877,0.181504855350995,0.17450614160467812,0
5.0238805208462765,92.88,5.0369526024136295,94.33,4.787491742782046,94.55,Free/Reduced Lunch: Reduced Price Meal Eligible,1010011: North Haven School District,0.8406139315230221,0.9539846278317153,0.9455,-0.3572981019339505,-0.3411689862770369,-0.4691340833029998,1
6.495265555937008,92.5,6.473890696352274,94.31,6.4457198193855785,93.81,Free/Reduced Lunch: Free/Reduced Price Meal Eligible,1010011: North Haven School District,0.8256591892955529,0.9537823624595471,0.9381,0.307963616443992,0.30207068015337873,0.26750654797770823,0
4.941642422609304,94.3,4.718498871295094,96.34,4.624972813284271,96.12,English Learners: English Learners,1010011: North Haven School District,0.8964974419519871,0.974312297734628,0.9612,-0.39448065935060167,-0.48372354213597174,-0.5413304527345912,1
5.720311776607412,95.37,5.8664680569332965,97.43,5.831882477283517,96.02,Race/Ethnicity: All other races,1010011: North Haven School District,0.9386068476977569,0.9853357605177996,0.9601999999999999,-0.04241855450726913,0.030160332999043322,-0.005180625499602354,1
5.062595033026967,94.29,4.997212273764115,96.09,4.9344739331306915,95.89,Race/Ethnicity: Black or African American,1010011: North Haven School District,0.8961038961038961,0.9717839805825245,0.9589,-0.3397939937058131,-0.3589585875494773,-0.40383965546577616,1
5.942799375126701,94.37,5.796057750765372,95.84,5.700443573390687,95.21,Race/Ethnicity: Hispanic/Latino of any race,1010011: North Haven School District,0.8992522628886266,0.9692556634304209,0.9521,0.05817542910599844,-0.0013585626609482326,-0.06357020320882614,1
7.736307096548285,94.61,7.720461694599722,96.59,7.762596048540069,95.28,Race/Ethnicity: White,1010011: North Haven School District,0.9086973632428177,0.9768406148867316,0.9528,0.8690794414629381,0.8600932675403312,0.852507218542796,0
7.661527081358517,95.48,7.6544432264701125,97.43,7.692569648067906,95.98,High Needs: Students Without High Needs,1010011: North Haven School District,0.942935852026761,0.9853357605177996,0.9598000000000001,0.8352689294494011,0.8305403608444425,0.8213991384312906,0
6.883462586413092,92.9,6.841615476477592,94.66,6.841615476477592,93.97,High Needs: Students With High Needs,1010011: North Haven School District,0.8414010232192051,0.957322006472492,0.9397,0.4834803013393288,0.46668122663674494,0.4433767017136699,0
6.608000625296087,94.13,6.5638555265321274,94.08,6.559615237493242,95.41,: All Students,1020011: North Stonington School District,0.889807162534435,0.9514563106796118,0.9541,0.35893486066264224,0.34234308130932484,0.318102719806289,0
4.31748811353631,93.9,4.174387269895637,92.13,4.248495242049359,93.09,Students With Disabilities: Students With Disabilities,1020011: North Stonington School District,0.8807556080283354,0.9317354368932039,0.9309000000000001,-0.6766814146147005,-0.7272929529974883,-0.7085744402477876,1
4.700480365792417,92.84,4.867534450455582,91.04,4.804021044733257,94.23,Free/Reduced Lunch: Free Meal Eligible,1020011: North Stonington School District,0.8390397481306571,0.9207119741100326,0.9423,-0.5035179816689357,-0.4170083533398499,-0.46179121195992784,1
3.7612001156935624,91.91,3.367295829986474,92.38,3.784189633918261,94.11,Free/Reduced Lunch: Reduced Price Meal Eligible,1020011: North Stonington School District,0.8024399842581658,0.9342637540453075,0.9411,-0.9281975715226516,-1.0885842506364947,-0.9148345929412707,1
5.0238805208462765,92.58,5.062595033026967,91.28,5.10594547390058,94.2,Free/Reduced Lunch: Free/Reduced Price Meal Eligible,1020011: North Stonington School District,0.828807556080283,0.9231391585760519,0.9420000000000001,-0.3572981019339505,-0.3296902534187705,-0.32766623528215033,1
3.58351893845611,91.16,0.0,0.0,3.784189633918261,95.59,Race/Ethnicity: All other races,1020011: North Stonington School District,0.772924045651318,0.0,0.9559000000000001,-1.0085330938185642,-2.595940938854069,-0.9148345929412707,1
6.486160788944089,94.29,6.434546518787453,94.28,6.428105272684596,95.46,Race/Ethnicity: White,1020011: North Stonington School District,0.8961038961038961,0.9534789644012946,0.9546,0.30384705090153563,0.2844584143504684,0.25968157445047646,0
6.2878585601617845,94.54,6.218600119691729,95.22,6.210600077024653,95.94,High Needs: Students Without High Needs,1020011: North Stonington School District,0.9059425423061787,0.962985436893204,0.9594,0.21418807087136518,0.18779086109461182,0.16305845794532603,0
5.272999558563747,92.98,5.288267030694535,91.31,5.342334251964811,94.08,High Needs: Students With High Needs,1020011: North Stonington School District,0.8445493900039356,0.9234425566343043,0.9408,-0.24466316603332525,-0.22866907434731473,-0.22265439694831915,1
9.42197798310419,90.92,9.339612707680322,92.27,9.350102314351341,94.5,: All Students,1030011: Norwalk School District,0.7634789452971269,0.933151294498382,0.9450000000000001,1.631226863018507,1.584899828064925,1.5577308450806868,0
3.5263605246161616,81.29,3.091042453358316,86.67,3.258096538021482,88.55,Homelessness: Students Experiencing Homelessness,1030011: Norwalk School District,0.38449429358520293,0.8765169902912623,0.8855,-1.0343762984890374,-1.212247984364581,-1.1485428238787228,1
7.451241684987676,88.35,7.369600720526409,89.77,7.392647520721623,93.25,Students With Disabilities: Students With Disabilities,1030011: Norwalk School District,0.662337662337662,0.9078681229773463,0.9325,0.7401919640031501,0.7030317372779114,0.6881636515036128,0
8.589141690728821,89.59,8.629092283913646,90.37,8.691314551644853,93.86,Free/Reduced Lunch: Free Meal Eligible,1030011: Norwalk School District,0.7111373475009839,0.913936084142395,0.9386,1.2546740982562996,1.2668381646546787,1.2650751843502834,0
7.059617628291383,91.55,7.079184394609668,92.04,6.899723107284872,95.03,Free/Reduced Lunch: Reduced Price Meal Eligible,1030011: Norwalk School District,0.7882723337268791,0.9308252427184468,0.9503,0.5631258074890252,0.5730280151992566,0.4691900638464447,0
8.785080636539838,89.94,8.821437352166997,90.66,8.845345196421732,94.03,Free/Reduced Lunch: Free/Reduced Price Meal Eligible,1030011: Norwalk School District,0.7249114521841795,0.916868932038835,0.9403,1.3432645600855935,1.3529406753089086,1.333500772486157,0
7.6787889981991535,89.99,7.5480289699350145,89.93,7.675081857716334,93.77,English Learners: English Learners,1030011: Norwalk School District,0.7268791814246356,0.9094862459546927,0.9377,0.8430736115591325,0.7829044389033265,0.8136304743337243,0
6.81783057145415,91.93,6.734591659972948,94.98,6.7464121285733745,95.23,Race/Ethnicity: All other races,1030011: Norwalk School District,0.8032270759543487,0.9605582524271846,0.9523,0.45380590204145876,0.4187724375810793,0.40108417555897796,0
7.478169694159785,89.95,7.405495663199472,90.26,7.451241684987676,94.33,Race/Ethnicity: Black or African American,1030011: Norwalk School District,0.725304998032271,0.9128236245954694,0.9433,0.7523670053601731,0.7190999666949999,0.7141931481472342,0
8.813438494528507,90.35,8.704170559746386,90.98,8.700847193443972,94.19,Race/Ethnicity: Hispanic/Latino of any race,1030011: Norwalk School District,0.7410468319559227,0.9201051779935276,0.9419,1.3560860832662311,1.3004466585115364,1.269309904152555,0
7.990576881743923,92.47,7.9617188159813645,95.29,7.980023592310645,95.01,Race/Ethnicity: White,1030011: Norwalk School District,0.8244785517512789,0.9636933656957931,0.9501000000000001,0.9840432002321781,0.9680910657308748,0.9490958394694365,0
8.331345424845724,93.0,8.19863945529737,95.52,8.23827262463303,95.48,High Needs: Students Without High Needs,1030011: Norwalk School District,0.8453364817001181,0.9660194174757283,0.9548000000000001,1.1381159012224207,1.074147654840005,1.063818737291337,0
8.955190024526887,89.88,8.922791623969637,90.75,8.951310542097564,94.01,High Needs: Students With High Needs,1030011: Norwalk School District,0.7225501770956315,0.9177791262135924,0.9401,1.4201766266525244,1.3983115150553362,1.380574139674829,0
8.063692634269517,92.35,8.08271113423758,93.4,8.101677747454572,94.84,: All Students,1040011: Norwich School District,0.8197560015741829,0.9445792880258902,0.9484,1.0171012441877993,1.0222527994646136,1.0031387029980159,0
6.3473892096560105,89.88,6.364750756851911,90.8,6.434546518787453,91.87,Students With Disabilities: Students With Disabilities,1040011: Norwich School District,0.7225501770956315,0.918284789644013,0.9187000000000001,0.24110384154606262,0.2532146169906137,0.262542992407626,0
7.377133712833954,91.7,7.5569505720129,92.44,7.5822291942764615,94.52,Free/Reduced Lunch: Free Meal Eligible,1040011: Norwich School District,0.7941755214482487,0.9348705501618124,0.9451999999999999,0.7066853048182893,0.7868981588616262,0.7723822012056144,0
5.58724865840025,94.3,5.75890177387728,95.61,5.220355825078324,96.35,Free/Reduced Lunch: Reduced Price Meal Eligible,1040011: Norwich School District,0.8964974419519871,0.9669296116504855,0.9634999999999999,-0.1025807802742081,-0.01799128906733214,-0.276841312881098,1
7.5310163320779155,92.07,7.709756864454165,92.89,7.671826797878781,94.68,Free/Reduced Lunch: Free/Reduced Price Meal Eligible,1040011: Norwich School District,0.8087367178276264,0.9394215210355988,0.9468000000000001,0.7762607138820519,0.8553012925756001,0.8121844673776107,0
6.403574197934815,92.76,6.3835066348840055,94.28,6.501289670540389,95.66,English Learners: English Learners,1040011: Norwich School District,0.835891381345927,0.9534789644012946,0.9566,0.2665069284050351,0.26161061176579936,0.29219254311457743,0
6.280395838960195,92.98,6.385194398997726,94.0,6.343880434126331,95.55,Race/Ethnicity: All other races,1040011: Norwich School District,0.8445493900039356,0.9506472491909387,0.9555,0.21081392840563135,0.26236613271002246,0.22226607104629043,0
6.38856140554563,93.48,6.375024819828097,93.97,6.396929655216146,95.52,Race/Ethnicity: Black or African American,1040011: Norwich School District,0.8642266824085008,0.9503438511326862,0.9551999999999999,0.2597191496630387,0.25781376073213186,0.24583231761026944,0
7.057036981697891,91.62,7.055312843339752,92.6,7.062191632286556,94.38,Race/Ethnicity: Hispanic/Latino of any race,1040011: Norwich School District,0.7910271546635186,0.9364886731391586,0.9438,0.5619590120232777,0.5623420094897488,0.5413640419071841,0
6.7912214627261855,92.15,6.804614520062624,93.63,6.874198495453294,94.53,Race/Ethnicity: White,1040011: Norwich School District,0.8118850846123573,0.9469053398058254,0.9453,0.4417750460964142,0.4501178945333187,0.4578511735947967,0
6.717804695023691,93.93,6.401917196727186,96.36,6.637258031284457,96.21,High Needs: Students Without High Needs,1040011: Norwich School District,0.8819362455726094,0.9745145631067962,0.9621,0.40858090324820734,0.2698520271119148,0.3525942577555848,0
7.705262474866325,91.9,7.826044013518965,92.7,7.839131648274333,94.43,High Needs: Students With High Needs,1040011: Norwich School District,0.8020464384100747,0.9375000000000001,0.9443000000000001,0.8550431437747127,0.9073567758912091,0.8865069036881438,0
6.922643891475888,94.66,6.951772164398911,98.01,7.039660349862076,94.22,: All Students,1060011: Old Saybrook School District,0.9106650924832742,0.9912014563106798,0.9422,0.5011954620299215,0.5159924332172385,0.5313548891597957,0
5.062595033026967,93.32,5.030437921392435,97.54,5.135798437050262,93.21,Students With Disabilities: Students With Disabilities,1060011: Old Saybrook School District,0.8579299488390393,0.9864482200647251,0.9320999999999999,-0.3397939937058131,-0.3440852575239682,-0.31440454593406975,1
5.303304908059076,93.39,5.303304908059076,97.32,5.424950017481403,93.52,Free/Reduced Lunch: Free Meal Eligible,1060011: Old Saybrook School District,0.8606847697756788,0.9842233009708738,0.9352,-0.23096111769078287,-0.22193742789671853,-0.18595369785719412,1
4.1588830833596715,94.47,4.23410650459726,98.09,4.23410650459726,93.88,Free/Reduced Lunch: Reduced Price Meal Eligible,1060011: Old Saybrook School District,0.9031877213695392,0.9920105177993529,0.9388,-0.7483919814631596,-0.700559873283762,-0.7149664009132692,1
5.575949103146316,93.65,5.594711379601839,97.51,5.68697535633982,93.6,Free/Reduced Lunch: Free/Reduced Price Meal Eligible,1060011: Old Saybrook School District,0.8709169618260528,0.9861448220064727,0.9359999999999999,-0.10768968200004009,-0.09149047103649134,-0.06955323778082373,1
4.418840607796598,95.55,4.248495242049359,97.7,4.204692619390966,96.05,English Learners: English Learners,1060011: Old Saybrook School District,0.9456906729634,0.9880663430420713,0.9605,-0.6308566081327371,-0.6941188117529383,-0.7280330370850334,1
4.969813299576001,95.05,4.941642422609304,97.82,4.919980925828125,94.61,Race/Ethnicity: Hispanic/Latino of any race,1060011: Old Saybrook School District,0.9260133805588349,0.989279935275081,0.9461,-0.38174367645888513,-0.3838342120953004,-0.4102779363025027,1
6.672032945461067,94.66,6.717804695023691,98.06,6.821107472256465,94.11,Race/Ethnicity: White,1060011: Old Saybrook School District,0.9106650924832742,0.9917071197411005,0.9411,0.38788598516694645,0.4112578189765006,0.4342663571302508,0
6.424869023905388,95.18,6.461468176353717,98.27,6.583409222158765,94.51,High Needs: Students Without High Needs,1060011: Old Saybrook School District,0.9311294765840223,0.9938309061488674,0.9451,0.2761350217863634,0.2965097881053472,0.3286728073183731,0
5.940171252720432,93.92,5.937536205082426,97.65,6.037870919922137,93.7,High Needs: Students With High Needs,1060011: Old Saybrook School District,0.8815426997245179,0.9875606796116506,0.937,0.05698716825896957,0.06197370902554422,0.08632636232841935,0
7.1252830915107115,94.35,7.119635638017636,96.52,7.087573705557973,95.81,: All Students,1070011: Orange School District,0.8984651711924436,0.9761326860841425,0.9581000000000001,0.5928153298489426,0.5911358546574732,0.5526396117408388,0
4.709530201312334,94.44,4.709530201312334,96.02,4.709530201312334,95.36,Students With Disabilities: Students With Disabilities,1070011: Orange School District,0.9020070838252656,0.9710760517799354,0.9536,-0.49942625245772576,-0.48773833185612064,-0.5037672196816191,1
4.859812404361672,93.16,4.867534450455582,94.98,4.9344739331306915,94.83,Free/Reduced Lunch: Free Meal Eligible,1070011: Orange School District,0.8516332152695787,0.9605582524271846,0.9483,-0.43147871034067514,-0.4170083533398499,-0.40383965546577616,1
3.6888794541139363,94.44,3.8918202981106265,95.39,3.4965075614664802,94.35,Free/Reduced Lunch: Reduced Price Meal Eligible,1070011: Orange School District,0.9020070838252656,0.9647046925566344,0.9435,-0.9608961286299181,-0.8537829426789808,-1.0426326361954195,1
5.123963979403259,93.46,5.181783550292085,95.09,5.14166355650266,94.74,Free/Reduced Lunch: Free/Reduced Price Meal Eligible,1070011: Orange School District,0.8634395907123178,0.9616707119741101,0.9474,-0.31204706836154505,-0.2763359840794374,-0.3117990627940177,1
4.219507705176107,93.08,4.174387269895637,94.44,4.330733340286331,95.52,English Learners: English Learners,1070011: Orange School District,0.8484848484848482,0.9550970873786409,0.9551999999999999,-0.7209815898091981,-0.7272929529974883,-0.6720415136526171,1
5.43372200355424,94.41,5.420534999272286,96.09,5.41610040220442,96.07,Race/Ethnicity: All other races,1070011: Orange School District,0.9008264462809916,0.9717839805825245,0.9607,-0.17199524608966038,-0.16945984024998692,-0.18988499432732778,1
3.4657359027997265,94.93,3.332204510175204,96.06,3.1780538303479458,96.46,Race/Ethnicity: Black or African American,1070011: Orange School District,0.9212908303817398,0.9714805825242719,0.9646,-1.0617866901429989,-1.1042927414512482,-1.1841004842162688,1
4.564348191467836,93.25,4.532599493153256,95.15,4.442651256490317,95.13,Race/Ethnicity: Hispanic/Latino of any race,1070011: Orange School District,0.8551751279024007,0.9622775080906151,0.9512999999999999,-0.5650678289610224,-0.5669406650516952,-0.6223238146175182,1
6.790097235513905,94.43,6.79346613258001,96.79,6.763884908562435,95.79,Race/Ethnicity: White,1070011: Orange School District,0.9016135379771746,0.9788632686084144,0.9579000000000001,0.441266745883178,0.4451273628772903,0.4088461715491399,0
6.851184927493743,94.5,6.82001636467413,96.92,6.81783057145415,96.01,High Needs: Students Without High Needs,1070011: Orange School District,0.9043683589138132,0.9801779935275082,0.9601000000000001,0.46888650683564936,0.45701246948550944,0.43281064768369154,0
5.666426688112432,93.9,5.680172609017068,95.48,5.648974238161206,95.14,High Needs: Students With High Needs,1070011: Orange School District,0.8807556080283354,0.9656148867313917,0.9514,-0.06678178079555815,-0.05323408898797417,-0.08643461138644017,1
7.434847875211999,94.13,7.381501894506707,95.28,7.438383530044307,94.91,: All Students,1080011: Oxford School District,0.889807162534435,0.9635922330097089,0.9490999999999999,0.7327797817381216,0.7083592508385226,0.7084811236626476,0
5.407171771460119,94.1,5.262690188904886,94.25,5.293304824724492,94.85,Students With Disabilities: Students With Disabilities,1080011: Oxford School District,0.888626524990161,0.9531755663430422,0.9485,-0.18399948196608348,-0.2401184466275239,-0.24443491601154518,1
5.2574953720277815,91.5,5.147494476813453,89.75,5.337538079701318,92.11,Free/Reduced Lunch: Free Meal Eligible,1080011: Oxford School District,0.7863046044864226,0.9076658576051782,0.9211,-0.2516731202811829,-0.291685352489699,-0.22478501782837754,1
3.5553480614894135,92.12,3.6888794541139363,94.71,3.6888794541139363,94.75,Free/Reduced Lunch: Reduced Price Meal Eligible,1080011: Oxford School District,0.8107044470680833,0.9578276699029127,0.9475,-1.0212700767102803,-0.944628610525206,-0.9571745774157477,1
5.420534999272286,91.59,5.351858133476067,90.67,5.5093883366279774,92.53,Free/Reduced Lunch: Free/Reduced Price Meal Eligible,1080011: Oxford School District,0.7898465171192446,0.9169700647249193,0.9253,-0.1779575257918791,-0.20020276816914398,-0.1484433592023227,1
3.6888794541139363,94.58,3.713572066704308,95.66,3.9512437185814275,94.39,English Learners: English Learners,1080011: Oxford School District,0.9075167256985437,0.9674352750809062,0.9439000000000001,-0.9608961286299181,-0.9335750599561692,-0.8406235551952742,1
4.219507705176107,94.77,4.219507705176107,95.64,4.248495242049359,94.52,Race/Ethnicity: All other races,1080011: Oxford School District,0.9149940968122783,0.967233009708738,0.9451999999999999,-0.7209815898091981,-0.7070949682259577,-0.7085744402477876,1
3.4965075614664802,93.16,3.367295829986474,90.17,3.1354942159291497,94.93,Race/Ethnicity: Black or African American,1080011: Oxford School District,0.8516332152695787,0.9119134304207122,0.9493,-1.0478738080395582,-1.0885842506364947,-1.2030068950260173,1
5.099866427824199,93.01,4.882801922586371,93.01,5.030437921392435,93.95,Race/Ethnicity: Hispanic/Latino of any race,1080011: Oxford School District,0.8457300275482096,0.9406351132686086,0.9395,-0.3229423664581429,-0.41017392969830974,-0.3612092273052916,1
7.266827347520591,94.25,7.22983877815125,95.56,7.284134806195205,95.03,Race/Ethnicity: White,1080011: Oxford School District,0.8945297127115306,0.9664239482200648,0.9503,0.65681215782664,0.6404678553874623,0.6399586574750163,0
7.138866999945524,94.46,7.0909098220799835,96.22,7.151485463904735,95.28,High Needs: Students Without High Needs,1080011: Oxford School District,0.9027941755214477,0.9730987055016183,0.9528,0.5989570630133516,0.5782768565283124,0.5810313623565023,0
6.037870919922137,93.07,5.942799375126701,92.5,6.052089168924417,93.79,High Needs: Students With High Needs,1080011: Oxford School District,0.8480913026367567,0.9354773462783172,0.9379000000000001,0.1011604111134832,0.06432974632313326,0.0926425862957511,0
7.528869256642251,91.51,7.555905093611346,90.86,7.61085279039525,94.19,: All Students,1090011: Plainfield School District,0.7866981503345141,0.9188915857605179,0.9419,0.7752899502411608,0.7864301545814751,0.785097764409475,0
5.768320995793772,89.5,5.746203190540153,87.67,5.846438775057725,92.49,Students With Disabilities: Students With Disabilities,1090011: Plainfield School District,0.7075954348681619,0.8866302588996765,0.9248999999999999,-0.020712002590400028,-0.023675759779305215,0.0012857710913088715,1
6.744059186311348,89.85,6.733401891837359,87.57,6.898714534329988,93.16,Free/Reduced Lunch: Free Meal Eligible,1090011: Plainfield School District,0.7213695395513575,0.885618932038835,0.9316,0.42045142494893134,0.4182398425709713,0.4687420218498936,0
5.241747015059643,92.47,5.455321115357702,91.48,5.214935757608986,93.76,Free/Reduced Lunch: Reduced Price Meal Eligible,1090011: Plainfield School District,0.8244785517512789,0.9251618122977348,0.9376000000000001,-0.2587934720371101,-0.15388797267853133,-0.2792490889756721,1
6.9440872082295275,90.32,6.9782137426306985,88.43,7.068172000388042,93.26,Free/Reduced Lunch: Free/Reduced Price Meal Eligible,1090011: Plainfield School District,0.7398661944116487,0.8943163430420714,0.9326000000000001,0.5108906929932903,0.5278289013528203,0.5440207223697374,0
3.4657359027997265,90.63,3.5553480614894135,86.21,3.6375861597263857,92.16,English Learners: English Learners,1090011: Plainfield School District,0.7520661157024793,0.8718648867313916,0.9216,-1.0617866901429989,-1.0044034114105769,-0.9799607823360655,1
4.499809670330265,88.5,4.48863636973214,91.05,4.442651256490317,94.03,Race/Ethnicity: All other races,1090011: Plainfield School District,0.668240850059032,0.9208131067961166,0.9403,-0.594247823625644,-0.5866205837370757,-0.6223238146175182,1
4.204692619390966,92.47,4.465908118654584,92.29,4.477336814478207,95.56,Race/Ethnicity: Black or African American,1090011: Plainfield School District,0.8244785517512789,0.9333535598705504,0.9556,-0.7276799788727595,-0.5967947956278616,-0.606915324257822,1
5.170483995038151,90.97,4.919980925828125,87.96,4.867534450455582,93.23,Race/Ethnicity: Hispanic/Latino of any race,1090011: Plainfield School District,0.7654466745375834,0.8895631067961166,0.9323,-0.29101383450217727,-0.39353089563558924,-0.43357642296545357,1
7.333676395657684,91.7,7.379008127628304,91.01,7.450079569807499,94.2,Race/Ethnicity: White,1090011: Plainfield School District,0.7941755214482487,0.9204085760517801,0.9420000000000001,0.6870368179767754,0.7072429259378289,0.7136768975348938,0
6.51025834052315,93.19,6.541029999189903,94.61,6.617402977974478,95.59,High Needs: Students Without High Needs,1090011: Plainfield School District,0.8528138528138527,0.9568163430420713,0.9559000000000001,0.31474234899813386,0.33212532408259104,0.34377397590730424,0
7.040536390215956,90.51,7.067319848653476,88.7,7.149131598557407,93.35,High Needs: Students With High Needs,1090011: Plainfield School District,0.7473435655253837,0.8970469255663431,0.9335,0.5544985502259021,0.5677168980290723,0.5799856962748151,0
7.683403681053826,92.41,7.681099001536359,93.44,7.719573989259581,95.13,: All Students,1100011: Plainville School District,0.8221172766627309,0.9449838187702266,0.9512999999999999,0.8451600619255923,0.8424727133475759,0.833395374186447,0
5.720311776607412,89.5,5.680172609017068,89.98,5.71042701737487,93.16,Students With Disabilities: Students With Disabilities,1100011: Plainville School District,0.7075954348681619,0.9099919093851134,0.9316,-0.04241855450726913,-0.05323408898797417,-0.05913522192812844,1
6.508769136971682,90.2,6.505784060128229,91.0,6.590301048196686,93.85,Free/Reduced Lunch: Free Meal Eligible,1100011: Plainville School District,0.7351436442345536,0.9203074433656959,0.9385,0.3140690309406325,0.31634761857064697,0.33173438802303085,0
5.351858133476067,91.82,5.3981627015177525,93.24,5.111987788356544,94.68,Free/Reduced Lunch: Reduced Price Meal Eligible,1100011: Plainville School District,0.7988980716253442,0.9429611650485438,0.9468000000000001,-0.20900860260916307,-0.17947471104060198,-0.3249820361674217,1
6.78105762593618,90.59,6.790097235513905,91.56,6.794586580876499,94.01,Free/Reduced Lunch: Free/Reduced Price Meal Eligible,1100011: Plainville School District,0.7504919323101142,0.9259708737864079,0.9401,0.4371796401578081,0.44361928940204404,0.4224848860262995,0
5.056245805348308,91.06,5.147494476813453,91.75,5.117993812416755,95.37,English Learners: English Learners,1100011: Plainville School District,0.7689885871704054,0.9278923948220066,0.9537000000000001,-0.34266468901339253,-0.291685352489699,-0.322313958465913,1
5.117993812416755,93.59,5.117993812416755,93.92,5.170483995038151,95.44,Race/Ethnicity: All other races,1100011: Plainville School District,0.8685556867375048,0.9498381877022655,0.9544,-0.31474637782421033,-0.304891208473372,-0.298996055574374,1
4.77912349311153,91.62,4.663439094112067,91.36,4.634728988229636,94.72,Race/Ethnicity: Black or African American,1100011: Plainville School District,0.7910271546635186,0.923948220064725,0.9472,-0.4679608292097208,-0.5083708340814908,-0.5369964319976133,1
6.1903154058531475,90.1,6.156978985585555,90.68,6.111467339502679,94.41,Race/Ethnicity: Hispanic/Latino of any race,1100011: Plainville School District,0.7312081857536401,0.9170711974110034,0.9440999999999999,0.17008559265948972,0.16020640361887337,0.11902036488737605,0
7.244941546337007,93.13,7.261927092702751,94.45,7.329749689041512,95.33,Race/Ethnicity: White,1100011: Plainville School District,0.8504525777253047,0.9551982200647251,0.9533,0.6469168650540236,0.6548320627499704,0.6602223211831623,0
6.981934677156389,94.15,6.96979066990159,95.32,7.049254841255837,96.08,High Needs: Students Without High Needs,1100011: Plainville School District,0.890594254230618,0.9639967637540454,0.9608,0.5280027823608342,0.5240583460899001,0.5356170846302728,0
6.980075940561763,90.73,6.9957661563048505,91.67,7.00397413672268,94.11,High Needs: Students With High Needs,1100011: Plainville School District,0.7560015741833923,0.9270833333333335,0.9411,0.5271623862228672,0.5356861700580178,0.5155018741578625,0
7.1276936993473985,89.93,7.10085190894405,89.76,7.166265974133638,93.94,: All Students,1110011: Plymouth School District,0.7245179063360885,0.9077669902912623,0.9394,0.5939052451828108,0.5827273924734869,0.5875973616537589,0
5.5093883366279774,87.11,5.365976015021851,85.78,5.455321115357702,91.21,Students With Disabilities: Students With Disabilities,1110011: Plymouth School District,0.6135379771743406,0.8675161812297736,0.9120999999999999,-0.13778400051933398,-0.19388295421576546,-0.17246183565322662,1
6.016157159698354,87.32,6.0330862217988015,86.22,6.192362489474872,92.47,Free/Reduced Lunch: Free Meal Eligible,1110011: Plymouth School District,0.6218024399842577,0.8719660194174759,0.9247,0.09134290373477717,0.10474629689089601,0.154956708737687,0
4.718498871295094,89.92,4.882801922586371,90.49,4.727387818712341,93.85,Free/Reduced Lunch: Reduced Price Meal Eligible,1110011: Plymouth School District,0.724124360487997,0.9151496763754046,0.9385,-0.49537122086368224,-0.41017392969830974,-0.4958342659822375,1
6.255750041753367,87.87,6.306275286948016,87.23,6.398594934535208,92.74,Free/Reduced Lunch: Free/Reduced Price Meal Eligible,1110011: Plymouth School District,0.6434474616292798,0.8821804207119742,0.9274,0.19967075037297063,0.22703830367968741,0.24657209064038518,0
3.1780538303479458,91.48,3.2188758248682006,87.3,3.1780538303479458,93.68,English Learners: English Learners,1110011: Plymouth School District,0.7855175127902401,0.8828883495145632,0.9368000000000001,-1.1918572463207011,-1.1550238801421728,-1.1841004842162688,1
5.204006687076795,89.03,5.0689042022202315,86.51,5.0369526024136295,92.68,Race/Ethnicity: Hispanic/Latino of any race,1110011: Plymouth School District,0.6890987800078707,0.874898867313916,0.9268000000000001,-0.27585711944906577,-0.3268659787304958,-0.3583151870898621,1
6.863803391452954,90.53,6.870053411798126,90.37,6.960347729101308,94.12,Race/Ethnicity: White,1110011: Plymouth School District,0.7481306572215662,0.913936084142395,0.9412,0.47459173070064364,0.4794113561438629,0.496121557961226,0
6.391917113392602,91.98,6.326149473155099,92.49,6.410174881966167,95.14,High Needs: Students Without High Needs,1110011: Plymouth School District,0.8051948051948052,0.9353762135922331,0.9514,0.2612363758923468,0.23593490469565717,0.25171629239772825,0
6.453624998892692,88.16,6.450470422144176,87.38,6.5337888379333435,92.86,High Needs: Students With High Needs,1110011: Plymouth School District,0.6548602912239274,0.8836974110032363,0.9286,0.2891365467967813,0.29158668683948896,0.30662976530507297,0
5.8664680569332965,93.71,5.805134968916488,97.6,5.916202062607435,95.93,: All Students,1120011: Pomfret School District,0.8732782369146004,0.9870550161812298,0.9593,0.02366352182384604,0.002704818218346253,0.03227696760156018,0
3.7612001156935624,93.32,3.6109179126442243,96.15,3.6375861597263857,94.87,Students With Disabilities: Students With Disabilities,1120011: Pomfret School District,0.8579299488390393,0.9723907766990293,0.9487000000000001,-0.9281975715226516,-0.9795277868647537,-0.9799607823360655,1
4.248495242049359,92.02,4.276666119016055,96.23,4.430816798843313,95.2,Free/Reduced Lunch: Free/Reduced Price Meal Eligible,1120011: Pomfret School District,0.8067689885871703,0.9731998381877024,0.9520000000000001,-0.7078753680304407,-0.6815082298638876,-0.6275810783648608,1
5.796057750765372,93.79,5.749392985908253,97.56,5.8522024797744745,95.89,Race/Ethnicity: White,1120011: Pomfret School District,0.8764266036993309,0.9866504854368934,0.9589,-0.008171300575242832,-0.022247860472290507,0.0038462023980556453,1
5.493061443340548,94.33,5.402677381872279,98.28,5.560681631015528,96.27,High Needs: Students Without High Needs,1120011: Pomfret School District,0.8976780794962611,0.9939320388349516,0.9627,-0.1451659276323134,-0.1774537321984823,-0.12565715428200513,1
4.605170185988092,92.29,4.59511985013459,96.33,4.718498871295094,95.16,High Needs: Students With High Needs,1120011: Pomfret School District,0.8173947264856358,0.9742111650485438,0.9516,-0.546610858436998,-0.5389536740049531,-0.4997830351107119,1
7.098375638590786,93.86,7.1308988302963465,94.47,7.158513997329321,95.36,: All Students,1130011: Portland School District,0.8791814246359699,0.9554004854368933,0.9536,0.5806495826517251,0.5961777782273614,0.5841536730759475,0
5.288267030694535,91.25,5.198497031265826,90.28,5.181783550292085,92.55,Students With Disabilities: Students With Disabilities,1130011: Portland School District,0.77646595828414,0.9130258899676377,0.9255,-0.23776023817774236,-0.26885426028647114,-0.2939764134437824,1
5.517452896464707,90.62,5.659482215759621,89.7,5.7430031878094825,93.33,Free/Reduced Lunch: Free Meal Eligible,1130011: Portland School District,0.7516725698543882,0.9071601941747575,0.9333,-0.13413774695076086,-0.06249606186862502,-0.044663792399077855,1
3.8918202981106265,92.23,4.060443010546419,92.39,3.9889840465642745,94.11,Free/Reduced Lunch: Reduced Price Meal Eligible,1130011: Portland School District,0.8150334513970878,0.9343648867313917,0.9411,-0.8691398776238837,-0.7782996509788567,-0.8238580333576697,1
5.6937321388027,90.89,5.840641657373398,90.15,5.8998973535824915,93.44,Free/Reduced Lunch: Free/Reduced Price Meal Eligible,1130011: Portland School District,0.7622983077528533,0.9117111650485439,0.9344,-0.05443608567560516,0.0185992471679393,0.025033867983090565,1
3.8066624897703196,93.23,3.713572066704308,91.61,3.8066624897703196,94.36,English Learners: English Learners,1130011: Portland School District,0.8543880362062182,0.9264765372168285,0.9436,-0.9076425323054834,-0.9335750599561692,-0.904851395240597,1
4.418840607796598,93.92,4.51085950651685,92.84,4.553876891600541,94.85,Race/Ethnicity: All other races,1130011: Portland School District,0.8815426997245179,0.9389158576051782,0.9485,-0.6308566081327371,-0.5766724842658922,-0.5729136501062447,1
3.7376696182833684,89.95,3.6888794541139363,89.3,3.7612001156935624,93.2,Race/Ethnicity: Black or African American,1130011: Portland School District,0.725304998032271,0.9031148867313916,0.932,-0.9388364857212238,-0.944628610525206,-0.9250473094287206,1
5.356586274672012,91.74,5.225746673713202,92.18,5.214935757608986,94.09,Race/Ethnicity: Hispanic/Latino of any race,1130011: Portland School District,0.7957497048406137,0.9322411003236248,0.9409000000000001,-0.20687085398338992,-0.25665606539405683,-0.2792490889756721,1
6.775366090936392,94.55,6.841615476477592,95.28,6.873163834212518,95.74,Race/Ethnicity: White,1130011: Portland School District,0.9063360881542697,0.9635922330097089,0.9573999999999999,0.4346063094089781,0.46668122663674494,0.4573915423050356,0
6.665683717782408,95.0,6.690842277418564,96.44,6.732210706467206,96.23,High Needs: Students Without High Needs,1130011: Portland School District,0.9240456513183783,0.9753236245954694,0.9623,0.38501528985936695,0.3991881991510968,0.39477542666431487,0
6.025865973825314,91.69,6.068425588244111,90.93,6.102558594613569,93.69,High Needs: Students With High Needs,1130011: Portland School District,0.7937819756001572,0.919599514563107,0.9369,0.09573257891528858,0.12056582480238413,0.11506280105666701,0
5.950642552587727,91.36,6.016157159698354,95.13,6.025865973825314,95.34,: All Students,1140011: Preston School District,0.7807949626131445,0.9620752427184467,0.9534,0.06172158839865657,0.09716806905741728,0.0809933618829269,0
3.9318256327243257,90.92,4.204692619390966,93.61,4.127134385045092,95.83,Students With Disabilities: Students With Disabilities,1140011: Preston School District,0.7634789452971269,0.9467030744336571,0.9583,-0.8510521459869006,-0.7137268829053519,-0.7624870108873487,1
4.060443010546419,90.27,4.430816798843313,92.88,4.574710978503383,93.94,Free/Reduced Lunch: Free Meal Eligible,1140011: Preston School District,0.7378984651711922,0.9393203883495146,0.9394,-0.7928999861221547,-0.6125032864426151,-0.5636584486386024,1
3.258096538021482,91.81,3.4339872044851463,94.74,3.6109179126442243,94.01,Free/Reduced Lunch: Reduced Price Meal Eligible,1140011: Preston School District,0.7985045257772532,0.9581310679611651,0.9401,-1.1556672974082218,-1.0587301200603285,-0.991807713794367,1
4.418840607796598,90.73,4.736198448394496,93.38,4.890349128221754,93.96,Free/Reduced Lunch: Free/Reduced Price Meal Eligible,1140011: Preston School District,0.7560015741833923,0.9443770226537218,0.9396,-0.6308566081327371,-0.4758003963042874,-0.42344137648465713,1
3.5263605246161616,90.93,0.0,0.0,0.0,0.0,Race/Ethnicity: Hispanic/Latino of any race,1140011: Preston School District,0.7638724911452188,0.0,0.0,-1.0343762984890374,-2.595940938854069,-2.595898784379362,1
5.746203190540153,91.26,5.8377304471659395,95.19,5.849324779946859,95.37,Race/Ethnicity: White,1140011: Preston School District,0.7768595041322315,0.9626820388349515,0.9537000000000001,-0.03071219205736981,0.017296055408563143,0.002567831438378736,1
5.575949103146316,91.64,5.521460917862246,96.03,5.497168225293202,96.01,High Needs: Students Without High Needs,1140011: Preston School District,0.7918142463597007,0.9711771844660195,0.9601000000000001,-0.10768968200004009,-0.12428075112858668,-0.1538719432764794,1
4.770684624465665,90.76,5.043425116919247,93.77,5.14166355650266,94.37,High Needs: Students With High Needs,1140011: Preston School District,0.7571822117276663,0.9483211974110033,0.9437000000000001,-0.47177632014011983,-0.3382715907043804,-0.3117990627940177,1
6.96979066990159,89.96,6.948897222313312,90.13,6.975413927455952,93.98,: All Students,1160011: Putnam School District,0.7256985438803616,0.9115088996763755,0.9398000000000001,0.5225120760252057,0.5147054767394694,0.5028144695236074,0
5.3471075307174685,87.01,5.356586274672012,87.09,5.351858133476067,92.18,Students With Disabilities: Students With Disabilities,1160011: Putnam School District,0.609602518693428,0.8807645631067963,0.9218000000000001,-0.21115650684846446,-0.19808623442385245,-0.21842356876027885,1
6.054439346269371,87.59,6.297109319933935,88.32,6.3473892096560105,93.12,Free/Reduced Lunch: Free Meal Eligible,1160011: Putnam School District,0.6324281778827237,0.8932038834951457,0.9312,0.10865154329147168,0.22293519472216178,0.223824787038182,0
4.406719247264253,90.07,4.584967478670572,87.5,4.430816798843313,93.31,Free/Reduced Lunch: Reduced Price Meal Eligible,1160011: Putnam School District,0.7300275482093661,0.884911003236246,0.9331,-0.6363370751379823,-0.5434983430213423,-0.6275810783648608,1
6.2285110035911835,88.0,6.461468176353717,88.19,6.483107351457199,93.15,Free/Reduced Lunch: Free/Reduced Price Meal Eligible,1160011: Putnam School District,0.6485635576544668,0.8918891585760519,0.9315000000000001,0.18735508254805008,0.2965097881053472,0.2841153460169245,0
3.713572066704308,88.28,3.6375861597263857,85.84,3.8066624897703196,93.5,English Learners: English Learners,1160011: Putnam School District,0.6595828414010234,0.8681229773462784,0.935,-0.9497317838178218,-0.9675898513129207,-0.904851395240597,1
4.30406509320417,87.54,0.0,0.0,0.0,0.0,Race/Ethnicity: All other races,1160011: Putnam School District,0.6304604486422671,0.0,0.0,-0.6827504049598626,-2.595940938854069,-2.595898784379362,1
3.044522437723423,92.87,0.0,0.0,0.0,0.0,Race/Ethnicity: Black or African American,1160011: Putnam School District,0.8402203856749311,0.0,0.0,-1.2522311944010631,-2.595940938854069,-2.595898784379362,1
5.0689042022202315,88.5,5.017279836814924,87.64,4.955827057601261,93.29,Race/Ethnicity: Hispanic/Latino of any race,1160011: Putnam School District,0.668240850059032,0.8863268608414241,0.9329000000000001,-0.3369414101610922,-0.34997542215263505,-0.3943538800698886,1
6.70073110954781,90.41,6.694562058521095,90.69,6.729824070489475,94.06,Race/Ethnicity: White,1160011: Putnam School District,0.7434081070444707,0.9171723300970874,0.9406,0.4008613719619204,0.4008533444803768,0.3937152027674468,0
6.008813185442595,92.63,5.68697535633982,93.9,5.872117789475416,95.37,High Needs: Students Without High Needs,1160011: Putnam School District,0.8307752853207395,0.9496359223300973,0.9537000000000001,0.08802245068095872,-0.05018886599809316,0.012693252159932217,0
6.416732282512326,88.16,6.561030665896573,88.49,6.573680166960646,93.29,High Needs: Students With High Needs,1160011: Putnam School District,0.6548602912239274,0.8949231391585761,0.9329000000000001,0.2724561325547548,0.34107854359500633,0.3243508340843975,0
6.672032945461067,95.05,6.663132695990803,97.04,6.661854740545311,95.79,: All Students,1170011: Redding School District,0.9260133805588349,0.981391585760518,0.9579000000000001,0.38788598516694645,0.38678411438940463,0.36352094250600575,0
4.74493212836325,94.26,4.700480365792417,96.55,4.8283137373023015,95.87,Students With Disabilities: Students With Disabilities,1170011: Redding School District,0.8949232585596221,0.9764360841423949,0.9587000000000001,-0.48341987325574426,-0.49178945500863297,-0.45099958163955434,1
4.382026634673881,94.98,4.406719247264253,96.89,4.356708826689592,95.37,Free/Reduced Lunch: Free/Reduced Price Meal Eligible,1170011: Redding School District,0.9232585596221958,0.9798745954692558,0.9537000000000001,-0.6475014199500789,-0.6232904602985309,-0.6605023297659748,1
4.465908118654584,94.94,4.5217885770490405,96.37,4.382026634673881,95.94,Race/Ethnicity: Hispanic/Latino of any race,1170011: Redding School District,0.9216843762298303,0.9746156957928804,0.9594,-0.6095758336200175,-0.5717801289771187,-0.6492553087322995,1
6.476972362889683,95.05,6.4457198193855785,97.08,6.45833828334479,95.75,Race/Ethnicity: White,1170011: Redding School District,0.9260133805588349,0.9817961165048544,0.9575,0.2996926603372971,0.289460098264328,0.2731120936730539,0
6.38856140554563,95.25,6.3561076606958915,97.26,6.3818160174060985,95.77,High Needs: Students Without High Needs,1170011: Redding School District,0.9338842975206609,0.9836165048543691,0.9577,0.2597191496630387,0.24934556910902747,0.23911833184774064,0
5.198497031265826,94.45,5.204006687076795,96.73,5.2574953720277815,95.85,High Needs: Students With High Needs,1170011: Redding School District,0.9024006296733571,0.9782564724919095,0.9584999999999999,-0.27834821661606274,-0.2663878846082539,-0.26034267816592377,1
8.419359831067474,94.46,8.421562960400987,97.6,8.447199819595703,95.43,: All Students,1180011: Ridgefield School District,0.9027941755214477,0.9870550161812298,0.9543,1.1779101180512506,1.1739384820629855,1.1566312176494342,0
6.51471269087253,93.05,6.437751649736401,96.09,6.453624998892692,93.97,Students With Disabilities: Students With Disabilities,1180011: Ridgefield School District,0.8473042109405742,0.9717839805825245,0.9397,0.31675630774925273,0.28589317856972307,0.2710182943440071,0
5.631211781821365,93.04,5.262690188904886,96.04,5.41610040220442,93.93,Free/Reduced Lunch: Free Meal Eligible,1180011: Ridgefield School District,0.8469106650924836,0.9712783171521038,0.9393000000000001,-0.0827036017418129,-0.2401184466275239,-0.18988499432732778,1
4.31748811353631,93.2,3.970291913552122,96.18,4.02535169073515,94.76,Free/Reduced Lunch: Reduced Price Meal Eligible,1180011: Ridgefield School District,0.8532073986619442,0.9726941747572817,0.9476000000000001,-0.6766814146147005,-0.818655433739129,-0.80770230379416,1
5.8664680569332965,93.07,5.501258210544727,96.07,5.634789603169249,94.1,Free/Reduced Lunch: Free/Reduced Price Meal Eligible,1180011: Ridgefield School District,0.8480913026367567,0.9715817152103561,0.941,0.02366352182384604,-0.13332441332303252,-0.09273590288089112,1
4.0943445622221,93.86,3.912023005428146,97.13,4.127134385045092,94.52,English Learners: English Learners,1180011: Ridgefield School District,0.8791814246359699,0.9823017799352751,0.9451999999999999,-0.7775719761277812,-0.8447392804845345,-0.7624870108873487,1
6.246106765481563,95.1,6.212606095751519,98.32,6.2285110035911835,95.76,Race/Ethnicity: All other races,1180011: Ridgefield School District,0.9279811097992914,0.9943365695792881,0.9576000000000001,0.19531070701900374,0.18510765993504863,0.17101509336776805,0
3.5263605246161616,95.21,3.4011973816621555,97.23,3.4339872044851463,95.29,Race/Ethnicity: Black or African American,1180011: Ridgefield School District,0.9323101141282955,0.9833131067961167,0.9529000000000001,-1.0343762984890374,-1.0734083548318494,-1.0704062795707971,1
5.983936280687191,93.8,5.961005339623274,96.97,5.883322388488279,94.84,Race/Ethnicity: Hispanic/Latino of any race,1180011: Ridgefield School District,0.8768201495474219,0.9806836569579289,0.9484,0.07677478130087438,0.07247957447454648,0.017670711537527674,0
8.185907481482324,94.43,8.196987927258897,97.57,8.234299635696253,95.45,Race/Ethnicity: White,1180011: Ridgefield School District,0.9016135379771746,0.9867516181229774,0.9545,1.0723586087314565,1.0734083548318498,1.0620538021055492,0
8.165647925297504,94.82,8.19450550976564,97.94,8.234564993267135,95.77,High Needs: Students Without High Needs,1180011: Ridgefield School District,0.9169618260527348,0.9904935275080907,0.9577,1.0631985949759428,1.072297110438623,1.0621716828550598,0
6.878326468291325,93.18,6.747586526829315,96.22,6.795705775173514,94.02,High Needs: Students With High Needs,1180011: Ridgefield School District,0.8524203069657617,0.9730987055016183,0.9401999999999999,0.48115809288539546,0.4245895384410654,0.42298206974011504,0
7.81762544305337,94.8,7.846980982138788,96.15,7.86940171257709,96.18,: All Students,1190011: Rocky Hill School District,0.9161747343565523,0.9723907766990293,0.9618000000000001,0.9058461487771047,0.916729127259642,0.8999538833838214,0
5.7745515455444085,93.34,5.71042701737487,94.17,5.755742213586912,94.73,Students With Disabilities: Students With Disabilities,1190011: Rocky Hill School District,0.8587170405352222,0.952366504854369,0.9473,-0.01789496548950813,-0.039690822494996704,-0.039004689092970495,1
6.059123195581797,91.61,5.932245187448011,92.13,6.102558594613569,94.4,Free/Reduced Lunch: Free Meal Eligible,1190011: Rocky Hill School District,0.7906336088154271,0.9317354368932039,0.9440000000000001,0.11076926609542526,0.05960520586413792,0.11506280105666701,0
4.442651256490317,94.11,4.330733340286331,94.98,4.532599493153256,96.04,Free/Reduced Lunch: Reduced Price Meal Eligible,1190011: Rocky Hill School District,0.8890200708382525,0.9605582524271846,0.9604,-0.6200910282961175,-0.6573052516552824,-0.5823657854580491,1
6.238324625039508,92.01,6.113682179832232,92.6,6.289715570908998,94.68,Free/Reduced Lunch: Free/Reduced Price Meal Eligible,1190011: Rocky Hill School District,0.8063754427390792,0.9364886731391586,0.9468000000000001,0.19179214457635882,0.14082475940765143,0.19820421876154629,0
5.099866427824199,94.14,5.225746673713202,97.88,5.3706380281276624,96.55,English Learners: English Learners,1190011: Rocky Hill School District,0.8902007083825265,0.9898867313915859,0.9655,-0.3229423664581429,-0.25665606539405683,-0.21008090851545155,1
6.683360945766275,95.59,6.741700694652055,97.77,6.784457062637643,96.66,Race/Ethnicity: All other races,1190011: Rocky Hill School District,0.9472648563557655,0.9887742718446603,0.9666,0.39300774783891984,0.42195476889717426,0.4179850136533003,0
4.465908118654584,94.56,4.477336814478207,93.81,4.394449154672439,95.96,Race/Ethnicity: Black or African American,1190011: Rocky Hill School District,0.9067296340023612,0.94872572815534,0.9596,-0.6095758336200175,-0.5916787850493044,-0.6437368079283701,1
5.697093486505405,92.27,5.598421958998375,91.87,5.564520407322694,94.12,Race/Ethnicity: Hispanic/Latino of any race,1190011: Rocky Hill School District,0.8166076347894529,0.9291059870550163,0.9412,-0.05291630948144993,-0.08982944481458281,-0.12395184085609312,1
7.172424577124845,94.88,7.212294468500341,96.12,7.239214973779806,96.26,Race/Ethnicity: White,1190011: Rocky Hill School District,0.9193231011412828,0.9720873786407769,0.9626000000000001,0.6141295507894959,0.6326142144162844,0.6200037585233117,0
7.3783837129967145,95.73,7.463936604468925,97.0,7.459914766241105,96.69,High Needs: Students Without High Needs,1190011: Rocky Hill School District,0.9527744982290436,0.9809870550161813,0.9669,0.7072504711319452,0.745260823398996,0.7180460222722224,0
6.70808408385307,93.02,6.648984550024776,94.28,6.779921907472252,95.14,High Needs: Students With High Needs,1190011: Rocky Hill School District,0.8461235733963002,0.9534789644012946,0.9514,0.4041858942350481,0.3804507526877528,0.4159703453388953,0
5.955837369464831,94.35,5.921578419643816,95.65,6.028278520230698,95.52,: All Students,1210011: Salem School District,0.8984651711924436,0.9673341423948222,0.9551999999999999,0.06407033649647034,0.054830269356292774,0.08206509606239873,0
3.9889840465642745,93.89,3.912023005428146,94.35,4.143134726391533,96.37,Students With Disabilities: Students With Disabilities,1210011: Salem School District,0.8803620621802439,0.9541868932038836,0.9637000000000001,-0.8252089413164269,-0.8447392804845345,-0.7553791216190094,1
4.248495242049359,91.55,4.382026634673881,93.49,4.465908118654584,94.4,Free/Reduced Lunch: Free/Reduced Price Meal Eligible,1210011: Salem School District,0.7882723337268791,0.9454894822006473,0.9440000000000001,-0.7078753680304407,-0.6343440108675679,-0.6119923349688412,1
3.4657359027997265,93.46,0.0,0.0,3.4965075614664802,95.41,Race/Ethnicity: Hispanic/Latino of any race,1210011: Salem School District,0.8634395907123178,0.0,0.9541,-1.0617866901429989,-2.595940938854069,-1.0426326361954195,1
5.7745515455444085,94.47,5.726847747587197,95.61,5.8522024797744745,95.55,Race/Ethnicity: White,1210011: Salem School District,0.9031877213695392,0.9669296116504855,0.9555,-0.01789496548950813,-0.03234014742494587,0.0038462023980556453,1
5.6131281063880705,95.02,5.541263545158426,96.81,5.683579767338681,95.68,High Needs: Students Without High Needs,1210011: Salem School District,0.9248327430145609,0.9790655339805827,0.9568000000000001,-0.09087982802278831,-0.11541618317665346,-0.07106167251345234,1
4.6443908991413725,92.69,4.709530201312334,93.52,4.804021044733257,95.11,High Needs: Students With High Needs,1210011: Salem School District,0.8331365604092875,0.9457928802588997,0.9511000000000001,-0.5288778800485431,-0.48773833185612064,-0.46179121195992784,1
5.645446897643238,93.95,5.68697535633982,96.61,5.579729825986222,95.28,: All Students,1220011: Salisbury School District,0.8827233372687919,0.9770428802588998,0.9528,-0.07626743623304529,-0.05018886599809316,-0.11719530602002737,1
3.332204510175204,91.6,3.5263605246161616,96.07,3.258096538021482,93.05,Students With Disabilities: Students With Disabilities,1220011: Salisbury School District,0.7902400629673352,0.9715817152103561,0.9305,-1.1221606382233609,-1.0173795678835962,-1.1485428238787228,1
3.828641396489095,92.24,3.970291913552122,94.38,4.0943445622221,93.19,Free/Reduced Lunch: Free/Reduced Price Meal Eligible,1220011: Salisbury School District,0.8154269972451789,0.954490291262136,0.9319,-0.8977051434486644,-0.818655433739129,-0.7770533519864483,1
3.4657359027997265,93.68,3.4011973816621555,95.06,0.0,0.0,Race/Ethnicity: Hispanic/Latino of any race,1220011: Salisbury School District,0.8720975993703268,0.9613673139158577,0.0,-1.0617866901429989,-1.0734083548318494,-2.595898784379362,1
5.402677381872279,94.04,5.4510384535657,96.92,5.356586274672012,95.19,Race/Ethnicity: White,1220011: Salisbury School District,0.8862652499016135,0.9801779935275082,0.9519,-0.18603154377788633,-0.15580508932686968,-0.21632316956639974,1
5.351858133476067,94.35,5.3612921657094255,97.15,5.236441962829949,95.84,High Needs: Students Without High Needs,1220011: Salisbury School District,0.8984651711924436,0.9825040453074435,0.9584,-0.20900860260916307,-0.1959796608742109,-0.26969530996665175,1
4.2626798770413155,92.77,4.343805421853684,95.08,4.356708826689592,93.89,High Needs: Students With High Needs,1220011: Salisbury School District,0.836284927194018,0.961569579288026,0.9389000000000001,-0.7014620265703444,-0.6514535859346753,-0.6605023297659748,1
4.465908118654584,91.28,4.418840607796598,95.34,4.48863636973214,96.56,: All Students,1230011: Scotland School District,0.777646595828414,0.9641990291262138,0.9656,-0.6095758336200175,-0.61786438109693,-0.6018956821272308,1
3.091042453358316,91.03,0.0,0.0,0.0,0.0,Students With Disabilities: Students With Disabilities,1230011: Scotland School District,0.7678079496261314,0.0,0.0,-1.2311979605416952,-2.595940938854069,-2.595898784379362,1
3.4965075614664802,91.22,3.367295829986474,94.44,3.58351893845611,96.65,Free/Reduced Lunch: Free/Reduced Price Meal Eligible,1230011: Scotland School District,0.775285320739866,0.9550970873786409,0.9665,-1.0478738080395582,-1.0885842506364947,-1.0039792587869694,1
4.3694478524670215,91.52,0.0,0.0,0.0,0.0,Race/Ethnicity: White,1230011: Scotland School District,0.7870916961826051,0.0,0.0,-0.6531887023856525,-2.595940938854069,-2.595898784379362,1
3.6888794541139363,91.96,3.713572066704308,96.18,3.784189633918261,96.57,High Needs: Students Without High Needs,1230011: Scotland School District,0.8044077134986223,0.9726941747572817,0.9657,-0.9608961286299181,-0.9335750599561692,-0.9148345929412707,1
3.8501476017100584,90.81,3.713572066704308,94.57,3.828641396489095,96.56,High Needs: Students With High Needs,1230011: Scotland School District,0.7591499409681228,0.9564118122977346,0.9656,-0.887981478534399,-0.9335750599561692,-0.8950876263425689,1
7.639161171659173,92.96,7.638198244285779,94.97,7.685243607975833,94.98,: All Students,1240011: Seymour School District,0.8437622983077526,0.9604571197411005,0.9498000000000001,0.8251565637770439,0.823268358685479,0.8181446652533513,0
5.71042701737487,90.81,5.662960480135946,91.44,5.765191102784844,93.14,Students With Disabilities: Students With Disabilities,1240011: Seymour School District,0.7591499409681228,0.9247572815533982,0.9314,-0.046887780274804364,-0.06093903054861087,-0.03480717501039455,1
6.375024819828097,91.19,6.456769655572163,92.13,6.507277712385012,93.29,Free/Reduced Lunch: Free Meal Eligible,1240011: Seymour School District,0.774104683195592,0.9317354368932039,0.9329000000000001,0.2535988126603851,0.2944065138216519,0.29485263251168425,0
5.176149732573829,93.23,5.298317366548036,95.12,5.220355825078324,94.6,Free/Reduced Lunch: Reduced Price Meal Eligible,1240011: Seymour School District,0.8543880362062182,0.9619741100323627,0.946,-0.28845216763798304,-0.22417008116925807,-0.276841312881098,1
6.637258031284457,91.67,6.728628613084702,92.85,6.74993119378857,93.57,Free/Reduced Lunch: Free/Reduced Price Meal Eligible,1240011: Seymour School District,0.7929948839039747,0.9390169902912622,0.9357,0.3721630991718807,0.41610310317656707,0.402647462574929,0
4.700480365792417,92.38,4.48863636973214,94.02,4.454347296253507,94.66,English Learners: English Learners,1240011: Seymour School District,0.8209366391184569,0.9508495145631068,0.9466,-0.5035179816689357,-0.5866205837370757,-0.6171280407452724,1
4.770684624465665,93.38,4.812184355372417,93.01,4.852030263919617,94.66,Race/Ethnicity: All other races,1240011: Seymour School District,0.8602912239275873,0.9406351132686086,0.9466,-0.47177632014011983,-0.4417856049475362,-0.4404639035952234,1
4.969813299576001,93.88,4.762173934797756,95.41,4.727387818712341,95.71,Race/Ethnicity: Black or African American,1240011: Seymour School District,0.8799685163321525,0.9649069579288027,0.9571,-0.38174367645888513,-0.46417257233616965,-0.4958342659822375,1
6.075346031088684,90.46,5.918893854273146,92.96,5.921578419643816,94.2,Race/Ethnicity: Hispanic/Latino of any race,1240011: Seymour School District,0.7453758362849268,0.9401294498381878,0.9420000000000001,0.11810414525274199,0.05362853426358113,0.034665326053059886,0
7.232733136177615,93.59,7.2909747781429814,95.6,7.355641102974253,95.13,Race/Ethnicity: White,1240011: Seymour School District,0.8685556867375048,0.9668284789644014,0.9512999999999999,0.6413970400404444,0.6678351444916025,0.6717241572534031,0
6.994849985833071,94.07,6.975413927455952,96.76,7.049254841255837,96.07,High Needs: Students Without High Needs,1240011: Seymour School District,0.887445887445887,0.978559870550162,0.9607,0.5338422195161137,0.5265755751401826,0.5356170846302728,0
6.855408798609928,91.73,6.902742737158593,93.05,6.932447891572509,93.74,High Needs: Students With High Needs,1240011: Seymour School District,0.7953561589925227,0.941039644012945,0.9374,0.47079625832145744,0.49404460362292923,0.4837275126427198,0
4.605170185988092,92.81,4.6443908991413725,96.06,4.574710978503383,95.78,: All Students,1250011: Sharon School District,0.8378591105863831,0.9714805825242719,0.9578,-0.546610858436998,-0.5168976833805213,-0.5636584486386024,1
3.1354942159291497,92.06,3.1780538303479458,95.89,3.332204510175204,95.41,Students With Disabilities: Students With Disabilities,1250011: Sharon School District,0.8083431719795358,0.9697613268608416,0.9541,-1.2110998521285037,-1.1732976848725207,-1.1156215724776086,1
3.6888794541139363,92.85,3.6635616461296463,95.52,3.6888794541139363,95.78,Free/Reduced Lunch: Free/Reduced Price Meal Eligible,1250011: Sharon School District,0.8394332939787481,0.9660194174757283,0.9578,-0.9608961286299181,-0.9559620273448031,-0.9571745774157477,1
4.454347296253507,93.01,4.430816798843313,96.09,4.442651256490317,95.65,Race/Ethnicity: White,1250011: Sharon School District,0.8457300275482096,0.9717839805825245,0.9565000000000001,-0.6148028628428124,-0.6125032864426151,-0.6223238146175182,1
3.784189633918261,93.72,3.970291913552122,96.87,3.871201010907891,96.27,High Needs: Students Without High Needs,1250011: Sharon School District,0.8736717827626919,0.9796723300970875,0.9627,-0.917803251861856,-0.818655433739129,-0.8761812155328205,1
3.9318256327243257,91.81,3.9318256327243257,95.19,3.912023005428146,95.31,High Needs: Students With High Needs,1250011: Sharon School District,0.7985045257772532,0.9626820388349515,0.9531000000000001,-0.8510521459869006,-0.8358747125326014,-0.8580467138693754,1
8.39049553837028,93.69,8.37516869138682,94.56,8.434246270595311,95.35,: All Students,1260011: Shelton School District,0.8724911452184179,0.9563106796116506,0.9535,1.1648596190305671,1.153170270648145,1.1508768159192944,0
6.459904454377535,91.6,6.418364935936212,92.56,6.498282149476434,94.35,Students With Disabilities: Students With Disabilities,1260011: Shelton School District,0.7902400629673352,0.9360841423948222,0.9435,0.2919756957936085,0.27721479265273846,0.2908565011994748,0
6.937314081223682,91.75,6.953684210870537,91.43,7.069874128458572,94.25,Free/Reduced Lunch: Free Meal Eligible,1260011: Shelton School District,0.7961432506887052,0.9246561488673141,0.9425,0.5078283388145806,0.5168483532737781,0.5447768648534446,0
5.583496308781699,93.43,5.749392985908253,92.97,5.484796933490655,94.78,Free/Reduced Lunch: Reduced Price Meal Eligible,1260011: Shelton School District,0.8622589531680442,0.9402305825242719,0.9478,-0.1042773413344732,-0.022247860472290507,-0.159367686794375,1
7.166265974133638,92.1,7.215239978730097,91.79,7.255591274253665,94.34,Free/Reduced Lunch: Free/Reduced Price Meal Eligible,1260011: Shelton School District,0.8099173553719003,0.9282969255663432,0.9434,0.6113450431922133,0.6339327604452666,0.627278661469,0
5.69035945432406,94.27,5.568344503761097,93.47,5.564520407322694,95.78,English Learners: English Learners,1260011: Shelton School District,0.8953168044077131,0.945287216828479,0.9578,-0.055960987600184066,-0.10329349894155819,-0.12395184085609312,1
6.054439346269371,94.85,6.0014148779611505,95.94,6.021023349349527,96.31,Race/Ethnicity: All other races,1260011: Shelton School District,0.9181424635970088,0.9702669902912623,0.9631000000000001,0.10865154329147168,0.09056874482273886,0.0788421053692836,0
5.808142489980444,94.54,5.730099782973574,93.89,5.780743515792329,95.65,Race/Ethnicity: Black or African American,1260011: Shelton School District,0.9059425423061787,0.949534789644013,0.9565000000000001,-0.0027073912757491245,-0.030884386619398952,-0.02789827056147359,1
6.881411303642535,92.52,6.71295620067707,92.6,6.673297967767654,94.89,Race/Ethnicity: Hispanic/Latino of any race,1260011: Shelton School District,0.8264462809917354,0.9364886731391586,0.9489000000000001,0.4825528487227296,0.4090874096183201,0.36860440855261933,0
7.891704659330107,93.82,7.939515260662406,95.0,8.032035314398824,95.31,Race/Ethnicity: White,1260011: Shelton School District,0.8776072412436045,0.9607605177993529,0.9531000000000001,0.9393398064812654,0.9581517318255508,0.9722011941149261,0
7.84971375760487,94.67,7.81923445385907,96.09,7.91644286012226,95.86,High Needs: Students Without High Needs,1260011: Shelton School District,0.9110586383313657,0.9717839805825245,0.9586,0.9203543344452202,0.9043085033854933,0.9208511417964397,0
7.480428306074208,92.3,7.490529402060711,92.47,7.528869256642251,94.59,High Needs: Students With High Needs,1260011: Shelton School District,0.8177882723337269,0.9351739482200648,0.9459000000000001,0.753388198322928,0.7571649842842475,0.7486779239119413,0
5.5134287461649825,94.0,5.5254529391317835,95.92,5.529429087511423,95.44,: All Students,1270011: Sherman School District,0.884691066509248,0.970064724919094,0.9544,-0.13595719806624745,-0.12249373856302653,-0.1395405842521126,1
3.58351893845611,92.75,3.6888794541139363,94.11,3.8066624897703196,94.98,Students With Disabilities: Students With Disabilities,1270011: Sherman School District,0.8354978354978355,0.9517597087378642,0.9498000000000001,-1.0085330938185642,-0.944628610525206,-0.904851395240597,1
3.091042453358316,95.38,0.0,0.0,0.0,0.0,Race/Ethnicity: Hispanic/Latino of any race,1270011: Sherman School District,0.939000393545848,0.0,0.0,-1.2311979605416952,-2.595940938854069,-2.595898784379362,1
5.337538079701318,93.88,5.365976015021851,95.74,5.393627546352362,95.29,Race/Ethnicity: White,1270011: Sherman School District,0.8799685163321525,0.9682443365695793,0.9529000000000001,-0.2154831713687036,-0.19388295421576546,-0.19986819202800118,1
5.303304908059076,94.23,5.2832037287379885,96.3,5.288267030694535,95.51,High Needs: Students Without High Needs,1270011: Sherman School District,0.8937426210153485,0.9739077669902914,0.9551000000000001,-0.23096111769078287,-0.23093564148427356,-0.24667287339922306,1
3.7612001156935624,92.74,3.871201010907891,94.26,4.007333185232471,95.18,High Needs: Students With High Needs,1270011: Sherman School District,0.835104289649744,0.9532766990291264,0.9518000000000001,-0.9281975715226516,-0.8630130852148824,-0.8157067293948981,1
8.31115254800169,94.14,8.29529885950246,97.38,8.3030093814735,95.71,: All Students,1280011: Simsbury School District,0.8902007083825265,0.9848300970873787,0.9571,1.1289860353967651,1.1174168556361386,1.0925769799594418,0
6.424869023905388,91.7,6.342121418721152,95.56,6.3835066348840055,94.77,Students With Disabilities: Students With Disabilities,1280011: Simsbury School District,0.7941755214482487,0.9664239482200648,0.9477,0.2761350217863634,0.24308468309007078,0.23986936093942657,0
6.115892125483034,91.26,6.182084906716632,94.64,6.049733455231958,94.46,Free/Reduced Lunch: Free Meal Eligible,1280011: Simsbury School District,0.7768595041322315,0.9571197411003237,0.9446,0.13643637222733282,0.1714449701249068,0.09159609911704869,0
4.406719247264253,93.35,4.962844630259907,96.75,5.081404364984463,95.69,Free/Reduced Lunch: Reduced Price Meal Eligible,1280011: Simsbury School District,0.8591105863833133,0.9784587378640778,0.9569,-0.6363370751379823,-0.3743431275215869,-0.3385682204911606,1
6.280395838960195,91.58,6.439350371100098,95.12,6.369900982828227,94.8,Free/Reduced Lunch: Free/Reduced Price Meal Eligible,1280011: Simsbury School District,0.7894529712711531,0.9619741100323627,0.948,0.21081392840563135,0.28660883987833313,0.23382527312016663,0
4.2626798770413155,92.89,4.143134726391533,94.98,4.394449154672439,95.44,English Learners: English Learners,1280011: Simsbury School District,0.8410074773711136,0.9605582524271846,0.9544,-0.7014620265703444,-0.7412830307492584,-0.6437368079283701,1
6.161207321695077,95.03,6.133398042996649,98.09,6.142037405587356,96.02,Race/Ethnicity: All other races,1280011: Simsbury School District,0.9252262888626523,0.9920105177993529,0.9601999999999999,0.15692486747616355,0.14965048773844256,0.13260061545521984,0
5.484796933490655,92.28,5.442417710521793,94.68,5.44673737166631,95.62,Race/Ethnicity: Black or African American,1280011: Simsbury School District,0.8170011806375443,0.9575242718446604,0.9562,-0.14890258519859925,-0.15966413092604229,-0.17627502303124404,1
6.12029741895095,93.03,6.0844994130751715,96.23,5.945420608606575,95.08,Race/Ethnicity: Hispanic/Latino of any race,1280011: Simsbury School District,0.8465171192443921,0.9731998381877024,0.9508,0.13842815074385428,0.1277612090476806,0.045256827533733564,0
7.973155433444133,94.33,7.964503363551548,97.66,7.992944547318106,95.75,Race/Ethnicity: White,1280011: Simsbury School District,0.8976780794962611,0.9876618122977348,0.9575,0.9761663886864932,0.9693375574605878,0.9548357618526958,0
7.999342952713282,94.89,7.966239776559467,98.03,7.994632311431825,95.99,High Needs: Students Without High Needs,1280011: Simsbury School District,0.9197166469893743,0.9914037216828481,0.9599,0.9880066301281054,0.9701148558902913,0.955585523384131,0
6.947937068614969,92.07,6.977281341630747,95.67,6.977281341630747,94.94,High Needs: Students With High Needs,1280011: Simsbury School District,0.8087367178276264,0.9675364077669905,0.9494,0.5126313418883472,0.5274115157252015,0.5036440376487603,0
7.1853870155804165,94.78,7.16703787691222,95.54,7.1846291527173145,95.5,: All Students,1290011: Somers School District,0.9153876426603698,0.9662216828478967,0.9550000000000001,0.6199902968727194,0.6123552798110171,0.595754902618755,0
5.313205979041787,93.11,5.298317366548036,93.6,5.308267697401205,94.2,Students With Disabilities: Students With Disabilities,1290011: Somers School District,0.8496654860291222,0.9466019417475728,0.9420000000000001,-0.22648451684283796,-0.22417008116925807,-0.23778790518724233,1
4.23410650459726,93.22,4.23410650459726,92.53,5.0369526024136295,93.58,Free/Reduced Lunch: Free/Reduced Price Meal Eligible,1290011: Somers School District,0.8539944903581267,0.9357807443365697,0.9358,-0.7143809909465271,-0.700559873283762,-0.3583151870898621,1
3.7612001156935624,94.54,3.7612001156935624,95.36,3.713572066704308,94.96,Race/Ethnicity: All other races,1290011: Somers School District,0.9059425423061787,0.964401294498382,0.9496,-0.9281975715226516,-0.9122545518049755,-0.9462052891838187,1
3.4339872044851463,92.75,3.6635616461296463,92.15,3.713572066704308,94.75,Race/Ethnicity: Black or African American,1290011: Somers School District,0.8354978354978355,0.9319377022653723,0.9475,-1.0761413241057658,-0.9559620273448031,-0.9462052891838187,1
4.204692619390966,93.34,4.110873864173311,93.34,4.189654742026425,95.08,Race/Ethnicity: Hispanic/Latino of any race,1290011: Somers School District,0.8587170405352222,0.9439724919093853,0.9508,-0.7276799788727595,-0.755724478393761,-0.7347133675119711,1
7.074963197966044,94.93,7.052721049232323,95.77,7.068172000388042,95.57,Race/Ethnicity: White,1290011: Somers School District,0.9212908303817398,0.9685477346278318,0.9557,0.5700640458207913,0.5611818030868766,0.5440207223697374,0
6.964135612418245,95.19,6.942156705699469,95.98,6.925595197110468,95.9,High Needs: Students Without High Needs,1290011: Somers School District,0.9315230224321129,0.9706715210355988,0.9590000000000001,0.5199552379650277,0.5116881110808189,0.4806833154989642,0
5.5254529391317835,93.27,5.488937726156687,93.74,5.71042701737487,94.16,High Needs: Students With High Needs,1290011: Somers School District,0.8559622195985828,0.9480177993527509,0.9416,-0.1305206637231421,-0.13883962953273155,-0.05913522192812844,1
8.72777821348305,94.09,8.71833650245078,95.15,8.738094230177667,95.27,: All Students,1310011: Southington School District,0.88823297914207,0.9622775080906151,0.9527,1.3173562440970272,1.3067879868528787,1.2858562894417516,0
6.825460036255307,91.31,6.774223886357614,91.99,6.825460036255307,93.01,Students With Disabilities: Students With Disabilities,1310011: Southington School District,0.778827233372688,0.930319579288026,0.9301,0.4572554347897709,0.43651364730131914,0.4361999123130602,0
7.018401799069201,90.99,7.030857476116121,91.56,7.0630481633881725,92.99,Free/Reduced Lunch: Free Meal Eligible,1310011: Southington School District,0.7662337662337659,0.9259708737864079,0.9299,0.5444907713028445,0.5513946608727712,0.5417445418036151,0
5.697093486505405,93.35,5.7745515455444085,94.59,5.602118820879701,94.63,Free/Reduced Lunch: Reduced Price Meal Eligible,1310011: Southington School District,0.8591105863833133,0.956614077669903,0.9462999999999999,-0.05291630948144993,-0.010985730547212936,-0.10724936217504435,1
7.254177846456518,91.49,7.280697195384741,92.24,7.271008538280992,93.3,Free/Reduced Lunch: Free/Reduced Price Meal Eligible,1310011: Southington School District,0.7859110586383311,0.9328478964401296,0.9329999999999999,0.6510929010625598,0.6632344251335397,0.6341275281996694,0
4.990432586778736,92.89,4.962844630259907,93.54,4.912654885736052,94.97,English Learners: English Learners,1310011: Southington School District,0.8410074773711136,0.9459951456310681,0.9497,-0.3724210164419072,-0.3743431275215869,-0.4135324094804421,1
6.335054251498059,94.41,6.246106765481563,95.33,6.244166900663736,95.38,Race/Ethnicity: All other races,1310011: Southington School District,0.9008264462809916,0.9640978964401296,0.9538,0.23552680000725654,0.2001041025189343,0.17796996891565597,0
4.997212273764115,93.03,5.062595033026967,94.24,5.017279836814924,96.22,Race/Ethnicity: Black or African American,1310011: Southington School District,0.8465171192443921,0.953074433656958,0.9622,-0.3693556962800235,-0.3296902534187705,-0.36705449061157686,1
6.543911845564792,91.97,6.484635235635252,91.97,6.431331081933479,93.96,Race/Ethnicity: Hispanic/Latino of any race,1310011: Southington School District,0.8048012593467138,0.9301173139158577,0.9396,0.3299582089256906,0.30688043075675153,0.2611145873122266,0
8.469682208745185,94.39,8.473868066677865,95.59,8.507546814364431,95.39,Race/Ethnicity: White,1310011: Southington School District,0.9000393545848091,0.9667273462783174,0.9539,1.2006625252379075,1.1973526564495285,1.1834393805008214,0
8.323122887587735,95.23,8.306965865368573,96.36,8.339739766019143,96.07,High Needs: Students Without High Needs,1310011: Southington School District,0.9330972058244784,0.9745145631067962,0.9607,1.1343982208496968,1.1226395447646524,1.108893850986198,0
7.609862200913554,91.8,7.611842399580417,92.73,7.6255950721324535,93.6,High Needs: Students With High Needs,1310011: Southington School District,0.7981109799291617,0.9378033980582526,0.9359999999999999,0.8119095324697468,0.8114702688246274,0.7916467813261678,0
8.458504195067558,94.76,8.42726848388825,97.62,8.414274137408396,95.98,: All Students,1320011: South Windsor School District,0.9146005509641872,0.9872572815533982,0.9598000000000001,1.1956085764686297,1.1764925371334432,1.14200452325557,0
6.363028103540465,92.26,6.380122536899765,94.64,6.368187186350492,94.6,Students With Disabilities: Students With Disabilities,1320011: South Windsor School District,0.8162140889413618,0.9571197411003237,0.946,0.24817470143044426,0.2600957336595448,0.23306394713789816,0
6.369900982828227,92.06,6.429719478039138,94.48,6.466144724237619,94.05,Free/Reduced Lunch: Free Meal Eligible,1320011: South Windsor School District,0.8083431719795358,0.9555016181229775,0.9405,0.2512821569068409,0.28229760861089626,0.27657997702908044,0
5.288267030694535,94.58,5.267858159063328,96.61,5.0238805208462765,95.77,Free/Reduced Lunch: Reduced Price Meal Eligible,1320011: South Windsor School District,0.9075167256985437,0.9770428802588998,0.9577,-0.23776023817774236,-0.23780502518309185,-0.3641222449691686,1
6.660575149839686,92.7,6.70073110954781,94.99,6.677083461247136,94.38,Free/Reduced Lunch: Free/Reduced Price Meal Eligible,1320011: South Windsor School District,0.833530106257379,0.9606593851132686,0.9438,0.38270553775031674,0.40361489582441534,0.3702860519560685,0
5.860786223465865,93.88,5.777652323222656,97.51,5.783825182329737,95.26,English Learners: English Learners,1320011: South Windsor School District,0.8799685163321525,0.9861448220064727,0.9526000000000001,0.021094577457868142,-0.009597679657724704,-0.02652929073563277,1
7.400009517162692,95.24,7.301822342137932,98.39,7.23561914106675,96.32,Race/Ethnicity: All other races,1320011: South Windsor School District,0.9334907516725695,0.9950444983818771,0.9632,0.7170282106750662,0.6726910137006712,0.6184063688052757,0
5.6240175061873385,93.1,5.6240175061873385,95.32,5.631211781821365,94.97,Race/Ethnicity: Black or African American,1320011: South Windsor School District,0.8492719401810307,0.9639967637540454,0.9497,-0.08595637110988123,-0.07837169913619742,-0.09432529134530132,1
6.137727054086234,93.47,6.07993319509559,96.33,6.018593214496234,95.23,Race/Ethnicity: Hispanic/Latino of any race,1320011: South Windsor School District,0.8638331365604093,0.9742111650485438,0.9523,0.14630866382796656,0.12571715959111437,0.077762557810245,0
7.758760544157663,94.86,7.773173680482536,97.64,7.798112628829788,96.02,Race/Ethnicity: White,1320011: South Windsor School District,0.9185360094451003,0.9874595469255665,0.9601999999999999,0.8792313859124768,0.8836895799765953,0.8682848769329125,0
8.082402253926244,95.48,8.043342170441608,98.43,8.047509510981422,96.45,High Needs: Students Without High Needs,1320011: South Windsor School District,0.942935852026761,0.9954490291262138,0.9645,1.0255604805033736,1.004629438203155,0.9790753521996903,0
7.251344983372214,93.12,7.260522598089852,95.81,7.234177179749849,94.89,High Needs: Students With High Needs,1320011: South Windsor School District,0.8500590318772137,0.9689522653721684,0.9489000000000001,0.6498120702001766,0.6542033462797792,0.6177658011356337,0
5.517452896464707,91.11,5.5093883366279774,91.69,5.552959584921617,94.46,: All Students,1330011: Sprague School District,0.7709563164108619,0.9272855987055018,0.9446,-0.13413774695076086,-0.12968499446992618,-0.12908754663252425,1
3.6375861597263857,90.1,3.7376696182833684,89.89,3.912023005428146,91.93,Students With Disabilities: Students With Disabilities,1330011: Sprague School District,0.7312081857536401,0.9090817152103561,0.9193000000000001,-0.9840875192936294,-0.9227878861002532,-0.8580467138693754,1
4.882801922586371,90.62,4.867534450455582,88.79,4.867534450455582,93.69,Free/Reduced Lunch: Free Meal Eligible,1330011: Sprague School District,0.7516725698543882,0.8979571197411005,0.9369,-0.4210843906798795,-0.4170083533398499,-0.43357642296545357,1
4.969813299576001,90.68,5.099866427824199,89.88,5.099866427824199,94.12,Free/Reduced Lunch: Free/Reduced Price Meal Eligible,1330011: Sprague School District,0.7540338449429362,0.9089805825242719,0.9412,-0.38174367645888513,-0.3130058606408925,-0.3303667518169219,1
3.7376696182833684,92.39,3.6635616461296463,92.5,0.0,0.0,Race/Ethnicity: All other races,1330011: Sprague School District,0.8213301849665484,0.9354773462783172,0.0,-0.9388364857212238,-0.9559620273448031,-2.595898784379362,1
5.10594547390058,90.85,5.081404364984463,92.67,5.181783550292085,94.2,Race/Ethnicity: White,1330011: Sprague School District,0.7607241243604879,0.9371966019417477,0.9420000000000001,-0.32019382916679895,-0.3212703302048513,-0.2939764134437824,1
4.343805421853684,92.15,4.143134726391533,96.08,4.31748811353631,96.23,High Needs: Students Without High Needs,1330011: Sprague School District,0.8118850846123573,0.9716828478964402,0.9623,-0.6647824912623785,-0.7412830307492584,-0.6779254884400759,1
5.0689042022202315,90.68,5.170483995038151,90.16,5.214935757608986,93.71,High Needs: Students With High Needs,1330011: Sprague School District,0.7540338449429362,0.9118122977346279,0.9370999999999999,-0.3369414101610922,-0.2813941853916664,-0.2792490889756721,1
7.180069874302796,92.44,7.215239978730097,95.06,7.22402480828583,94.82,: All Students,1340011: Stafford School District,0.8232979142070049,0.9613673139158577,0.9481999999999999,0.6175862418776991,0.6339327604452666,0.6132557765921048,0
5.365976015021851,89.74,5.337538079701318,91.91,5.389071729816501,93.88,Students With Disabilities: Students With Disabilities,1340011: Stafford School District,0.717040535222353,0.9295105177993528,0.9388,-0.2026254425844142,-0.206613083722883,-0.2018920388174306,1
5.799092654460526,90.56,6.037870919922137,92.31,6.1463292576688975,93.48,Free/Reduced Lunch: Free Meal Eligible,1340011: Stafford School District,0.7493112947658402,0.9335558252427186,0.9348000000000001,-0.006799120486959492,0.10688814812151434,0.13450720036432706,0
4.219507705176107,89.78,4.9344739331306915,94.6,4.804021044733257,95.27,Free/Reduced Lunch: Reduced Price Meal Eligible,1340011: Stafford School District,0.7186147186147185,0.9567152103559872,0.9527,-0.7209815898091981,-0.3870431581177373,-0.46179121195992784,1
5.983936280687191,90.43,6.322565239927284,92.88,6.376726947898627,93.85,Free/Reduced Lunch: Free/Reduced Price Meal Eligible,1340011: Stafford School District,0.7441951987406537,0.9393203883495146,0.9385,0.07677478130087438,0.23433043683751234,0.2368575961699961,0
4.867534450455582,91.73,4.6913478822291435,93.87,4.700480365792417,93.76,Race/Ethnicity: Hispanic/Latino of any race,1340011: Stafford School District,0.7953561589925227,0.9493325242718448,0.9376000000000001,-0.42798731853546246,-0.49587757523155734,-0.5077874607114496,1
7.009408932708637,92.55,7.0707241072602764,95.13,7.076653815443951,94.95,Race/Ethnicity: White,1340011: Stafford School District,0.8276269185360094,0.9620752427184467,0.9495,0.5404247997281078,0.5692408009584456,0.547788629622875,0
6.637258031284457,93.66,6.535241271013659,96.86,6.541029999189903,95.59,High Needs: Students Without High Needs,1340011: Stafford School District,0.8713105076741439,0.9795711974110034,0.9559000000000001,0.3721630991718807,0.32953402276150373,0.3098465324521853,0
6.269096283706261,90.75,6.472346294500901,93.15,6.522092798170152,94.01,High Needs: Students With High Needs,1340011: Stafford School District,0.7567886658795748,0.9420509708737865,0.9401,0.20570502667979937,0.3013793347600716,0.3014339914328268,0
9.679531170964893,91.04,9.669156655581341,93.86,9.699656312254291,94.69,: All Students,1350011: Stamford School District,0.7682014954742229,0.9492313915857606,0.9469,1.747675156458818,1.7324188756955634,1.7130144766359674,0
4.060443010546419,83.06,3.332204510175204,83.9,4.330733340286331,86.48,Homelessness: Students Experiencing Homelessness,1350011: Stamford School District,0.45415190869736355,0.8485032362459548,0.8648,-0.7928999861221547,-1.1042927414512482,-0.6720415136526171,1
7.722234744709607,88.48,7.6708948313621175,90.96,7.76004068088038,92.93,Students With Disabilities: Students With Disabilities,1350011: Stamford School District,0.6674537583628495,0.9199029126213593,0.9293000000000001,0.8627168669208908,0.8379048568429945,0.8513720383630926,0
8.863757191604241,89.72,8.920656296853728,92.05,8.988321188323683,94.01,Free/Reduced Lunch: Free Meal Eligible,1350011: Stamford School District,0.7162534435261705,0.9309263754045308,0.9401,1.378836826331304,1.3973556442996296,1.397015512357384,0
7.234177179749849,92.2,7.336936913707618,94.1,7.390798521735676,95.03,Free/Reduced Lunch: Reduced Price Meal Eligible,1350011: Stamford School District,0.8138528138528138,0.95165857605178,0.9503,0.6420499397814138,0.6884099130733091,0.6873422640241321,0
9.042631527550073,90.13,9.10719961305667,92.4,9.172534657240284,94.18,Free/Reduced Lunch: Free/Reduced Price Meal Eligible,1350011: Stamford School District,0.7323888232979141,0.9344660194174759,0.9418000000000001,1.4597118150440302,1.480861023546905,1.4788493251770776,0
7.624130585661289,88.06,7.599901959208498,89.17,7.801800401908973,93.4,English Learners: English Learners,1350011: Stamford School District,0.6509248327430148,0.9018001618122978,0.934,0.8183607399575074,0.806125177818784,0.8699231096509563,0
7.385230923066573,92.16,7.424761761823209,95.69,7.459914766241105,94.57,Race/Ethnicity: All other races,1350011: Stamford School District,0.8122786304604483,0.9677386731391586,0.9457,0.7103463207080476,0.7277243597042905,0.7180460222722224,0
7.70210434005105,89.2,7.720461694599722,92.15,7.768533300926033,94.13,Race/Ethnicity: Black or African American,1350011: Stamford School District,0.6957890594254232,0.9319377022653723,0.9413,0.8536152468313747,0.8600932675403312,0.8551447455557433,0
8.960210955576986,90.27,8.892473968347087,92.49,8.89795568688403,94.43,Race/Ethnicity: Hispanic/Latino of any race,1350011: Stamford School District,0.7378984651711922,0.9353762135922331,0.9443000000000001,1.4224467552310989,1.3847399361739192,1.3568721201631997,0
8.384347278082808,92.89,8.43750042250699,96.15,8.496173824192162,95.38,Race/Ethnicity: White,1350011: Stamford School District,0.8410074773711136,0.9723907766990293,0.9538,1.1620797877108706,1.1810728240726072,1.1783871161119506,0
8.610865667278873,93.44,8.6164953924901,96.96,8.630521876723241,95.84,High Needs: Students Without High Needs,1350011: Stamford School District,0.8626524990161353,0.9805825242718447,0.9584,1.2644962247731688,1.2611992159264613,1.2380690353992754,0
9.196748418456716,89.86,9.206834232646894,92.25,9.279213236262558,94.09,High Needs: Students With High Needs,1350011: Stamford School District,0.721763085399449,0.9329490291262137,0.9409000000000001,1.5293931460555943,1.5254620677675852,1.5262395345842517,0
5.752572638825633,89.74,5.69035945432406,90.66,5.786897381366708,93.72,: All Students,1360011: Sterling School District,0.717040535222353,0.916868932038835,0.9372,-0.02783235434632726,-0.04867398789183895,-0.025164516691612668,1
3.9512437185814275,88.15,3.8918202981106265,89.54,4.02535169073515,91.46,Students With Disabilities: Students With Disabilities,1360011: Sterling School District,0.6544667453758364,0.9055420711974111,0.9146,-0.8422725887283823,-0.8537829426789808,-0.80770230379416,1
4.672828834461906,88.49,4.61512051684126,87.35,4.897839799950911,92.8,Free/Reduced Lunch: Free/Reduced Price Meal Eligible,1360011: Sterling School District,0.6678473042109405,0.8833940129449839,0.9279999999999999,-0.5160201512642536,-0.5300004544925379,-0.420113768401585,1
3.4011973816621555,86.97,3.2188758248682006,92.51,0.0,0.0,Race/Ethnicity: Hispanic/Latino of any race,1360011: Sterling School District,0.6080283353010625,0.9355784789644015,0.0,-1.0909666848076205,-1.1550238801421728,-2.595898784379362,1
5.537334267018537,90.03,5.497168225293202,91.31,5.598421958998375,93.83,Race/Ethnicity: White,1360011: Sterling School District,0.7284533648170011,0.9234425566343043,0.9383,-0.12514872339613875,-0.1351552790784843,-0.10889163244440049,1
5.159055299214529,90.73,5.0689042022202315,92.27,5.111987788356544,94.49,High Needs: Students Without High Needs,1360011: Sterling School District,0.7560015741833923,0.933151294498382,0.9449,-0.29618112494017806,-0.3268659787304958,-0.3249820361674217,1
4.890349128221754,88.55,4.836281906951478,88.56,5.081404364984463,92.94,High Needs: Students With High Needs,1360011: Sterling School District,0.6702085792994881,0.8956310679611652,0.9294,-0.4176720500143126,-0.4309984310916201,-0.3385682204911606,1
7.498869733976931,93.13,7.524021415206125,92.4,7.566311014772463,94.99,: All Students,1370011: Stonington School District,0.8504525777253047,0.9344660194174759,0.9499,0.7617261762983205,0.7721575517821891,0.7653108109884841,0
5.5093883366279774,90.33,5.583496308781699,89.01,5.676753802268282,93.99,Students With Disabilities: Students With Disabilities,1370011: Stonington School District,0.7402597402597402,0.9001820388349516,0.9399,-0.13778400051933398,-0.09651085322537661,-0.07409399556328182,1
5.831882477283517,90.52,5.973809611869261,89.09,6.104793232414985,93.98,Free/Reduced Lunch: Free Meal Eligible,1370011: Stonington School District,0.7477371113734748,0.9009911003236247,0.9398000000000001,0.008026240214895347,0.07821135640943681,0.11605550225618494,0
4.2626798770413155,92.34,4.634728988229636,91.06,4.454347296253507,94.77,Free/Reduced Lunch: Reduced Price Meal Eligible,1370011: Stonington School District,0.8193624557260923,0.9209142394822007,0.9477,-0.7014620265703444,-0.5212227996664365,-0.6171280407452724,1
6.018593214496234,90.84,6.20455776256869,89.5,6.278521424165844,94.11,Free/Reduced Lunch: Free/Reduced Price Meal Eligible,1370011: Stonington School District,0.7603305785123968,0.9051375404530746,0.9411,0.09244432447934849,0.181504855350995,0.19323140263337207,0
5.003946305945459,93.0,5.0238805208462765,91.89,4.912654885736052,95.68,Race/Ethnicity: All other races,1370011: Stonington School District,0.8453364817001181,0.9293082524271846,0.9568000000000001,-0.36631101816128936,-0.34702065199764404,-0.4135324094804421,1
7.3277805384216315,93.29,7.351799869057777,92.89,7.409136443920128,94.97,Race/Ethnicity: White,1370011: Stonington School District,0.8567493112947662,0.9394215210355988,0.9497,0.6843711064039201,0.6950632563745514,0.695488585247929,0
7.095893221097532,94.14,7.0707241072602764,93.74,7.106606137727303,95.44,High Needs: Students Without High Needs,1370011: Stonington School District,0.8902007083825265,0.9480177993527509,0.9544,0.5795271998029744,0.5692408009584456,0.5610944576367899,0
6.354370040797351,91.09,6.484635235635252,90.06,6.569481420414296,94.22,High Needs: Students With High Needs,1370011: Stonington School District,0.7701692247146794,0.9108009708737865,0.9422,0.24426010561701525,0.30688043075675153,0.3224856097825476,0
8.81358720447004,91.73,8.816260208734581,92.01,8.809116258125274,94.29,: All Students,1380011: Stratford School District,0.7953561589925227,0.9305218446601944,0.9429000000000001,1.3561533199370444,1.3506231474845876,1.3174066607328472,0
3.2188758248682006,90.06,0.0,0.0,3.4657359027997265,90.13,Homelessness: Students Experiencing Homelessness,1380011: Stratford School District,0.7296340023612751,0.0,0.9013,-1.173400275796677,-2.595940938854069,-1.0563024409621202,1
6.947937068614969,89.36,6.960347729101308,88.36,6.90875477931522,92.44,Students With Disabilities: Students With Disabilities,1380011: Stratford School District,0.7020857929948838,0.8936084142394823,0.9244,0.5126313418883472,0.5198312509101443,0.47320223604388034,0
7.925157512224703,90.5,7.83241092718792,88.91,7.934871565945177,93.15,Free/Reduced Lunch: Free Meal Eligible,1380011: Stratford School District,0.7469500196772922,0.8991707119741101,0.9315000000000001,0.9544649449532163,0.9102068996661199,0.9290377921629478,0
6.280395838960195,92.46,6.322565239927284,92.72,6.4457198193855785,94.68,Free/Reduced Lunch: Reduced Price Meal Eligible,1380011: Stratford School District,0.8240850059031875,0.9377022653721684,0.9468000000000001,0.21081392840563135,0.23433043683751234,0.26750654797770823,0
8.101374671228582,90.82,8.031710375322042,89.6,8.137980454452139,93.43,Free/Reduced Lunch: Free/Reduced Price Meal Eligible,1380011: Stratford School District,0.7595434868162139,0.9061488673139159,0.9343000000000001,1.0341385363047626,0.9994225110263633,1.0192655852871282,0
6.1903154058531475,92.44,6.037870919922137,90.36,6.161207321695077,94.41,English Learners: English Learners,1380011: Stratford School District,0.8232979142070049,0.9138349514563108,0.9440999999999999,0.17008559265948972,0.10688814812151434,0.14111653633632917,0
6.111467339502679,92.97,6.142037405587356,92.68,6.093569770045136,94.77,Race/Ethnicity: All other races,1380011: Stratford School District,0.8441558441558441,0.937297734627832,0.9477,0.13443578050283936,0.15351786430425254,0.11106966314157093,0
7.443078374348516,91.97,7.4127640174265625,90.48,7.351799869057777,94.85,Race/Ethnicity: Black or African American,1380011: Stratford School District,0.8048012593467138,0.9150485436893205,0.9485,0.7365010619388065,0.7223536167779457,0.6700177520748548,0
7.858640655620791,91.21,7.818027938530729,91.07,7.80016307039296,93.75,Race/Ethnicity: Hispanic/Latino of any race,1380011: Stratford School District,0.7748917748917745,0.9210153721682849,0.9375,0.9243904795549127,0.9037684115606479,0.8691957519740547,0
7.591357046698551,91.93,7.668093709082406,94.09,7.720905251936779,94.39,Race/Ethnicity: White,1380011: Stratford School District,0.8032270759543487,0.9515574433656959,0.9439000000000001,0.803542741726111,0.8366509455099783,0.8339867658006453,0
7.906547232368036,93.02,7.983440063006542,94.72,7.926241523170962,95.32,High Needs: Students Without High Needs,1380011: Stratford School District,0.8461235733963002,0.9579288025889968,0.9531999999999999,0.946050623438673,0.9778144962320668,0.9252040371766019,0
8.25608813381491,90.9,8.207129168071326,89.87,8.27563105457801,93.55,High Needs: Students With High Needs,1380011: Stratford School District,0.7626918536009448,0.9088794498381879,0.9355,1.1040895970548368,1.0779480412559859,1.0804146071880123,0
7.6093665379542115,93.56,7.629975707027789,95.53,7.634820677745543,94.91,: All Students,1390011: Suffield School District,0.8673750491932308,0.9661205501618124,0.9490999999999999,0.8116854268928894,0.8195875723347297,0.7957451053375986,0
5.634789603169249,91.67,5.638354669333745,92.09,5.641907070938114,91.52,Students With Disabilities: Students With Disabilities,1390011: Suffield School District,0.7929948839039747,0.9313309061488675,0.9152,-0.0810859506707622,-0.07195372463976307,-0.08957408453735209,1
5.420534999272286,89.93,5.605802066295998,90.69,5.717027701406222,92.53,Free/Reduced Lunch: Free Meal Eligible,1390011: Suffield School District,0.7245179063360885,0.9171723300970874,0.9253,-0.1779575257918791,-0.08652576891068112,-0.05620297628572017,1
4.356708826689592,93.11,4.30406509320417,92.96,4.007333185232471,93.1,Free/Reduced Lunch: Reduced Price Meal Eligible,1390011: Suffield School District,0.8496654860291222,0.9401294498381878,0.9309999999999999,-0.6589484362262453,-0.6692431872071153,-0.8157067293948981,1
5.713732805509369,90.74,5.84354441703136,91.18,5.8805329864007,92.62,Free/Reduced Lunch: Free/Reduced Price Meal Eligible,1390011: Suffield School District,0.7563951200314833,0.9221278317152105,0.9262,-0.04539312439445917,0.019898656072186015,0.016431565400949102,1
3.7376696182833684,94.49,3.8501476017100584,92.96,3.8066624897703196,93.7,English Learners: English Learners,1390011: Suffield School District,0.9039748130657217,0.9401294498381878,0.937,-0.9388364857212238,-0.8724375607484923,-0.904851395240597,1
4.663439094112067,94.5,4.672828834461906,96.48,4.6443908991413725,96.19,Race/Ethnicity: All other races,1390011: Suffield School District,0.9043683589138132,0.975728155339806,0.9619,-0.5202655626632294,-0.5041675538734038,-0.532704286511826,1
4.382026634673881,90.97,4.48863636973214,93.23,4.31748811353631,94.71,Race/Ethnicity: Black or African American,1390011: Suffield School District,0.7654466745375834,0.9428600323624597,0.9470999999999999,-0.6475014199500789,-0.5866205837370757,-0.6779254884400759,1
5.062595033026967,91.73,5.0238805208462765,91.9,4.997212273764115,93.05,Race/Ethnicity: Hispanic/Latino of any race,1390011: Suffield School District,0.7953561589925227,0.9294093851132688,0.9305,-0.3397939937058131,-0.34702065199764404,-0.37596917642747035,1
7.424165281042028,93.8,7.446585099157725,95.91,7.4645098346365275,94.99,Race/Ethnicity: White,1390011: Suffield School District,0.8768201495474219,0.9699635922330098,0.9499,0.7279498284731621,0.7374934905295271,0.7200873060566071,0
7.27931883541462,94.3,7.293017679772782,96.63,7.3098814858247865,95.79,High Needs: Students Without High Needs,1390011: Suffield School District,0.8964974419519871,0.977245145631068,0.9579000000000001,0.6624599716233643,0.6687496413432388,0.6513961977044427,0
6.278521424165844,91.72,6.333279628139691,92.58,6.354370040797351,92.59,High Needs: Students With High Needs,1390011: Suffield School District,0.7949626131444312,0.9362864077669903,0.9259000000000001,0.20996644363631267,0.23912669043314463,0.22692590680052116,0
6.679599185844383,94.23,6.687108607866515,92.78,6.71295620067707,95.65,: All Students,1400011: Thomaston School District,0.8937426210153485,0.9383090614886733,0.9565000000000001,0.391306932070049,0.39751683671220533,0.38622192820390067,0
4.736198448394496,92.6,4.787491742782046,91.06,4.852030263919617,93.98,Students With Disabilities: Students With Disabilities,1400011: Thomaston School District,0.8295946477764655,0.9209142394822007,0.9398000000000001,-0.48736865811165275,-0.45283915551657283,-0.4404639035952234,1
5.393627546352362,92.15,5.337538079701318,88.84,5.424950017481403,93.96,Free/Reduced Lunch: Free Meal Eligible,1400011: Thomaston School District,0.8118850846123573,0.8984627831715212,0.9396,-0.1901232729890963,-0.206613083722883,-0.18595369785719412,1
3.9889840465642745,92.42,4.330733340286331,91.52,3.9889840465642745,94.98,Free/Reduced Lunch: Reduced Price Meal Eligible,1400011: Thomaston School District,0.8225108225108224,0.9255663430420713,0.9498000000000001,-0.8252089413164269,-0.6573052516552824,-0.8238580333576697,1
5.60947179518496,92.2,5.645446897643238,89.56,5.634789603169249,94.15,Free/Reduced Lunch: Free/Reduced Price Meal Eligible,1400011: Thomaston School District,0.8138528138528138,0.9057443365695794,0.9415000000000001,-0.09253296694692857,-0.06877891662869438,-0.09273590288089112,1
4.406719247264253,91.59,4.110873864173311,87.36,4.04305126783455,93.54,Race/Ethnicity: Hispanic/Latino of any race,1400011: Thomaston School District,0.7898465171192446,0.883495145631068,0.9354000000000001,-0.6363370751379823,-0.755724478393761,-0.7998395569067658,1
6.4967749901858625,94.54,6.55250788703459,93.21,6.594413459749778,95.71,Race/Ethnicity: White,1400011: Thomaston School District,0.9059425423061787,0.9426577669902914,0.9571,0.3086460814672341,0.33726335527522594,0.3335612594198539,0
6.1092475827643655,95.43,6.113682179832232,94.68,6.1675164908883415,96.54,High Needs: Students Without High Needs,1400011: Thomaston School District,0.9409681227863049,0.9575242718446604,0.9654,0.13343215524711552,0.14082475940765143,0.14391928129219958,0
5.834810737062605,92.71,5.846438775057725,90.31,5.849324779946859,94.39,High Needs: Students With High Needs,1400011: Thomaston School District,0.83392365210547,0.9133292880258901,0.9439000000000001,0.009350203070323507,0.02119430401920773,0.002567831438378736,1
6.794586580876499,89.24,6.831953565565855,90.39,6.851184927493743,92.96,: All Students,1410011: Thompson School District,0.6973632428177878,0.9141383495145632,0.9296,0.443296527034328,0.46235611035082985,0.4476277734070079,0
5.181783550292085,85.79,5.14166355650266,85.9,5.111987788356544,92.0,Students With Disabilities: Students With Disabilities,1410011: Thompson School District,0.561589925226289,0.8687297734627834,0.92,-0.28590493277634527,-0.2942955409532924,-0.3249820361674217,1
5.6937321388027,86.17,5.84354441703136,85.95,5.924255797414532,91.59,Free/Reduced Lunch: Free Meal Eligible,1410011: Thompson School District,0.5765446674537587,0.869235436893204,0.9159,-0.05443608567560516,0.019898656072186015,0.035854707223855815,1
4.204692619390966,89.22,4.418840607796598,89.51,4.442651256490317,93.35,Free/Reduced Lunch: Reduced Price Meal Eligible,1410011: Thompson School District,0.6965761511216058,0.9052386731391587,0.9335,-0.7276799788727595,-0.61786438109693,-0.6223238146175182,1
5.8944028342648505,86.71,6.056784013228625,86.64,6.126869184114185,91.91,Free/Reduced Lunch: Free/Reduced Price Meal Eligible,1410011: Thompson School District,0.5977961432506884,0.8762135922330099,0.9191,0.0362937562811027,0.11535451969378314,0.12586238179541584,0
4.248495242049359,87.57,4.30406509320417,84.55,4.04305126783455,91.59,Race/Ethnicity: Hispanic/Latino of any race,1410011: Thompson School District,0.6316410861865402,0.855076860841424,0.9159,-0.7078753680304407,-0.6692431872071153,-0.7998395569067658,1
6.664409020350408,89.34,6.693323668269949,91.1,6.744059186311348,93.02,Race/Ethnicity: White,1410011: Thompson School District,0.7012987012987013,0.9213187702265373,0.9302,0.38443895709547393,0.400298983972142,0.40003891954279913,0
6.0473721790462776,91.6,6.037870919922137,94.16,6.063785208687608,93.97,High Needs: Students Without High Needs,1410011: Thompson School District,0.7902400629673352,0.9522653721682849,0.9397,0.10545624382955388,0.10688814812151434,0.0978383601679969,0
6.1070228877422545,87.13,6.18826412308259,87.1,6.246106765481563,92.1,High Needs: Students With High Needs,1410011: Thompson School District,0.6143250688705231,0.8808656957928803,0.9209999999999999,0.1324262972303625,0.17421107194293656,0.17883172205092418,0
7.696667081526462,93.51,7.721791776817535,97.34,7.749322464660356,96.29,: All Students,1420011: Tolland School District,0.8654073199527748,0.9844255663430422,0.9629000000000001,0.8511568828660856,0.8606886735955539,0.8466106465654737,0
5.730099782973574,91.64,5.71042701737487,95.23,5.746203190540153,94.92,Students With Disabilities: Students With Disabilities,1420011: Tolland School District,0.7918142463597007,0.9630865695792882,0.9492,-0.03799307390270001,-0.039690822494996704,-0.04324224365986623,1
5.5053315359323625,90.74,5.313205979041787,94.44,5.402677381872279,94.86,Free/Reduced Lunch: Free Meal Eligible,1420011: Tolland School District,0.7563951200314833,0.9550970873786409,0.9486,-0.13961821395600607,-0.21750525254895084,-0.19584795099817065,1
4.418840607796598,92.54,4.727387818712341,94.98,4.584967478670572,94.53,Free/Reduced Lunch: Reduced Price Meal Eligible,1420011: Tolland School District,0.8272333726879184,0.9605582524271846,0.9453,-0.6308566081327371,-0.4797444399076253,-0.5591021666262,1
5.793013608384144,91.19,5.752572638825633,94.64,5.765191102784844,94.76,Free/Reduced Lunch: Free/Reduced Price Meal Eligible,1420011: Tolland School District,0.774104683195592,0.9571197411003237,0.9476000000000001,-0.009547657778303423,-0.02082450139331036,-0.03480717501039455,1
3.2188758248682006,94.46,0.0,0.0,0.0,0.0,English Learners: English Learners,1420011: Tolland School District,0.9027941755214477,0.0,0.0,-1.173400275796677,-2.595940938854069,-2.595898784379362,1
4.897839799950911,94.0,4.912654885736052,97.48,4.844187086458591,96.4,Race/Ethnicity: All other races,1420011: Tolland School District,0.884691066509248,0.9858414239482203,0.9640000000000001,-0.41428527019292005,-0.39681036856831947,-0.4439481065692622,1
4.189654742026425,93.35,4.127134385045092,95.75,4.127134385045092,96.66,Race/Ethnicity: Black or African American,1420011: Tolland School District,0.8591105863833133,0.9683454692556636,0.9666,-0.734479099359719,-0.7484455204026902,-0.7624870108873487,1
5.298317366548036,92.28,5.123963979403259,96.48,5.030437921392435,96.19,Race/Ethnicity: Hispanic/Latino of any race,1420011: Tolland School District,0.8170011806375443,0.975728155339806,0.9619,-0.23321614975715887,-0.30221868678497676,-0.3612092273052916,1
7.4977617006225685,93.61,7.546446273746024,97.45,7.591357046698551,96.27,Race/Ethnicity: White,1420011: Tolland School District,0.8693427784336873,0.9855380258899678,0.9627,0.7612251978625179,0.7821959512009254,0.7764370999649078,0
7.388327859577107,94.16,7.424761761823209,98.06,7.469654172932128,96.68,High Needs: Students Without High Needs,1420011: Tolland School District,0.890987800078709,0.9917071197411005,0.9668000000000001,0.7117465478787539,0.7277243597042905,0.7223725939871763,0
6.349138991379798,91.75,6.320768294250582,95.22,6.340359303727752,95.04,High Needs: Students With High Needs,1420011: Tolland School District,0.7961432506887052,0.962985436893204,0.9504000000000001,0.24189497559227865,0.23352604119753936,0.22070186660648636,0
8.246433786160365,91.88,8.213652703029998,90.16,8.24564690087386,94.57,: All Students,1430011: Torrington School District,0.8012593467138918,0.9118122977346279,0.9457,1.0997245479634652,1.0808682759330845,1.0670946385873816,0
6.464588303689961,89.68,6.484635235635252,86.69,6.56244409369372,92.74,Students With Disabilities: Students With Disabilities,1430011: Torrington School District,0.7146792601338059,0.8767192556634306,0.9274,0.29409341859756244,0.30688043075675153,0.3193593927855516,0
7.5310163320779155,90.73,7.593877844605118,87.82,7.7102051944325325,93.8,Free/Reduced Lunch: Free Meal Eligible,1430011: Torrington School District,0.7560015741833923,0.8881472491909386,0.938,0.7762607138820519,0.8034285066926149,0.8292334407147424,0
6.144185634125646,92.2,6.135564891081739,91.46,5.849324779946859,95.92,Free/Reduced Lunch: Reduced Price Meal Eligible,1430011: Torrington School District,0.8138528138528138,0.9249595469255664,0.9592,0.14922880094560104,0.15062046873159604,0.002567831438378736,0
7.753623546559746,91.03,7.802618063442671,88.52,7.854381210652365,94.09,Free/Reduced Lunch: Free/Reduced Price Meal Eligible,1430011: Torrington School District,0.7678079496261314,0.8952265372168285,0.9409000000000001,0.8769087798183606,0.8968702417973233,0.8932812717110981,0
6.075346031088684,94.2,5.924255797414532,91.32,6.0063531596017325,95.75,English Learners: English Learners,1430011: Torrington School District,0.8925619834710745,0.9235436893203884,0.9575,0.11810414525274199,0.05602878694825335,0.07232511413671591,0
5.631211781821365,92.46,5.676753802268282,89.45,5.6937321388027,95.09,Race/Ethnicity: All other races,1430011: Torrington School District,0.8240850059031875,0.9046318770226539,0.9509000000000001,-0.0827036017418129,-0.05476450433568852,-0.0665516479699234,1
5.3981627015177525,90.45,5.225746673713202,87.37,5.135798437050262,94.0,Race/Ethnicity: Black or African American,1430011: Torrington School District,0.7449822904368357,0.8835962783171523,0.9400000000000001,-0.18807277971474254,-0.25665606539405683,-0.31440454593406975,1
7.255591274253665,92.13,7.13966033596492,89.21,7.063903961472068,94.98,Race/Ethnicity: Hispanic/Latino of any race,1430011: Torrington School District,0.8110979929161743,0.9022046925566344,0.9498000000000001,0.6517319584015353,0.6000998316599027,0.5421247160689434,0
7.550135342488429,91.78,7.578145472419466,91.11,7.686162303492906,94.34,Race/Ethnicity: White,1430011: Torrington School District,0.7973238882329792,0.9214199029126214,0.9434,0.7849050492640544,0.7963859723763871,0.8185527806719718,0
6.981934677156389,93.53,6.860663671448287,94.41,6.962243464266207,95.85,High Needs: Students Without High Needs,1430011: Torrington School District,0.8661944116489568,0.9547936893203884,0.9584999999999999,0.5280027823608342,0.47520807593577585,0.4969637072218226,0
7.868254265520613,91.21,7.878912912297133,88.72,7.9215356321335495,94.07,High Needs: Students With High Needs,1430011: Torrington School District,0.7748917748917745,0.8972491909385114,0.9407,0.928737109763352,0.9310233297657728,0.9231135222507915,0
8.810459642161918,95.05,8.791638037085997,96.84,8.794824928014517,96.24,: All Students,1440011: Trumbull School District,0.9260133805588349,0.9793689320388351,0.9623999999999999,1.3547392458328407,1.339601129525125,1.3110579716814643,0
6.732210706467206,93.63,6.674561391814426,94.63,6.672032945461067,95.34,Students With Disabilities: Students With Disabilities,1440011: Trumbull School District,0.8701298701298699,0.9570186084142396,0.9534,0.41509433630571696,0.39190012496796195,0.3680424431368503,0
6.714170529909472,93.72,6.785587645007929,94.25,0.0,0.0,Free/Reduced Lunch: Free Meal Eligible,1440011: Trumbull School District,0.8736717827626919,0.9531755663430422,0.0,0.40693777730149994,0.4416005890105398,-2.595898784379362,1
5.768320995793772,94.37,5.676753802268282,95.39,0.0,0.0,Free/Reduced Lunch: Reduced Price Meal Eligible,1440011: Trumbull School District,0.8992522628886266,0.9647046925566344,0.0,-0.020712002590400028,-0.05476450433568852,-2.595898784379362,1
7.04141166379481,93.9,7.069874128458572,94.53,6.802394763324311,95.12,Free/Reduced Lunch: Free/Reduced Price Meal Eligible,1440011: Trumbull School District,0.8807556080283354,0.9560072815533982,0.9512,0.5548942902879747,0.5688603113025674,0.4259535430395691,0
5.655991810819852,94.62,5.6131281063880705,95.59,5.5134287461649825,95.35,English Learners: English Learners,1440011: Trumbull School District,0.9090909090909092,0.9667273462783174,0.9535,-0.0714997330875608,-0.08324629597795093,-0.14664847352045182,1
6.77078942390898,95.68,6.684611727667927,97.75,6.647688373563329,96.79,Race/Ethnicity: All other races,1440011: Trumbull School District,0.9508067689885871,0.988572006472492,0.9679000000000001,0.43253704725224285,0.3963991181460186,0.35722776627542596,0
6.0330862217988015,95.2,5.978885764901122,96.14,5.948034989180646,96.95,Race/Ethnicity: Black or African American,1440011: Trumbull School District,0.9319165682802044,0.9722896440129452,0.9695,0.09899709123490777,0.08048367627953924,0.046418223232952374,0
7.066466970136958,94.35,6.963189985870238,95.89,6.85751406254539,95.75,Race/Ethnicity: Hispanic/Latino of any race,1440011: Trumbull School District,0.8984651711924436,0.9697613268608416,0.9575,0.5662226209112604,0.5211035759349091,0.4504393878680631,0
8.353732642263202,95.1,8.373322820996535,96.97,8.411388132519262,96.19,Race/Ethnicity: White,1440011: Trumbull School District,0.9279811097992914,0.9806836569579289,0.9619,1.1482379008171315,1.1523439740532329,1.1407224629085002,0
8.458716261657262,95.5,8.435766192720509,97.63,8.506536611227709,96.55,High Needs: Students Without High Needs,1440011: Trumbull School District,0.9437229437229435,0.9873584142394822,0.9655,1.1957044587703471,1.1802965029533643,1.1829906143227205,0
7.552237287560802,93.99,7.533158807455563,94.98,7.4109518755836366,95.32,High Needs: Students With High Needs,1440011: Trumbull School District,0.8842975206611565,0.9605582524271846,0.9531999999999999,0.785855407978758,0.7762478693591017,0.6962950609948557,0
3.8066624897703196,95.12,3.784189633918261,97.69,3.8066624897703196,96.18,: All Students,1450011: Union School District,0.9287682014954743,0.9879652103559872,0.9618000000000001,-0.9076425323054834,-0.9019633847069429,-0.904851395240597,1
8.013012110368916,93.57,7.991592282068092,94.0,8.01532730902172,95.12,: All Students,1460011: Vernon School District,0.8677685950413219,0.9506472491909387,0.9512,0.9941869072777946,0.9814638049197124,0.9647789367052934,0
6.302618975744905,90.27,6.234410725718371,90.03,6.2324480165505225,92.48,Students With Disabilities: Students With Disabilities,1460011: Vernon School District,0.7378984651711922,0.9104975728155341,0.9248000000000001,0.2208617417329109,0.19486841648098488,0.17276404681551577,0
7.1731917424865985,91.72,7.188412736496954,91.77,7.2633296174768365,94.14,Free/Reduced Lunch: Free Meal Eligible,1460011: Vernon School District,0.7949626131444312,0.9280946601941749,0.9414,0.6144764115599051,0.6219236513416199,0.6307162935519519,0
5.521460917862246,93.4,5.598421958998375,92.67,5.3230099791384085,95.22,Free/Reduced Lunch: Reduced Price Meal Eligible,1460011: Vernon School District,0.8610783156237702,0.9371966019417477,0.9522,-0.13232558824407828,-0.08982944481458281,-0.2312388882705495,1
7.347943823148687,91.99,7.373374309910049,91.92,7.396948602621014,94.28,Free/Reduced Lunch: Free/Reduced Price Meal Eligible,1460011: Vernon School District,0.8055883510428963,0.929611650485437,0.9428000000000001,0.6934875926571852,0.7047209696718584,0.690074336607948,0
4.6913478822291435,90.94,4.74493212836325,93.84,4.8283137373023015,95.67,English Learners: English Learners,1460011: Vernon School District,0.7642660369933094,0.9490291262135924,0.9567,-0.5076470787872756,-0.4718907989364473,-0.45099958163955434,1
6.154858094016418,93.02,6.040254711277414,94.29,6.054439346269371,95.15,Race/Ethnicity: All other races,1460011: Vernon School District,0.8461235733963002,0.9535800970873788,0.9515000000000001,0.15405417216858408,0.10795524291333299,0.09368661404285951,0
5.75890177387728,93.29,5.752572638825633,91.96,5.7745515455444085,95.33,Race/Ethnicity: Black or African American,1460011: Vernon School District,0.8567493112947662,0.9300161812297735,0.9533,-0.024970743578316922,-0.02082450139331036,-0.030648951807712117,1
6.498282149476434,91.73,6.415096959171596,92.0,6.416732282512326,94.45,Race/Ethnicity: Hispanic/Latino of any race,1460011: Vernon School District,0.7953561589925227,0.9304207119741101,0.9445,0.30932751790678087,0.27575189575214054,0.2546293100616053,0
7.359467638255621,94.57,7.385851078125209,95.06,7.4205789054108005,95.31,Race/Ethnicity: White,1460011: Vernon School District,0.9071231798504522,0.9613673139158577,0.9531000000000001,0.6986978896613518,0.710306145719945,0.7005717111308043,0
7.089243155027514,95.73,7.020190708311925,96.98,7.104144092987527,96.42,High Needs: Students Without High Needs,1460011: Vernon School District,0.9527744982290436,0.980784789644013,0.9642000000000001,0.5765204855333856,0.5466197243649257,0.5600007346339417,0
7.468513271496337,92.17,7.48324441607385,92.14,7.501634457883413,94.23,High Needs: Students With High Needs,1460011: Vernon School District,0.8126721763085398,0.9318365695792882,0.9423,0.7480010180888176,0.7539038890596824,0.736579311161634,0
5.365976015021851,94.44,5.402677381872279,94.45,5.402677381872279,95.09,: All Students,1470011: Voluntown School District,0.9020070838252656,0.9551982200647251,0.9509000000000001,-0.2026254425844142,-0.1774537321984823,-0.19584795099817065,1
3.5263605246161616,93.36,3.5263605246161616,94.22,3.713572066704308,94.58,Students With Disabilities: Students With Disabilities,1470011: Voluntown School District,0.8595041322314048,0.9528721682847897,0.9458,-1.0343762984890374,-1.0173795678835962,-0.9462052891838187,1
4.04305126783455,92.75,0.0,0.0,0.0,0.0,Free/Reduced Lunch: Free Meal Eligible,1470011: Voluntown School District,0.8354978354978355,0.0,0.0,-0.8007633667914922,-2.595940938854069,-2.595898784379362,1
3.091042453358316,95.31,0.0,0.0,0.0,0.0,Free/Reduced Lunch: Reduced Price Meal Eligible,1470011: Voluntown School District,0.9362455726092089,0.0,0.0,-1.2311979605416952,-2.595940938854069,-2.595898784379362,1
4.356708826689592,93.45,4.1588830833596715,94.1,4.189654742026425,94.94,Free/Reduced Lunch: Free/Reduced Price Meal Eligible,1470011: Voluntown School District,0.8630460448642268,0.95165857605178,0.9494,-0.6589484362262453,-0.7342333409082392,-0.7347133675119711,1
5.25227342804663,94.4,5.272999558563747,94.45,5.241747015059643,95.19,Race/Ethnicity: White,1470011: Voluntown School District,0.9004329004329006,0.9551982200647251,0.9519,-0.2540341334377154,-0.23550349798885495,-0.26733862750626136,1
4.787491742782046,95.04,4.90527477843843,94.5,4.912654885736052,95.3,High Needs: Students Without High Needs,1470011: Voluntown School District,0.9256198347107438,0.9557038834951458,0.953,-0.46417726744794174,-0.40011404447222115,-0.4135324094804421,1
4.51085950651685,93.59,4.418840607796598,94.35,4.465908118654584,94.74,High Needs: Students With High Needs,1470011: Voluntown School District,0.8685556867375048,0.9541868932038836,0.9474,-0.5892518281289052,-0.61786438109693,-0.6119923349688412,1
8.543640361431086,92.33,8.564458383883352,95.5,8.607947554684701,95.47,: All Students,1480011: Wallingford School District,0.8189689098780004,0.96581715210356,0.9547,1.2341014460985145,1.2379050544038215,1.2280407630091075,0
6.759255270663693,89.75,6.720220155135295,92.62,6.784457062637643,93.31,Students With Disabilities: Students With Disabilities,1480011: Wallingford School District,0.7174340810704445,0.936690938511327,0.9331,0.42732207603465067,0.4123390901620987,0.4179850136533003,0
7.138866999945524,89.44,7.226936018493289,93.0,7.282073658093465,93.89,Free/Reduced Lunch: Free Meal Eligible,1480011: Wallingford School District,0.7052341597796143,0.9405339805825244,0.9389000000000001,0.5989570630133516,0.639168446483216,0.639043026229682,0
5.817111159963204,91.8,5.666426688112432,95.31,5.736572297479192,95.5,Free/Reduced Lunch: Reduced Price Meal Eligible,1480011: Wallingford School District,0.7981109799291617,0.9638956310679613,0.9550000000000001,0.0013476403182943976,-0.059387396228400106,-0.04752060997407945,1
7.374629015218945,89.94,7.416979621381154,93.4,7.47477218239787,94.17,Free/Reduced Lunch: Free/Reduced Price Meal Eligible,1480011: Wallingford School District,0.7249114521841795,0.9445792880258902,0.9417,0.7055528483914265,0.724240715250032,0.7246461857668226,0
5.799092654460526,91.61,5.707110264748875,94.65,5.823045895483019,95.25,English Learners: English Learners,1480011: Wallingford School District,0.7906336088154271,0.957220873786408,0.9525,-0.006799120486959492,-0.04117555371743158,-0.00910613206153162,1
6.1092475827643655,92.92,6.139884552226255,95.95,5.953243334287785,96.63,Race/Ethnicity: All other races,1480011: Wallingford School District,0.8421881149153876,0.9703681229773464,0.9662999999999999,0.13343215524711552,0.1525541479940584,0.048731945139958745,0
4.465908118654584,92.05,4.499809670330265,94.35,4.795790545596741,95.32,Race/Ethnicity: Black or African American,1480011: Wallingford School District,0.8079496261314443,0.9541868932038836,0.9531999999999999,-0.6095758336200175,-0.5816188998232161,-0.4654474762369725,1
6.9584483932976555,90.81,6.950814768442584,94.12,6.900730664045173,94.66,Race/Ethnicity: Hispanic/Latino of any race,1480011: Wallingford School District,0.7591499409681228,0.9518608414239483,0.9466,0.5173838585675733,0.515563858696048,0.4696376544152156,0
8.17413934342947,92.7,8.20166019080868,95.86,8.288785810426928,95.56,Race/Ethnicity: White,1480011: Wallingford School District,0.833530106257379,0.9694579288025891,0.9556,1.0670378452627236,1.0754998751693747,1.0862583917612048,0
7.982416346827733,93.76,8.00836557031292,96.79,8.069029328774958,96.31,High Needs: Students Without High Needs,1480011: Wallingford School District,0.8752459661550573,0.9788632686084144,0.9631000000000001,0.9803535531637663,0.9889723012015327,0.9886351783708558,0
7.67368812926773,90.44,7.6787889981991535,93.75,7.732807530422021,94.27,High Needs: Students With High Needs,1480011: Wallingford School District,0.7445887445887442,0.9481189320388351,0.9427,0.8407673404270967,0.8414386494708194,0.8392741578432441,0
9.787346917401315,88.81,9.789646736112369,90.53,9.797237752693418,93.43,: All Students,1510011: Waterbury School District,0.6804407713498621,0.9155542071197412,0.9343000000000001,1.7964222124855718,1.7863557846938583,1.7563634314031502,0
5.5053315359323625,85.16,5.713732805509369,83.61,6.352629396319567,88.89,Homelessness: Students Experiencing Homelessness,1510011: Waterbury School District,0.5367965367965368,0.8455703883495147,0.8889,-0.13961821395600607,-0.03821099948390488,0.2261526540344865,0
8.08487062913819,86.22,8.097730573664219,87.71,8.15162164696975,91.39,Students With Disabilities: Students With Disabilities,1510011: Waterbury School District,0.5785123966942147,0.8870347896440129,0.9139,1.0266765143734613,1.0289761922450789,1.025325461373762,0
9.409846753524238,87.89,9.475316606892326,89.62,9.575677688993569,93.0,Free/Reduced Lunch: Free Meal Eligible,1510011: Waterbury School District,0.6442345533254623,0.9063511326860842,0.93,1.6257419338912384,1.6456471429497117,1.6579390062633068,0
5.8916442118257715,92.82,6.159095388491933,95.62,6.3080984415095305,95.79,Free/Reduced Lunch: Reduced Price Meal Eligible,1510011: Waterbury School District,0.8382526564344741,0.9670307443365698,0.9579000000000001,0.03504649206377669,0.16115380302687377,0.20637050758211956,0
9.438988743924838,88.02,9.510889310134788,89.83,9.613001552751612,93.11,Free/Reduced Lunch: Free/Reduced Price Meal Eligible,1510011: Waterbury School District,0.6493506493506493,0.9084749190938513,0.9311,1.6389179892054486,1.6615711231575092,1.6745195206982546,0
8.009363076630045,89.01,7.943782692458625,89.28,8.022240916806537,93.14,English Learners: English Learners,1510011: Waterbury School District,0.6883116883116887,0.9029126213592235,0.9314,0.9925370587353358,0.9600620308263869,0.9678501935938308,0
6.950814768442584,89.88,6.962243464266207,91.75,6.920671504248683,94.05,Race/Ethnicity: All other races,1510011: Waterbury School District,0.7225501770956315,0.9278923948220066,0.9405,0.5139324449216376,0.5206798692746053,0.4784960456842073,0
8.262816937670928,88.75,8.268988209506656,90.08,8.271036865792954,93.51,Race/Ethnicity: Black or African American,1510011: Waterbury School District,0.6780794962613146,0.9110032362459548,0.9351,1.107131911275198,1.105638997008646,1.0783737141561092,0
9.280985211545515,88.34,9.255600503381046,89.83,9.248502833070532,93.14,Race/Ethnicity: Hispanic/Latino of any race,1510011: Waterbury School District,0.661944116489571,0.9084749190938513,0.9314,1.5674793793558033,1.5472920963905377,1.5125969415577267,0
7.676473646389156,90.68,7.796057974316123,93.66,7.892078421248119,94.16,Race/Ethnicity: White,1510011: Waterbury School District,0.7540338449429362,0.9472087378640778,0.9416,0.8420267646176225,0.8939336437912475,0.9100276393565285,0
8.066521490469993,91.38,7.949091499830517,93.95,7.705262474866325,95.4,High Needs: Students Without High Needs,1510011: Waterbury School District,0.7815820543093266,0.950141585760518,0.9540000000000001,1.0183802634058092,0.9624384974935616,0.827037718598547,0
9.541584681053092,88.29,9.582179752434687,89.93,9.665547571979161,93.16,High Needs: Students With High Needs,1510011: Waterbury School District,0.6599763872491149,0.9094862459546927,0.9316,1.6853049972317524,1.6934840082832494,1.6978622280864641,0
7.7354333524996886,94.4,7.745002803515839,95.15,7.795646536334594,95.42,: All Students,1520011: Waterford School District,0.9004329004329006,0.9622775080906151,0.9542,0.8686843929519575,0.8710789980875441,0.8671893557810954,0
5.8888779583328805,92.62,5.8888779583328805,92.89,5.988961416889864,93.92,Students With Disabilities: Students With Disabilities,1520011: Waterford School District,0.8303817394726485,0.9394215210355988,0.9392,0.03379577759525817,0.040192036912950695,0.064599117628091,0
6.150602768446279,92.21,6.16541785423142,92.39,6.401917196727186,93.93,Free/Reduced Lunch: Free Meal Eligible,1520011: Waterford School District,0.8142463597009049,0.9343648867313917,0.9393000000000001,0.1521301990863967,0.16398402986158633,0.2480479511404628,0
4.969813299576001,93.9,5.049856007249537,92.7,5.111987788356544,95.31,Free/Reduced Lunch: Reduced Price Meal Eligible,1520011: Waterford School District,0.8807556080283354,0.9375000000000001,0.9531000000000001,-0.38174367645888513,-0.33539282802952636,-0.3249820361674217,1
6.416732282512326,92.6,6.447305862541213,92.47,6.643789733147672,94.24,Free/Reduced Lunch: Free/Reduced Price Meal Eligible,1520011: Waterford School District,0.8295946477764655,0.9351739482200648,0.9424,0.2724561325547548,0.2901700842231371,0.3554958592009731,0
4.418840607796598,92.59,4.219507705176107,93.78,4.3694478524670215,95.03,English Learners: English Learners,1520011: Waterford School District,0.8292011019283745,0.9484223300970875,0.9503,-0.6308566081327371,-0.7070949682259577,-0.6548432264598674,1
5.54907608489522,94.75,5.521460917862246,95.19,5.517452896464707,96.09,Race/Ethnicity: All other races,1520011: Waterford School District,0.9142070051160958,0.9626820388349515,0.9609000000000001,-0.11983986014740956,-0.12428075112858668,-0.14486081073812243,1
4.02535169073515,95.21,4.189654742026425,92.61,4.23410650459726,96.13,Race/Ethnicity: Black or African American,1520011: Waterford School District,0.9323101141282955,0.9365898058252429,0.9612999999999999,-0.8087659295435213,-0.7204585293559481,-0.7149664009132692,1
5.66988092298052,92.02,5.58724865840025,92.74,5.648974238161206,94.73,Race/Ethnicity: Hispanic/Latino of any race,1520011: Waterford School District,0.8067689885871703,0.9379045307443367,0.9473,-0.0652200072493952,-0.09483112872844236,-0.08643461138644017,1
7.431299675155903,94.74,7.455876687491824,95.6,7.5126175446745105,95.41,Race/Ethnicity: White,1520011: Waterford School District,0.9138134592680043,0.9668284789644014,0.9541,0.7311755234303553,0.7416528333751554,0.7414583673670845,0
7.242082359256962,95.43,7.264730177929867,96.58,7.2640301428995295,96.12,High Needs: Students Without High Needs,1520011: Waterford School District,0.9409681227863049,0.9767394822006473,0.9612,0.645624132244683,0.656086852788645,0.631027490483714,0
6.752270376141742,92.75,6.761572768804055,92.77,6.910750787961936,94.41,High Needs: Students With High Needs,1520011: Waterford School District,0.8354978354978355,0.9382079288025891,0.9440999999999999,0.4241639747752647,0.4308504244600221,0.4740889301544817,0
7.8328075165248645,94.15,7.849323818040561,95.59,7.880048200971577,95.26,: All Students,1530011: Watertown School District,0.890594254230618,0.9667273462783174,0.9526000000000001,0.9127104650813439,0.9177778885043428,0.9046834112711439,0
5.932245187448011,91.35,5.91350300563827,91.99,5.968707559985366,93.32,Students With Disabilities: Students With Disabilities,1530011: Watertown School District,0.780401416765053,0.930319579288026,0.9331999999999999,0.053403532652140685,0.05121534214883244,0.05560167382255733,0
6.51025834052315,92.43,6.559615237493242,93.05,6.634633357861686,94.0,Free/Reduced Lunch: Free Meal Eligible,1530011: Watertown School District,0.8229043683589139,0.941039644012945,0.9400000000000001,0.31474234899813386,0.34044493265668163,0.3514282896271137,0
5.337538079701318,94.78,5.5134287461649825,95.5,5.327876168789581,95.4,Free/Reduced Lunch: Reduced Price Meal Eligible,1530011: Watertown School District,0.9153876426603698,0.96581715210356,0.9540000000000001,-0.2154831713687036,-0.12787632108741348,-0.22907716331416483,1
6.778784897685177,92.98,6.859614903654202,93.69,6.873163834212518,94.3,Free/Reduced Lunch: Free/Reduced Price Meal Eligible,1530011: Watertown School District,0.8445493900039356,0.9475121359223302,0.943,0.4361520647335581,0.4747385991720406,0.4573915423050356,0
4.787491742782046,93.79,4.68213122712422,94.21,4.875197323201151,95.97,English Learners: English Learners,1530011: Watertown School District,0.8764266036993309,0.9527710355987056,0.9597,-0.46417726744794174,-0.5000033745128926,-0.43017231740460604,1
4.912654885736052,94.29,4.927253685157205,94.44,4.875197323201151,95.32,Race/Ethnicity: All other races,1530011: Watertown School District,0.8961038961038961,0.9550970873786409,0.9531999999999999,-0.40758688112935865,-0.39027527362612374,-0.43017231740460604,1
4.442651256490317,95.51,4.343805421853684,94.76,4.343805421853684,95.5,Race/Ethnicity: Black or African American,1530011: Watertown School District,0.944116489571035,0.9583333333333335,0.9550000000000001,-0.6200910282961175,-0.6514535859346753,-0.6662344557733105,1
5.497168225293202,93.01,5.365976015021851,93.36,5.4116460518550396,94.86,Race/Ethnicity: Hispanic/Latino of any race,1530011: Watertown School District,0.8457300275482096,0.9441747572815535,0.9486,-0.14330911602034974,-0.19388295421576546,-0.1918637664272635,1
7.630461261783627,94.21,7.6676260915849905,95.91,7.703007682479236,95.29,Race/Ethnicity: White,1530011: Watertown School District,0.8929555293191651,0.9699635922330098,0.9529000000000001,0.82122304749442,0.8364416183828576,0.8260360640548402,0
7.237059026124737,95.17,7.2196420401307355,97.05,7.275864600546533,95.99,High Needs: Students Without High Needs,1530011: Watertown School District,0.9307359307359309,0.981492718446602,0.9599,0.64335291760553,0.6359033258571636,0.6362847542310566,0
7.020190708311925,92.93,7.065613363597717,93.95,7.090076835776092,94.37,High Needs: Students With High Needs,1530011: Watertown School District,0.8425816607634791,0.950141585760518,0.9437000000000001,0.545299596191269,0.5669529967290338,0.5537515862937179,0
6.3818160174060985,92.55,6.398594934535208,97.07,6.436150368369428,95.03,: All Students,1540011: Westbrook School District,0.8276269185360094,0.9816949838187703,0.9503,0.2566693371409518,0.2683648295540125,0.26325547628437057,0
4.477336814478207,92.07,4.51085950651685,95.78,4.564348191467836,94.02,Students With Disabilities: Students With Disabilities,1540011: Westbrook School District,0.8087367178276264,0.968648867313916,0.9401999999999999,-0.6044085431820163,-0.5766724842658922,-0.5682619468493723,1
5.043425116919247,91.47,5.187385805840755,95.45,5.267858159063328,94.4,Free/Reduced Lunch: Free Meal Eligible,1540011: Westbrook School District,0.7851239669421486,0.9653114886731393,0.9440000000000001,-0.3484613452330063,-0.27382815649411185,-0.25573917995515394,1
3.9512437185814275,92.18,3.912023005428146,96.5,3.713572066704308,95.36,Free/Reduced Lunch: Reduced Price Meal Eligible,1540011: Westbrook School District,0.8130657221566313,0.9759304207119742,0.9536,-0.8422725887283823,-0.8447392804845345,-0.9462052891838187,1
5.327876168789581,91.64,5.429345628954441,95.68,5.455321115357702,94.57,Free/Reduced Lunch: Free/Reduced Price Meal Eligible,1540011: Westbrook School District,0.7918142463597007,0.9676375404530746,0.9457,-0.21985164005817898,-0.16551579664664906,-0.17246183565322662,1
4.276666119016055,94.27,4.2626798770413155,95.89,4.418840607796598,95.43,English Learners: English Learners,1540011: Westbrook School District,0.8953168044077131,0.9697613268608416,0.9543,-0.6951383851387246,-0.6877691158828443,-0.6329013048508701,1
4.927253685157205,93.36,4.836281906951478,96.23,4.8283137373023015,95.14,Race/Ethnicity: Hispanic/Latino of any race,1540011: Westbrook School District,0.8595041322314048,0.9731998381877024,0.9514,-0.40098628226668764,-0.4309984310916201,-0.45099958163955434,1
6.054439346269371,92.4,6.102558594613569,97.31,6.139884552226255,95.2,Race/Ethnicity: White,1540011: Westbrook School District,0.8217237308146399,0.9841221682847898,0.9520000000000001,0.10865154329147168,0.13584533038719132,0.13164424565220442,0
5.703782474656201,93.05,5.736572297479192,98.03,5.7745515455444085,95.46,High Needs: Students Without High Needs,1540011: Westbrook School District,0.8473042109405742,0.9914037216828481,0.9546,-0.04989199725502168,-0.027986991046742075,-0.030648951807712117,1
5.60947179518496,91.99,5.652489180268651,96.02,5.713732805509369,94.57,High Needs: Students With High Needs,1540011: Westbrook School District,0.8055883510428963,0.9710760517799354,0.9457,-0.09253296694692857,-0.06562646660597765,-0.05766667975794305,1
9.107088742165708,93.19,9.119977931895791,96.41,9.13097243659261,95.45,: All Students,1550011: West Hartford School District,0.8528138528138527,0.9750202265372169,0.9545,1.4888550483476153,1.4865811875416448,1.4603859901948113,0
7.202661196523238,90.52,7.167809184316444,94.06,7.1731917424865985,93.17,Students With Disabilities: Students With Disabilities,1550011: West Hartford School District,0.7477371113734748,0.9512540453074435,0.9317000000000001,0.6278005239876663,0.6127005525263145,0.5906740206752842,0
7.470224135899966,90.41,7.5485559791698735,93.76,7.6324011266014535,93.85,Free/Reduced Lunch: Free Meal Eligible,1550011: West Hartford School District,0.7434081070444707,0.9482200647249193,0.9385,0.7487745563306276,0.7831403525073061,0.7946702594178211,0
6.061456918928017,91.89,6.182084906716632,95.47,5.905361848054571,95.44,Free/Reduced Lunch: Reduced Price Meal Eligible,1550011: West Hartford School District,0.8016528925619832,0.9655137540453076,0.9544,0.1118244194145764,0.1714449701249068,0.027461380045114822,0
7.688455356549944,90.7,7.7752758464868625,94.11,7.795646536334594,94.1,Free/Reduced Lunch: Free/Reduced Price Meal Eligible,1550011: West Hartford School District,0.7548209366391183,0.9517597087378642,0.941,0.8474440910825342,0.8846306062915829,0.8671893557810954,0
6.371611847231857,91.6,6.340359303727752,94.23,6.47543271670409,94.17,English Learners: English Learners,1550011: West Hartford School District,0.7902400629673352,0.952973300970874,0.9417,0.2520556951486514,0.24229587926800786,0.2807060153771018,0
7.301822342137932,94.28,7.2485040723706105,97.18,7.29641326877392,95.93,Race/Ethnicity: All other races,1550011: West Hartford School District,0.8957103502558046,0.982807443365696,0.9593,0.6726345494498656,0.6488233006763945,0.6454131631324451,0
6.659293919683638,91.89,6.740519359606223,94.65,6.694562058521095,95.21,Race/Ethnicity: Black or African American,1550011: West Hartford School District,0.8016528925619832,0.957220873786408,0.9521,0.38212625132635364,0.4214259489264123,0.3780506321796542,0
7.45298232946546,90.58,7.43955930913332,94.15,7.455876687491824,94.03,Race/Ethnicity: Hispanic/Latino of any race,1550011: West Hartford School District,0.7500983864620228,0.9521642394822009,0.9403,0.7409789667989914,0.7343484233545582,0.7162521720045777,0
8.523970175695261,93.95,8.553525120663627,97.21,8.561592778712923,95.82,Race/Ethnicity: White,1550011: West Hartford School District,0.8827233372687919,0.9831108414239483,0.9581999999999999,1.225207906167533,1.2330108222750211,1.2074484139127952,0
8.649273531773446,94.37,8.65956043270316,97.55,8.684739462628038,96.21,High Needs: Students Without High Needs,1550011: West Hartford School District,0.8992522628886266,0.9865493527508091,0.9621,1.2818616874654758,1.2804771112083189,1.2621543088733742,0
8.0507033814703,91.05,8.09132127353041,94.48,8.109525659752872,94.07,High Needs: Students With High Needs,1550011: West Hartford School District,0.7685950413223139,0.9555016181229775,0.9407,1.0112283744551533,1.0261070943364672,1.0066250093458717,0
8.676587243566487,91.22,8.654517382279456,91.86,8.66785206770135,94.21,: All Students,1560011: West Haven School District,0.775285320739866,0.9290048543689321,0.9420999999999999,1.2942111177025437,1.2782196095901084,1.2546523605979827,0
6.899723107284872,89.36,6.855408798609928,89.86,6.871091294610546,92.39,Students With Disabilities: Students With Disabilities,1560011: West Haven School District,0.7020857929948838,0.9087783171521037,0.9239,0.49083221929343107,0.4728557528496677,0.4564708505725219,0
7.902857191280582,89.72,7.9868449011613825,89.88,8.054840221101024,93.48,Free/Reduced Lunch: Free Meal Eligible,1560011: West Haven School District,0.7162534435261705,0.9089805825242719,0.9348000000000001,0.944382234121003,0.9793386585938328,0.9823318999607801,0
6.129050210060545,92.19,6.182084906716632,93.82,5.924255797414532,95.28,Free/Reduced Lunch: Reduced Price Meal Eligible,1560011: West Haven School District,0.8134592680047223,0.948826860841424,0.9528,0.14238557637705254,0.1714449701249068,0.035854707223855815,0
8.059276223305648,90.07,8.138856750696325,90.44,8.166784289056151,93.67,Free/Reduced Lunch: Free/Reduced Price Meal Eligible,1560011: West Haven School District,0.7300275482093661,0.9146440129449839,0.9367000000000001,1.015104439084569,1.0473861630763064,1.0320612164824852,0
6.8679744089702925,92.76,6.733401891837359,92.2,6.810142450115136,95.45,English Learners: English Learners,1560011: West Haven School District,0.835891381345927,0.932443365695793,0.9545,0.47647758533066426,0.4182398425709713,0.4293953258492346,0
6.331501849893691,91.82,6.284134161070802,92.11,6.22455842927536,94.53,Race/Ethnicity: All other races,1560011: West Haven School District,0.7988980716253442,0.9315331715210358,0.9453,0.23392064204089869,0.21712691606756315,0.1692592270425785,0
7.252762418053187,91.49,7.1808311990445555,91.33,7.1929342212158,94.21,Race/Ethnicity: Black or African American,1560011: West Haven School District,0.7859110586383311,0.9236448220064726,0.9420999999999999,0.650452939183525,0.6185298060239395,0.5994442931120606,0
7.7406644019172415,90.89,7.7284157798410416,90.93,7.729735331385051,94.11,Race/Ethnicity: Hispanic/Latino of any race,1560011: West Haven School District,0.7622983077528533,0.919599514563107,0.9411,0.8710495229766941,0.863653882405347,0.8379093837992241,0
7.373374309910049,91.24,7.388327859577107,93.5,7.441906728051625,94.24,Race/Ethnicity: White,1560011: West Haven School District,0.7760724124360485,0.9455906148867315,0.9424,0.7049855547259702,0.7114148671615018,0.710046246603729,0
7.508787170634276,92.99,7.419979923661835,94.88,7.470793774195062,95.25,High Needs: Students Without High Needs,1560011: West Haven School District,0.8449429358520266,0.9595469255663431,0.9525,0.7662101766077046,0.7255837887243565,0.7228788431609663,0
8.251403065380556,90.4,8.273591798199632,90.65,8.30844552038576,93.74,High Needs: Students With High Needs,1560011: West Haven School District,0.7430145611963797,0.916767799352751,0.9374,1.1019713230456383,1.1076997753175684,1.0949918955289932,0
7.6984827878809465,94.97,7.715123603632105,96.83,7.725771441587952,95.61,: All Students,1570011: Weston School District,0.9228650137741043,0.9792677993527509,0.9561000000000001,0.8519778236128289,0.8577036921871068,0.83614849075703,0
5.459585514144159,93.38,5.5134287461649825,95.2,5.545177444479562,94.58,Students With Disabilities: Students With Disabilities,1570011: Weston School District,0.8602912239275873,0.9627831715210358,0.9458,-0.1603014996616395,-0.12787632108741348,-0.13254463491177498,1
3.5263605246161616,92.58,3.58351893845611,93.56,3.8501476017100584,94.4,Free/Reduced Lunch: Free/Reduced Price Meal Eligible,1570011: Weston School District,0.828807556080283,0.9461974110032364,0.9440000000000001,-1.0343762984890374,-0.9917928295215259,-0.8855338473335487,1
5.631211781821365,95.2,5.575949103146316,97.19,5.493061443340548,96.39,Race/Ethnicity: All other races,1570011: Weston School District,0.9319165682802044,0.9829085760517801,0.9639,-0.0827036017418129,-0.0998893300406714,-0.15569631381562235,1
3.4011973816621555,93.43,3.5263605246161616,93.89,3.7612001156935624,94.77,Race/Ethnicity: Black or African American,1570011: Weston School District,0.8622589531680442,0.949534789644013,0.9477,-1.0909666848076205,-1.0173795678835962,-0.9250473094287206,1
5.231108616854587,95.43,5.170483995038151,96.94,5.049856007249537,95.58,Race/Ethnicity: Hispanic/Latino of any race,1570011: Weston School District,0.9409681227863049,0.9803802588996765,0.9558,-0.26360344284821585,-0.2813941853916664,-0.3525830610825263,1
7.445417556701687,94.91,7.479299637782834,96.82,7.510430556378006,95.53,Race/Ethnicity: White,1570011: Weston School District,0.9205037386855568,0.9791666666666667,0.9553,0.7375586834551041,0.7521380246269982,0.7404868336787633,0
7.554858521040676,95.18,7.557994958530806,97.06,7.583247524303362,95.75,High Needs: Students Without High Needs,1570011: Weston School District,0.9311294765840223,0.9815938511326863,0.9575,0.7870405541148836,0.787365674364372,0.7728345776214114,0
5.594711379601839,93.48,5.648974238161206,95.22,5.71042701737487,94.71,High Needs: Students With High Needs,1570011: Weston School District,0.8642266824085008,0.962985436893204,0.9470999999999999,-0.09920663780847427,-0.06719991656756756,-0.05913522192812844,1
8.569785641535407,93.99,8.575084669832014,96.44,8.57300625623545,95.57,: All Students,1580011: Westport School District,0.8842975206611565,0.9753236245954694,0.9557,1.2459225898201516,1.2426618693688116,1.2125186641431034,0
6.546785410760524,91.88,6.495265555937008,94.73,6.532334292222349,94.38,Students With Disabilities: Students With Disabilities,1580011: Westport School District,0.8012593467138918,0.9580299352750811,0.9438,0.33125744255549705,0.31163905168398154,0.3059836072247151,0
4.736198448394496,90.19,4.709530201312334,92.29,4.927253685157205,93.91,Free/Reduced Lunch: Free Meal Eligible,1580011: Westport School District,0.7347500983864617,0.9333535598705504,0.9390999999999999,-0.48736865811165275,-0.48773833185612064,-0.4070471322298208,1
3.5553480614894135,94.01,3.2188758248682006,94.03,3.8501476017100584,94.76,Free/Reduced Lunch: Reduced Price Meal Eligible,1580011: Westport School District,0.8850846123573395,0.9509506472491911,0.9476000000000001,-1.0212700767102803,-1.1550238801421728,-0.8855338473335487,1
4.997212273764115,91.07,4.90527477843843,92.6,5.214935757608986,94.13,Free/Reduced Lunch: Free/Reduced Price Meal Eligible,1580011: Westport School District,0.7693821330184965,0.9364886731391586,0.9413,-0.3693556962800235,-0.40011404447222115,-0.2792490889756721,1
4.110873864173311,93.12,4.04305126783455,94.69,4.31748811353631,95.2,English Learners: English Learners,1580011: Westport School District,0.8500590318772137,0.9576254045307444,0.9520000000000001,-0.7700985333800286,-0.7860849959619257,-0.6779254884400759,1
6.553933404025811,94.81,6.535241271013659,97.26,6.452048954437226,96.42,Race/Ethnicity: All other races,1580011: Westport School District,0.9165682802046438,0.9836165048543691,0.9642000000000001,0.3344892861377076,0.32953402276150373,0.27031816243876344,0
4.770684624465665,94.11,4.820281565605037,95.2,4.770684624465665,95.95,Race/Ethnicity: Black or African American,1580011: Westport School District,0.8890200708382525,0.9627831715210358,0.9595,-0.47177632014011983,-0.4381609207450518,-0.47660037001064454,1
5.940171252720432,93.04,5.91350300563827,95.26,5.8971538676367405,94.77,Race/Ethnicity: Hispanic/Latino of any race,1580011: Westport School District,0.8469106650924836,0.9633899676375406,0.9477,0.05698716825896957,0.05121534214883244,0.023815119339582407,0
8.312135107648412,93.93,8.323122887587735,96.44,8.336630087637147,95.5,Race/Ethnicity: White,1580011: Westport School District,0.8819362455726094,0.9753236245954694,0.9550000000000001,1.1294302830297085,1.129872171992368,1.1075124273577395,0
8.389359819906353,94.34,8.400434630806041,96.73,8.399535147948004,95.78,High Needs: Students Without High Needs,1580011: Westport School District,0.8980716253443526,0.9782564724919095,0.9578,1.164346123243342,1.1644804687093042,1.1354569688788636,0
6.709304340258298,92.11,6.650279048587422,94.77,6.736966958001855,94.49,High Needs: Students With High Needs,1580011: Westport School District,0.8103109012199918,0.9584344660194175,0.9449,0.40473761241461625,0.38103022986018176,0.39688831341520764,0
8.182838710766026,93.34,8.164510268747042,96.65,8.177796683277778,95.98,: All Students,1590011: Wethersfield School District,0.8587170405352222,0.9774474110032364,0.9598000000000001,1.070971116245571,1.058869859182156,1.036953292033363,0
6.1675164908883415,90.86,6.152732694704104,93.87,6.198478716492308,94.13,Students With Disabilities: Students With Disabilities,1590011: Wethersfield School District,0.7611176702085793,0.9493325242718448,0.9413,0.15977745102088445,0.15830556826509407,0.15767374229582584,0
6.699500340161678,91.07,6.584791392385716,94.36,6.678342114654332,94.62,Free/Reduced Lunch: Free Meal Eligible,1590011: Wethersfield School District,0.7693821330184965,0.9542880258899678,0.9462,0.4003049005168409,0.35171493902880513,0.37084518809272077,0
5.393627546352362,92.65,4.976733742420574,96.24,5.14166355650266,96.21,Free/Reduced Lunch: Reduced Price Meal Eligible,1590011: Wethersfield School District,0.8315623770169225,0.9733009708737865,0.9621,-0.1901232729890963,-0.3681257212805469,-0.3117990627940177,1
6.93828448401696,91.4,6.7661917146603505,94.68,6.872128101338986,94.9,Free/Reduced Lunch: Free/Reduced Price Meal Eligible,1590011: Wethersfield School District,0.78236914600551,0.9575242718446604,0.9490000000000001,0.5082670899330023,0.4329180773424923,0.45693143495999583,0
5.811140992976701,92.21,5.777652323222656,95.34,5.8888779583328805,95.4,English Learners: English Learners,1590011: Wethersfield School District,0.8142463597009049,0.9641990291262138,0.9540000000000001,-0.001351669144370859,-0.009597679657724704,0.020138682340334252,1
5.8664680569332965,93.33,5.713732805509369,97.01,5.720311776607412,96.39,Race/Ethnicity: All other races,1590011: Wethersfield School District,0.8583234946871308,0.9810881877022656,0.9639,0.02366352182384604,-0.03821099948390488,-0.05474407973010702,1
5.0238805208462765,91.37,4.962844630259907,93.54,4.912654885736052,95.5,Race/Ethnicity: Black or African American,1590011: Wethersfield School District,0.781188508461236,0.9459951456310681,0.9550000000000001,-0.3572981019339505,-0.3743431275215869,-0.4135324094804421,1
6.586171654854675,91.67,6.556778356158042,94.89,6.508769136971682,95.15,Race/Ethnicity: Hispanic/Latino of any race,1590011: Wethersfield School District,0.7929948839039747,0.9596480582524273,0.9515000000000001,0.34906526294352486,0.33917501392361027,0.2955151734278185,0
7.763021309018518,93.98,7.769378609513984,97.31,7.804659297056102,96.18,Race/Ethnicity: White,1590011: Wethersfield School District,0.8839039748130659,0.9841221682847898,0.9618000000000001,0.8811578182774505,0.8819907314359459,0.871193126939688,0
7.662937850461535,94.43,7.6953031349635665,97.78,7.697575346802343,96.6,High Needs: Students Without High Needs,1590011: Wethersfield School District,0.9016135379771746,0.9888754045307445,0.966,0.8359067847050452,0.8488311376152536,0.823622838010235,0
7.247080584585756,91.78,7.157735484249907,94.77,7.214504414151143,94.95,High Needs: Students With High Needs,1590011: Wethersfield School District,0.7973238882329792,0.9584344660194175,0.9495,0.647883994817547,0.6081911004505062,0.6090264976139189,0
5.932245187448011,91.47,5.976350909297934,91.44,6.040254711277414,95.07,: All Students,1600011: Willington School District,0.7851239669421486,0.9247572815533982,0.9507,0.053403532652140685,0.07934895817336479,0.08738532254840854,0
4.143134726391533,88.44,4.23410650459726,89.93,4.343805421853684,93.15,Students With Disabilities: Students With Disabilities,1600011: Willington School District,0.665879574970484,0.9094862459546927,0.9315000000000001,-0.7555123332190867,-0.700559873283762,-0.6662344557733105,1
4.127134385045092,89.5,4.997212273764115,89.73,5.087596335232384,93.97,Free/Reduced Lunch: Free/Reduced Price Meal Eligible,1600011: Willington School District,0.7075954348681619,0.9074635922330099,0.9397,-0.7627466154259264,-0.3589585875494773,-0.335817539244922,1
3.295836866004329,88.81,3.5553480614894135,87.76,3.6375861597263857,92.4,Race/Ethnicity: Hispanic/Latino of any race,1600011: Willington School District,0.6804407713498621,0.8875404530744339,0.924,-1.1386036499962664,-1.0044034114105769,-0.9799607823360655,1
5.793013608384144,91.45,5.840641657373398,91.65,5.8944028342648505,95.33,Race/Ethnicity: White,1600011: Willington School District,0.7843368752459661,0.9268810679611652,0.9533,-0.009547657778303423,0.0185992471679393,0.022593017875775185,1
5.541263545158426,92.58,5.313205979041787,92.67,5.402677381872279,95.85,High Needs: Students Without High Needs,1600011: Willington School District,0.828807556080283,0.9371966019417477,0.9584999999999999,-0.12337216711414124,-0.21750525254895084,-0.19584795099817065,1
4.74493212836325,89.01,5.204006687076795,90.03,5.293304824724492,94.19,High Needs: Students With High Needs,1600011: Willington School District,0.6883116883116887,0.9104975728155341,0.9419,-0.48341987325574426,-0.2663878846082539,-0.24443491601154518,1
8.225503097566918,95.96,8.216088098632316,97.08,8.250620082174692,96.56,: All Students,1610011: Wilton School District,0.9618260527351432,0.9817961165048544,0.9656,1.0902610931039753,1.0819584711624188,1.06930389282967,0
6.35088571671474,95.31,6.340359303727752,96.19,6.3835066348840055,95.62,Students With Disabilities: Students With Disabilities,1610011: Wilton School District,0.9362455726092089,0.9727953074433658,0.9562,0.24268472774426125,0.24229587926800786,0.23986936093942657,0
4.836281906951478,94.3,4.962844630259907,96.19,5.147494476813453,95.8,Free/Reduced Lunch: Free Meal Eligible,1610011: Wilton School District,0.8964974419519871,0.9727953074433658,0.958,-0.4421176245392473,-0.3743431275215869,-0.30920877206182396,1
3.332204510175204,95.72,3.367295829986474,96.68,3.5553480614894135,95.51,Free/Reduced Lunch: Reduced Price Meal Eligible,1610011: Wilton School District,0.9523809523809521,0.9777508090614888,0.9551000000000001,-1.1221606382233609,-1.0885842506364947,-1.0164937089312363,1
5.030437921392435,94.56,5.14166355650266,96.27,5.327876168789581,95.75,Free/Reduced Lunch: Free/Reduced Price Meal Eligible,1610011: Wilton School District,0.9067296340023612,0.9736043689320389,0.9575,-0.3543332848049241,-0.2942955409532924,-0.22907716331416483,1
3.332204510175204,93.77,3.258096538021482,95.32,3.5553480614894135,94.08,English Learners: English Learners,1610011: Wilton School District,0.8756395120031479,0.9639967637540454,0.9408,-1.1221606382233609,-1.1374668826957979,-1.0164937089312363,1
6.483107351457199,96.34,6.439350371100098,97.28,6.434546518787453,96.81,Race/Ethnicity: All other races,1610011: Wilton School District,0.9767807949626133,0.9838187702265374,0.9681000000000001,0.3024664910745406,0.28660883987833313,0.262542992407626,0
3.6375861597263857,96.25,3.6375861597263857,97.98,3.713572066704308,96.9,Race/Ethnicity: Black or African American,1610011: Wilton School District,0.9732388823297913,0.9908980582524274,0.9690000000000001,-0.9840875192936294,-0.9675898513129207,-0.9462052891838187,1
5.602118820879701,95.01,5.598421958998375,95.17,5.594711379601839,95.9,Race/Ethnicity: Hispanic/Latino of any race,1610011: Wilton School District,0.9244391971664698,0.9624797734627834,0.9590000000000001,-0.09585748922005582,-0.08982944481458281,-0.11053999649494778,1
7.928406026180535,95.96,7.926241523170962,97.2,7.9724660159745655,96.56,Race/Ethnicity: White,1610011: Wilton School District,0.9618260527351432,0.9830097087378642,0.9656,0.9559337052877932,0.9522097956264216,0.9457385101118461,0
7.999342952713282,96.16,7.9817332866918855,97.25,8.027476530860483,96.76,High Needs: Students Without High Needs,1610011: Wilton School District,0.9696969696969693,0.9835153721682849,0.9676000000000001,0.9880066301281054,0.9770504645511321,0.970176029283298,0
6.546785410760524,95.25,6.5638555265321274,96.36,6.642486801367256,95.74,High Needs: Students With High Needs,1610011: Wilton School District,0.9338842975206609,0.9745145631067962,0.9573999999999999,0.33125744255549705,0.34234308130932484,0.35491705312309785,0
6.278521424165844,91.86,6.278521424165844,93.74,6.280395838960195,93.93,: All Students,1620011: Winchester School District,0.8004722550177092,0.9480177993527509,0.9393000000000001,0.20996644363631267,0.21461439654446335,0.19406408066896574,0
4.6913478822291435,88.9,4.74493212836325,90.8,4.804021044733257,90.2,Students With Disabilities: Students With Disabilities,1620011: Winchester School District,0.6839826839826841,0.918284789644013,0.902,-0.5076470787872756,-0.4718907989364473,-0.46179121195992784,1
5.541263545158426,91.48,5.521460917862246,93.39,5.560681631015528,92.79,Free/Reduced Lunch: Free Meal Eligible,1620011: Winchester School District,0.7855175127902401,0.944478155339806,0.9279000000000001,-0.12337216711414124,-0.12428075112858668,-0.12565715428200513,1
4.060443010546419,92.64,3.9318256327243257,93.2,4.07753744390572,94.5,Free/Reduced Lunch: Reduced Price Meal Eligible,1620011: Winchester School District,0.831168831168831,0.9425566343042072,0.9450000000000001,-0.7928999861221547,-0.8358747125326014,-0.784519638694093,1
5.7430031878094825,91.69,5.703782474656201,93.36,5.762051382780177,93.11,Free/Reduced Lunch: Free/Reduced Price Meal Eligible,1620011: Winchester School District,0.7937819756001572,0.9441747572815535,0.9311,-0.03215901886656639,-0.04266522581826307,-0.03620194413710008,1
4.143134726391533,90.77,4.174387269895637,92.02,4.110873864173311,95.09,Race/Ethnicity: Hispanic/Latino of any race,1620011: Winchester School District,0.7575757575757573,0.9306229773462784,0.9509000000000001,-0.7555123332190867,-0.7272929529974883,-0.7697104806433763,1
6.073044534100405,92.2,6.063785208687608,94.12,6.049733455231958,93.89,Race/Ethnicity: White,1620011: Winchester School District,0.8138528138528138,0.9518608414239483,0.9389000000000001,0.11706356253322983,0.1184885772086107,0.09159609911704869,0
5.14166355650266,93.68,5.19295685089021,95.05,5.117993812416755,95.53,High Needs: Students Without High Needs,1620011: Winchester School District,0.8720975993703268,0.9612661812297736,0.9553,-0.3040445056095155,-0.2713343001655778,-0.322313958465913,1
5.8522024797744745,91.1,5.849324779946859,93.11,5.908082938168931,93.19,High Needs: Students With High Needs,1620011: Winchester School District,0.7705627705627704,0.94164644012945,0.9319,0.017213583739661392,0.02248621271731672,0.028670179707776394,0
7.993282328101591,87.24,8.001689978099135,87.14,8.026496938945412,93.69,: All Students,1630011: Windham School District,0.6186540731995276,0.881270226537217,0.9369,0.98526642178871,0.985983998694324,0.9697408616384507,0
6.317164686747284,85.08,6.324358962381311,83.07,6.3784261836515865,91.06,Students With Disabilities: Students With Disabilities,1630011: Windham School District,0.5336481700118063,0.8401092233009709,0.9106000000000001,0.2274383375699582,0.23513338961457614,0.23761245378905105,0
7.521859252201629,85.32,7.51425465281641,84.37,7.644919344958857,92.89,Free/Reduced Lunch: Free Meal Eligible,1630011: Windham School District,0.5430932703659974,0.8532564724919095,0.9289000000000001,0.7721204959591161,0.7677854991459859,0.8002312726483986,0
5.4680601411351315,89.7,5.402677381872279,89.53,5.236441962829949,94.65,Free/Reduced Lunch: Reduced Price Meal Eligible,1630011: Windham School District,0.7154663518299884,0.905440938511327,0.9465000000000001,-0.15646984120367588,-0.1774537321984823,-0.26969530996665175,1
7.642044402873258,85.81,7.628031126930335,84.93,7.7306140660637395,93.04,Free/Reduced Lunch: Free/Reduced Price Meal Eligible,1630011: Windham School District,0.5623770169224716,0.8589199029126215,0.9304000000000001,0.8264601677326495,0.8187170887289917,0.8382997472706732,0
6.859614903654202,86.28,6.80128303447162,84.0,6.8501261661455,93.15,English Learners: English Learners,1630011: Windham School District,0.5808736717827627,0.8495145631067962,0.9315000000000001,0.4726979771800151,0.4486265681572454,0.4471574360397004,0
4.6443908991413725,87.52,4.61512051684126,88.47,4.59511985013459,94.85,Race/Ethnicity: All other races,1630011: Windham School District,0.6296733569460842,0.8947208737864079,0.9485,-0.5288778800485431,-0.5300004544925379,-0.5545921420826715,1
4.499809670330265,86.73,4.624972813284271,85.94,4.718498871295094,92.12,Race/Ethnicity: Black or African American,1630011: Windham School District,0.5985832349468714,0.8691343042071198,0.9212,-0.594247823625644,-0.5255901128749632,-0.4997830351107119,1
7.6577552711348655,86.49,7.660114319173928,85.76,7.691656822810547,93.51,Race/Ethnicity: Hispanic/Latino of any race,1630011: Windham School District,0.5891381345926798,0.8673139158576053,0.9351,0.8335635696075246,0.8330790031105818,0.8209936307792871,0
6.481577129276431,89.73,6.498282149476434,91.51,6.4967749901858625,94.34,Race/Ethnicity: White,1630011: Windham School District,0.7166469893742624,0.9254652103559873,0.9434,0.3017746271414438,0.3129894178759846,0.29018697039915153,0
6.318968113746434,91.95,6.432940092739179,93.96,6.336825731146441,95.95,High Needs: Students Without High Needs,1630011: Windham School District,0.8040141676505312,0.950242718446602,0.9595,0.22825372641503372,0.2837393040702166,0.21913213493103179,0
7.757478766584179,86.14,7.748028524432376,85.32,7.822845290279774,93.17,High Needs: Students With High Needs,1630011: Windham School District,0.5753640299094847,0.8628640776699029,0.9317000000000001,0.8786518519830311,0.8724334501138873,0.8792719562140007,0
8.077136638538454,90.48,8.075893630298857,92.4,8.08794755464267,94.96,: All Students,1640011: Windsor School District,0.7461629279811097,0.9344660194174759,0.9496,1.0231797220630905,1.0192009707338348,0.9970392899900766,0
6.448889394146858,87.17,6.436150368369428,87.88,6.499787040655854,92.82,Students With Disabilities: Students With Disabilities,1640011: Windsor School District,0.6158992522628886,0.8887540453074434,0.9281999999999999,0.2869954236538658,0.28517637128575035,0.2915250244286121,0
6.923628628138427,87.74,7.040536390215956,88.44,7.113142108707088,93.81,Free/Reduced Lunch: Free Meal Eligible,1640011: Windsor School District,0.6383313656040928,0.8944174757281554,0.9381,0.5016406939635402,0.5557273885687303,0.563997955567209,0
5.552959584921617,90.61,5.655991810819852,92.13,5.556828061699537,94.56,Free/Reduced Lunch: Reduced Price Meal Eligible,1640011: Windsor School District,0.7512790240062968,0.9317354368932039,0.9456,-0.11808400166083571,-0.06405852786394853,-0.1273690392595104,1
7.149131598557407,88.32,7.2633296174768365,89.18,7.303843225277705,93.94,Free/Reduced Lunch: Free/Reduced Price Meal Eligible,1640011: Windsor School District,0.661157024793388,0.9019012944983821,0.9394,0.6035980266959678,0.6554598974295913,0.6487137994722584,0
4.718498871295094,87.7,4.844187086458591,90.34,4.859812404361672,94.1,English Learners: English Learners,1640011: Windsor School District,0.6367571822117277,0.9136326860841425,0.941,-0.49537122086368224,-0.4274597086855001,-0.4370068153159727,1
6.016157159698354,91.08,5.978885764901122,94.17,5.902633333401366,95.0,Race/Ethnicity: All other races,1640011: Windsor School District,0.7697756788665879,0.952366504854369,0.9500000000000001,0.09134290373477717,0.08048367627953924,0.026249282152819884,0
7.1785454837637,90.81,7.190676034332207,92.0,7.2456550675945355,95.28,Race/Ethnicity: Black or African American,1640011: Windsor School District,0.7591499409681228,0.9304207119741101,0.9528,0.6168970146221999,0.6229368076847652,0.622864664595356,0
6.654152520183219,88.73,6.601230118728877,89.68,6.546785410760524,94.05,Race/Ethnicity: Hispanic/Latino of any race,1640011: Windsor School District,0.6772924045651321,0.9069579288025892,0.9405,0.37980165498688834,0.3590736699957963,0.31240327966475595,0
6.587550014824796,91.41,6.634633357861686,94.78,6.675823221634848,95.18,Race/Ethnicity: White,1640011: Windsor School District,0.7827626918536006,0.9585355987055018,0.9518000000000001,0.34968846496094214,0.37402649815736994,0.36972621117381455,0
7.344072850573066,92.7,7.272398392570047,95.76,7.293697720601438,96.15,High Needs: Students Without High Needs,1640011: Windsor School District,0.833530106257379,0.9684466019417477,0.9615000000000001,0.6917373982444136,0.6595194988073372,0.644206825386586,0
7.385851078125209,88.44,7.454141078146678,89.73,7.487173694213739,93.96,High Needs: Students With High Needs,1640011: Windsor School District,0.665879574970484,0.9074635922330099,0.9396,0.7106267132702455,0.7408758947019206,0.7301553540300864,0
7.264730177929867,91.33,7.3098814858247865,93.94,7.321188556739478,94.28,: All Students,1650011: Windsor Locks School District,0.7796143250688705,0.9500404530744337,0.9428000000000001,0.6558639582647431,0.6762986575641852,0.6564191785440836,0
5.4680601411351315,89.01,5.517452896464707,90.12,5.537334267018537,92.22,Students With Disabilities: Students With Disabilities,1650011: Windsor Locks School District,0.6883116883116887,0.9114077669902915,0.9222,-0.15646984120367588,-0.1260749260882971,-0.13602883788581374,1
6.278521424165844,88.73,6.255750041753367,91.51,6.5337888379333435,93.24,Free/Reduced Lunch: Free Meal Eligible,1650011: Windsor Locks School District,0.6772924045651321,0.9254652103559873,0.9324,0.20996644363631267,0.20442087708183104,0.30662976530507297,0
4.653960350157523,91.74,4.499809670330265,90.23,4.663439094112067,93.97,Free/Reduced Lunch: Reduced Price Meal Eligible,1650011: Windsor Locks School District,0.7957497048406137,0.912520226537217,0.9397,-0.5245512155283039,-0.5816188998232161,-0.5242424382498482,1
6.456769655572163,89.22,6.413458957167357,91.32,6.675823221634848,93.34,Free/Reduced Lunch: Free/Reduced Price Meal Eligible,1650011: Windsor Locks School District,0.6965761511216058,0.9235436893203884,0.9334,0.290558349830251,0.27501865061982544,0.36972621117381455,0
4.634728988229636,92.83,4.553876891600541,94.75,4.51085950651685,94.01,English Learners: English Learners,1650011: Windsor Locks School District,0.8386462022825656,0.9582322006472493,0.9401,-0.5332463487380185,-0.557415921614611,-0.5920234180273145,1
5.262690188904886,91.56,5.327876168789581,94.94,5.293304824724492,94.85,Race/Ethnicity: All other races,1650011: Windsor Locks School District,0.7886658795749706,0.960153721682848,0.9485,-0.24932437218336911,-0.21093820000879812,-0.24443491601154518,1
5.198497031265826,87.0,5.25227342804663,89.2,5.308267697401205,93.06,Race/Ethnicity: Black or African American,1650011: Windsor Locks School District,0.6092089728453365,0.9021035598705504,0.9306000000000001,-0.27834821661606274,-0.24478146851274918,-0.23778790518724233,1
5.501258210544727,90.71,5.517452896464707,93.19,5.545177444479562,93.01,Race/Ethnicity: Hispanic/Latino of any race,1650011: Windsor Locks School District,0.7552144824872093,0.9424555016181231,0.9301,-0.14145989875112397,-0.1260749260882971,-0.13254463491177498,1
6.70073110954781,92.45,6.747586526829315,95.02,6.754604099487962,94.79,Race/Ethnicity: White,1650011: Windsor Locks School District,0.8236914600550964,0.9609627831715212,0.9479000000000001,0.4008613719619204,0.4245895384410654,0.40472332430522007,0
6.459904454377535,93.47,6.57507584059962,96.36,6.428105272684596,95.68,High Needs: Students Without High Needs,1650011: Windsor Locks School District,0.8638331365604093,0.9745145631067962,0.9568000000000001,0.2919756957936085,0.3473658106171934,0.25968157445047646,0
6.648984550024776,89.62,6.6293632534374485,91.68,6.795705775173514,93.28,High Needs: Students With High Needs,1650011: Windsor Locks School District,0.7123179850452579,0.9271844660194176,0.9328000000000001,0.3774650451763098,0.3716673567119593,0.42298206974011504,0
7.660114319173928,94.18,7.666690200080086,95.35,7.683403681053826,95.22,: All Students,1660011: Wolcott School District,0.891774891774892,0.9643001618122978,0.9522,0.8346301730558234,0.8360226702444726,0.8173273078895116,0
5.749392985908253,92.75,5.676753802268282,92.86,5.703782474656201,93.93,Students With Disabilities: Students With Disabilities,1660011: Wolcott School District,0.8354978354978355,0.9391181229773464,0.9393000000000001,-0.0292699803335531,-0.05476450433568852,-0.062086951073179006,1
6.113682179832232,93.06,6.18826412308259,92.96,6.210600077024653,94.24,Free/Reduced Lunch: Free Meal Eligible,1660011: Wolcott School District,0.8476977567886657,0.9401294498381878,0.9424,0.13543718288796036,0.17421107194293656,0.16305845794532603,0
4.955827057601261,93.89,5.176149732573829,94.13,4.969813299576001,94.99,Free/Reduced Lunch: Reduced Price Meal Eligible,1660011: Wolcott School District,0.8803620621802439,0.9519619741100325,0.9499,-0.38806731789050497,-0.2788579403454083,-0.38814072142007255,1
6.385194398997726,93.25,6.4967749901858625,93.28,6.46302945692067,94.41,Free/Reduced Lunch: Free/Reduced Price Meal Eligible,1660011: Wolcott School District,0.8551751279024007,0.9433656957928804,0.9440999999999999,0.25819681491827184,0.3123147439680314,0.27519607060791673,0
4.465908118654584,94.55,4.394449154672439,96.07,4.31748811353631,95.64,English Learners: English Learners,1660011: Wolcott School District,0.9063360881542697,0.9715817152103561,0.9564,-0.6095758336200175,-0.6287831188195359,-0.6779254884400759,1
4.867534450455582,94.78,4.969813299576001,95.07,4.795790545596741,95.83,Race/Ethnicity: All other races,1660011: Wolcott School District,0.9153876426603698,0.9614684466019418,0.9583,-0.42798731853546246,-0.3712236302062492,-0.4654474762369725,1
4.356708826689592,95.49,4.276666119016055,95.49,4.418840607796598,96.24,Race/Ethnicity: Black or African American,1660011: Wolcott School District,0.943329397874852,0.9657160194174758,0.9623999999999999,-0.6589484362262453,-0.6815082298638876,-0.6329013048508701,1
5.680172609017068,93.25,5.560681631015528,94.76,4.174387269895637,92.7,Race/Ethnicity: Hispanic/Latino of any race,1660011: Wolcott School District,0.8551751279024007,0.9583333333333335,0.927,-0.060566796448418114,-0.1067237536822116,-0.7414956916489021,1
7.392647520721623,94.24,7.416378479192928,95.45,7.552762084214147,95.22,Race/Ethnicity: White,1660011: Wolcott School District,0.8941361668634391,0.9653114886731393,0.9522,0.7136996091966804,0.7239716163220664,0.7592919207643484,0
7.155396301896734,94.78,7.144407180321139,96.38,7.2078598714324755,95.62,High Needs: Students Without High Needs,1660011: Wolcott School District,0.9153876426603698,0.9747168284789645,0.9562,0.6064305057611038,0.6022247378010726,0.6060747684688688,0
6.710523109452428,93.28,6.734591659972948,93.77,6.71295620067707,94.55,High Needs: Students With High Needs,1660011: Wolcott School District,0.8563557654466742,0.9483211974110033,0.9455,0.4052886581769803,0.4187724375810793,0.38622192820390067,0
6.727431724850855,94.7,6.725033642166843,96.94,6.732210706467206,95.68,: All Students,1670011: Woodbridge School District,0.9122392758756397,0.9803802588996765,0.9568000000000001,0.4129336010485488,0.41449382863385376,0.39477542666431487,0
4.553876891600541,93.41,4.499809670330265,95.52,4.574710978503383,95.31,Students With Disabilities: Students With Disabilities,1670011: Woodbridge School District,0.8614718614718613,0.9660194174757283,0.9531000000000001,-0.5698022491007093,-0.5816188998232161,-0.5636584486386024,1
4.61512051684126,93.87,4.77912349311153,96.01,4.804021044733257,95.7,Free/Reduced Lunch: Free/Reduced Price Meal Eligible,1670011: Woodbridge School District,0.8795749704840614,0.9709749190938514,0.9570000000000001,-0.5421119855764354,-0.4565851694536903,-0.46179121195992784,1
3.4339872044851463,94.65,3.258096538021482,96.0,3.295836866004329,95.79,English Learners: English Learners,1670011: Woodbridge School District,0.9102715466351832,0.9708737864077671,0.9579000000000001,-1.0761413241057658,-1.1374668826957979,-1.1317773020411181,1
5.313205979041787,95.51,5.241747015059643,97.26,5.19295685089021,95.77,Race/Ethnicity: All other races,1670011: Woodbridge School District,0.944116489571035,0.9836165048543691,0.9577,-0.22648451684283796,-0.24949357574062508,-0.2890128578737002,1
3.2188758248682006,94.71,3.5263605246161616,97.16,3.5263605246161616,96.54,Race/Ethnicity: Black or African American,1670011: Woodbridge School District,0.9126328217237303,0.9826051779935276,0.9654,-1.173400275796677,-1.0173795678835962,-1.029370946847339,1
4.174387269895637,93.81,4.189654742026425,96.68,4.23410650459726,95.46,Race/Ethnicity: Hispanic/Latino of any race,1670011: Woodbridge School District,0.8772136953955134,0.9777508090614888,0.9546,-0.7413820272153019,-0.7204585293559481,-0.7149664009132692,1
6.300785794663244,94.51,6.304448802421981,96.85,6.326149473155099,95.63,Race/Ethnicity: White,1670011: Woodbridge School District,0.9047619047619047,0.9794700647249192,0.9562999999999999,0.220032900085484,0.22622068509039484,0.2143893823884704,0
6.450470422144176,94.94,6.416732282512326,97.33,6.453624998892692,95.7,High Needs: Students Without High Needs,1670011: Woodbridge School District,0.9216843762298303,0.984324433656958,0.9570000000000001,0.2877102585728132,0.2764839417913085,0.2710182943440071,0
5.2574953720277815,93.98,5.313205979041787,95.9,5.3230099791384085,95.61,High Needs: Students With High Needs,1670011: Woodbridge School District,0.8839039748130659,0.9698624595469257,0.9561000000000001,-0.2516731202811829,-0.21750525254895084,-0.2312388882705495,1
6.661854740545311,94.21,6.677083461247136,96.97,6.684611727667927,95.02,: All Students,1690011: Woodstock School District,0.8929555293191651,0.9806836569579289,0.9501999999999999,0.38328408292465455,0.39302911939538654,0.3736303608644182,0
4.499809670330265,93.62,4.406719247264253,95.18,4.499809670330265,93.62,Students With Disabilities: Students With Disabilities,1690011: Woodstock School District,0.8697363242817788,0.9625809061488675,0.9362,-0.594247823625644,-0.6232904602985309,-0.5969321265571486,1
4.795790545596741,92.49,4.61512051684126,94.74,4.820281565605037,92.88,Free/Reduced Lunch: Free Meal Eligible,1690011: Woodstock School District,0.8252656434474614,0.9581310679611651,0.9288,-0.46042510490087357,-0.5300004544925379,-0.4545677422039003,1
3.4965075614664802,93.05,3.6375861597263857,97.44,3.6109179126442243,93.99,Free/Reduced Lunch: Reduced Price Meal Eligible,1690011: Woodstock School District,0.8473042109405742,0.9854368932038836,0.9399,-1.0478738080395582,-0.9675898513129207,-0.991807713794367,1
5.030437921392435,92.61,4.927253685157205,95.46,5.075173815233827,93.13,Free/Reduced Lunch: Free/Reduced Price Meal Eligible,1690011: Woodstock School District,0.829988193624557,0.9654126213592233,0.9313,-0.3543332848049241,-0.39027527362612374,-0.34133604004885104,1
3.9512437185814275,94.08,3.912023005428146,96.21,3.912023005428146,93.7,Race/Ethnicity: All other races,1690011: Woodstock School District,0.8878394332939785,0.972997572815534,0.937,-0.8422725887283823,-0.8447392804845345,-0.8580467138693754,1
6.539585955617669,94.33,6.56244409369372,97.13,6.576469569048224,95.12,Race/Ethnicity: White,1690011: Woodstock School District,0.8976780794962611,0.9823017799352751,0.9512,0.32800233136060497,0.34171125896986837,0.3255899802209761,0
6.300785794663244,94.81,6.336825731146441,97.52,6.35088571671474,95.65,High Needs: Students Without High Needs,1690011: Woodstock School District,0.9165682802046438,0.9862459546925567,0.9565000000000001,0.220032900085484,0.24071408944832282,0.22537805296303323,0
5.420534999272286,93.08,5.298317366548036,95.56,5.429345628954441,93.38,High Needs: Students With High Needs,1690011: Woodstock School District,0.8484848484848482,0.9664239482200648,0.9338,-0.1779575257918791,-0.22417008116925807,-0.18400101953986894,1
5.817111159963204,91.66,5.765191102784844,88.7,5.857933154483459,93.93,: All Students,2010012: Regional School District 01,0.7926013380558832,0.8970469255663431,0.9393000000000001,0.0013476403182943976,-0.015175895804645477,0.006391960665481255,1
4.143134726391533,90.67,4.07753744390572,86.45,4.143134726391533,91.64,Students With Disabilities: Students With Disabilities,2010012: Regional School District 01,0.7536402990948448,0.8742920711974111,0.9164,-0.7555123332190867,-0.7706473953540413,-0.7553791216190094,1
4.736198448394496,89.98,4.77912349311153,85.91,5.049856007249537,92.67,Free/Reduced Lunch: Free/Reduced Price Meal Eligible,2010012: Regional School District 01,0.7264856355765446,0.8688309061488674,0.9267000000000001,-0.48736865811165275,-0.4565851694536903,-0.3525830610825263,1
3.8501476017100584,90.91,3.6888794541139363,86.5,3.9318256327243257,95.71,Race/Ethnicity: Hispanic/Latino of any race,2010012: Regional School District 01,0.7630853994490354,0.8747977346278318,0.9571,-0.887981478534399,-0.944628610525206,-0.8492497214180396,1
5.575949103146316,91.74,5.54907608489522,89.09,5.62040086571715,93.6,Race/Ethnicity: White,2010012: Regional School District 01,0.7957497048406137,0.9009911003236247,0.9359999999999999,-0.10768968200004009,-0.11191893059808516,-0.09912786354637278,1
5.209486152841421,92.73,5.117993812416755,90.73,5.153291594497779,95.52,High Needs: Students Without High Needs,2010012: Regional School District 01,0.834710743801653,0.9175768608414241,0.9551999999999999,-0.273379672198052,-0.304891208473372,-0.3066334975921396,1
4.990432586778736,90.32,4.976733742420574,86.52,5.181783550292085,92.36,High Needs: Students With High Needs,2010012: Regional School District 01,0.7398661944116487,0.8750000000000001,0.9236,-0.3724210164419072,-0.3681257212805469,-0.2939764134437824,1
6.703188113240863,93.44,6.731018100482083,96.43,6.755768921984255,95.05,: All Students,2040012: Regional School District 04,0.8626524990161353,0.9752224919093853,0.9505,0.4019722643931462,0.4171727477791527,0.4052407775983499,0
5.049856007249537,91.57,5.14166355650266,94.5,5.117993812416755,93.66,Students With Disabilities: Students With Disabilities,2040012: Regional School District 04,0.7890594254230616,0.9557038834951458,0.9366,-0.34555372754640584,-0.2942955409532924,-0.322313958465913,1
4.948759890378168,90.75,5.0106352940962555,93.34,5.0369526024136295,93.28,Free/Reduced Lunch: Free Meal Eligible,2040012: Regional School District 04,0.7567886658795748,0.9439724919093853,0.9328000000000001,-0.39126261735242235,-0.3529498254759014,-0.3583151870898621,1
3.8066624897703196,93.07,3.6888794541139363,96.29,3.4011973816621555,95.14,Free/Reduced Lunch: Reduced Price Meal Eligible,2040012: Regional School District 04,0.8480913026367567,0.9738066343042073,0.9514,-0.9076425323054834,-0.944628610525206,-1.0849726206698964,1
5.220355825078324,91.3,5.241747015059643,93.96,5.209486152841421,93.59,Free/Reduced Lunch: Free/Reduced Price Meal Eligible,2040012: Regional School District 04,0.7784336875245965,0.950242718446602,0.9359000000000001,-0.2684651347669429,-0.24949357574062508,-0.2816699865306282,1
4.04305126783455,94.26,3.8066624897703196,94.98,0.0,0.0,Race/Ethnicity: Hispanic/Latino of any race,2040012: Regional School District 04,0.8949232585596221,0.9605582524271846,0.0,-0.8007633667914922,-0.8919034994808545,-2.595898784379362,1
6.555356891810665,93.39,6.612041034833092,96.54,6.645090969505644,95.0,Race/Ethnicity: White,2040012: Regional School District 04,0.8606847697756788,0.9763349514563109,0.9500000000000001,0.335132891929025,0.3639131339212195,0.3560739121152292,0
6.253828811575473,94.37,6.280395838960195,97.39,6.342121418721152,95.62,High Needs: Students Without High Needs,2040012: Regional School District 04,0.8992522628886266,0.9849312297734629,0.9562,0.19880209882421646,0.21545347092919598,0.22148465729700828,0
5.66988092298052,91.78,5.703782474656201,94.75,5.676753802268282,93.92,High Needs: Students With High Needs,2040012: Regional School District 04,0.7973238882329792,0.9582322006472493,0.9392,-0.0652200072493952,-0.04266522581826307,-0.07409399556328182,1
7.665284718471351,93.35,7.690286020676768,94.7,7.69484807238461,95.78,: All Students,2050012: Regional School District 05,0.8591105863833133,0.9577265372168287,0.9578,0.836967881160277,0.8465852462063638,0.8224112910722108,0
5.605802066295998,89.37,5.634789603169249,90.84,5.638354669333745,93.72,Students With Disabilities: Students With Disabilities,2050012: Regional School District 05,0.7024793388429753,0.9186893203883497,0.9372,-0.09419217244951919,-0.07354961243766202,-0.09115218069754046,1
5.484796933490655,91.94,5.393627546352362,91.92,5.424950017481403,95.01,Free/Reduced Lunch: Free Meal Eligible,2050012: Regional School District 05,0.8036206218024398,0.929611650485437,0.9501000000000001,-0.14890258519859925,-0.18150485535099461,-0.18595369785719412,1
4.23410650459726,91.87,4.127134385045092,93.89,4.143134726391533,94.55,Free/Reduced Lunch: Reduced Price Meal Eligible,2050012: Regional School District 05,0.8008658008658012,0.949534789644013,0.9455,-0.7143809909465271,-0.7484455204026902,-0.7553791216190094,1
5.733341276897746,91.92,5.638354669333745,92.35,5.666426688112432,94.92,Free/Reduced Lunch: Free/Reduced Price Meal Eligible,2050012: Regional School District 05,0.8028335301062572,0.9339603559870551,0.9492,-0.03652748755604178,-0.07195372463976307,-0.07868164668221272,1
6.016157159698354,95.18,6.0014148779611505,95.94,6.042632833682381,96.61,Race/Ethnicity: All other races,2050012: Regional School District 05,0.9311294765840223,0.9702669902912623,0.9661000000000001,0.09134290373477717,0.09056874482273886,0.08844176443018277,0
4.31748811353631,93.48,4.382026634673881,93.51,4.31748811353631,95.75,Race/Ethnicity: Black or African American,2050012: Regional School District 05,0.8642266824085008,0.9456917475728157,0.9575,-0.6766814146147005,-0.6343440108675679,-0.6779254884400759,1
5.087596335232384,92.92,4.962844630259907,93.53,4.219507705176107,95.09,Race/Ethnicity: Hispanic/Latino of any race,2050012: Regional School District 05,0.8421881149153876,0.945894012944984,0.9509000000000001,-0.3284900801344506,-0.3743431275215869,-0.7214516781638906,1
7.305860032684009,92.89,7.354362330421477,94.54,7.400009517162692,95.59,Race/Ethnicity: White,2050012: Regional School District 05,0.8410074773711136,0.9561084142394823,0.9559000000000001,0.6744601225574487,0.6962103320904643,0.6914340976999787,0
7.374001859350161,94.15,7.4127640174265625,95.56,7.421775793644647,96.18,High Needs: Students Without High Needs,2050012: Regional School District 05,0.890594254230618,0.9664239482200648,0.9618000000000001,0.7052692905319893,0.7223536167779457,0.7011034091020262,0
6.270988431858299,91.07,6.249975242259483,91.93,6.26530121273771,94.48,High Needs: Students With High Needs,2050012: Regional School District 05,0.7693821330184965,0.9297127831715212,0.9448000000000001,0.2065605292851883,0.20183581088042848,0.18735854049245831,0
6.7226297948554485,92.44,6.733401891837359,95.02,6.748759547491679,94.82,: All Students,2060012: Regional School District 06,0.8232979142070049,0.9609627831715212,0.9481999999999999,0.4107624900720954,0.4182398425709713,0.40212697792028046,0
5.0106352940962555,90.33,4.997212273764115,93.19,4.927253685157205,93.25,Students With Disabilities: Students With Disabilities,2060012: Regional School District 06,0.7402597402597402,0.9424555016181231,0.9325,-0.3632867059348611,-0.3589585875494773,-0.4070471322298208,1
5.062595033026967,91.1,5.081404364984463,94.11,5.075173815233827,94.2,Free/Reduced Lunch: Free Meal Eligible,2060012: Regional School District 06,0.7705627705627704,0.9517597087378642,0.9420000000000001,-0.3397939937058131,-0.3212703302048513,-0.34133604004885104,1
3.7376696182833684,88.97,3.8501476017100584,93.23,3.9512437185814275,93.4,Free/Reduced Lunch: Reduced Price Meal Eligible,2060012: Regional School District 06,0.6867375049193232,0.9428600323624597,0.934,-0.9388364857212238,-0.8724375607484923,-0.8406235551952742,1
5.293304824724492,90.66,5.332718793265369,93.91,5.351858133476067,94.01,Free/Reduced Lunch: Free/Reduced Price Meal Eligible,2060012: Regional School District 06,0.7532467532467528,0.9497370550161813,0.9401,-0.23548248528962987,-0.20877041827512913,-0.21842356876027885,1
3.912023005428146,91.76,3.8501476017100584,95.17,0.0,0.0,Race/Ethnicity: Hispanic/Latino of any race,2060012: Regional School District 06,0.7965367965367967,0.9624797734627834,0.0,-0.8600055671168376,-0.8724375607484923,-2.595898784379362,1
6.6052979209482015,92.47,6.616065185132817,95.07,6.642486801367256,94.82,Race/Ethnicity: White,2060012: Regional School District 06,0.8244785517512789,0.9614684466019418,0.9481999999999999,0.35771287885919767,0.36571452892033623,0.35491705312309785,0
6.263398262591624,93.29,6.244166900663736,95.86,6.297109319933935,95.36,High Needs: Students Without High Needs,2060012: Regional School District 06,0.8567493112947662,0.9694579288025891,0.9536,0.2031287633444556,0.19923572968951161,0.20148877052261469,0
5.720311776607412,91.1,5.755742213586912,93.75,5.739792912179234,93.87,High Needs: Students With High Needs,2060012: Regional School District 06,0.7705627705627704,0.9481189320388351,0.9387000000000001,-0.04241855450726913,-0.019405653761132156,-0.046089904705471266,1
6.810142450115136,93.13,6.884486652042782,96.5,6.93828448401696,94.85,: All Students,2070012: Regional School District 07,0.8504525777253047,0.9759304207119742,0.9485,0.4503298487371822,0.48587233917413064,0.4863203231272794,0
5.241747015059643,91.58,5.236441962829949,94.84,5.2574953720277815,94.13,Students With Disabilities: Students With Disabilities,2070012: Regional School District 07,0.7894529712711531,0.9591423948220066,0.9413,-0.2587934720371101,-0.25186836143321567,-0.26034267816592377,1
4.976733742420574,90.81,5.0106352940962555,95.09,5.0238805208462765,93.44,Free/Reduced Lunch: Free Meal Eligible,2070012: Regional School District 07,0.7591499409681228,0.9616707119741101,0.9344,-0.3786147159292346,-0.3529498254759014,-0.3641222449691686,1
3.7612001156935624,90.85,3.9512437185814275,95.42,4.02535169073515,94.24,Free/Reduced Lunch: Reduced Price Meal Eligible,2070012: Regional School District 07,0.7607241243604879,0.9650080906148869,0.9424,-0.9281975715226516,-0.8271822830381594,-0.80770230379416,1
5.231108616854587,90.82,5.303304908059076,95.18,5.332718793265369,93.65,Free/Reduced Lunch: Free/Reduced Price Meal Eligible,2070012: Regional School District 07,0.7595434868162139,0.9625809061488675,0.9365000000000001,-0.26360344284821585,-0.22193742789671853,-0.22692590680052155,1
3.58351893845611,93.15,3.4657359027997265,96.73,0.0,0.0,Race/Ethnicity: Hispanic/Latino of any race,2070012: Regional School District 07,0.8512396694214877,0.9782564724919095,0.0,-1.0085330938185642,-1.0445179405658773,-2.595898784379362,1
6.7357800142423265,93.17,6.818924065275521,96.48,6.872128101338986,94.8,Race/Ethnicity: White,2070012: Regional School District 07,0.8520267611176702,0.975728155339806,0.948,0.41670813810964114,0.45652350597082003,0.45693143495999583,0
6.368187186350492,94.1,6.456769655572163,97.15,6.546785410760524,95.21,High Needs: Students Without High Needs,2070012: Regional School District 07,0.888626524990161,0.9825040453074435,0.9521,0.25050729297759233,0.2944065138216519,0.31240327966475595,0
5.762051382780177,91.55,5.799092654460526,95.25,5.814130531825066,94.08,High Needs: Students With High Needs,2070012: Regional School District 07,0.7882723337268791,0.9632888349514565,0.9408,-0.023546701481252735,0.0,-0.013066636171764177,1
7.1049654482698426,94.56,7.1693500166706,95.51,7.2485040723706105,95.87,: All Students,2080012: Regional School District 08,0.9067296340023612,0.9659182847896441,0.9587000000000001,0.5836290530189782,0.6133903000482802,0.6241302882489298,0
5.176149732573829,91.06,5.236441962829949,92.23,5.25227342804663,93.36,Students With Disabilities: Students With Disabilities,2080012: Regional School District 08,0.7689885871704054,0.9327467637540454,0.9336,-0.28845216763798304,-0.25186836143321567,-0.2626624411497149,1
5.081404364984463,91.56,5.056245805348308,90.62,5.220355825078324,94.54,Free/Reduced Lunch: Free Meal Eligible,2080012: Regional School District 08,0.7886658795749706,0.9164644012944986,0.9454000000000001,-0.33128967416934757,-0.3325324601299288,-0.276841312881098,1
3.7376696182833684,93.73,3.8066624897703196,91.25,3.5263605246161616,93.67,Free/Reduced Lunch: Reduced Price Meal Eligible,2080012: Regional School District 08,0.8740653286107833,0.9228357605177995,0.9367000000000001,-0.9388364857212238,-0.8919034994808545,-1.029370946847339,1
5.308267697401205,92.0,5.303304908059076,90.76,5.384495062789089,94.41,Free/Reduced Lunch: Free/Reduced Price Meal Eligible,2080012: Regional School District 08,0.8059818968909878,0.9178802588996765,0.9440999999999999,-0.22871727689659596,-0.22193742789671853,-0.2039251480958236,1
4.454347296253507,94.45,4.430816798843313,94.43,4.343805421853684,95.15,Race/Ethnicity: Hispanic/Latino of any race,2080012: Regional School District 08,0.9024006296733571,0.9549959546925568,0.9515000000000001,-0.6148028628428124,-0.6125032864426151,-0.6662344557733105,1
6.976348070447749,94.66,7.05444965813294,95.52,7.149131598557407,95.93,Race/Ethnicity: White,2080012: Regional School District 08,0.9106650924832742,0.9660194174757283,0.9593,0.5254768931542321,0.5619556080387473,0.5799856962748151,0
6.78105762593618,95.54,6.866933284461882,96.75,6.967909201801884,96.39,High Needs: Students Without High Needs,2080012: Regional School District 08,0.945297127115309,0.9784587378640778,0.9639,0.4371796401578081,0.4780146434563422,0.4994806182148513,0
5.817111159963204,92.0,5.814130531825066,92.0,5.84354441703136,94.24,High Needs: Students With High Needs,2080012: Regional School District 08,0.8059818968909878,0.9304207119741101,0.9424,0.0013476403182943976,0.006731646450596205,0.0,1
6.706862336602747,93.02,6.720220155135295,95.22,6.762729506931879,95.27,: All Students,2090012: Regional School District 09,0.8461235733963002,0.962985436893204,0.9527,0.4036335019952267,0.4123390901620987,0.4083329033211293,0
4.787491742782046,88.5,4.74493212836325,91.24,4.718498871295094,92.03,Students With Disabilities: Students With Disabilities,2090012: Regional School District 09,0.668240850059032,0.9227346278317152,0.9203,-0.46417726744794174,-0.4718907989364473,-0.4997830351107119,1
4.430816798843313,90.07,4.430816798843313,93.1,4.454347296253507,93.77,Free/Reduced Lunch: Free/Reduced Price Meal Eligible,2090012: Regional School District 09,0.7300275482093661,0.9415453074433657,0.9377,-0.6254417770413845,-0.6125032864426151,-0.6171280407452724,1
4.30406509320417,94.56,4.418840607796598,95.77,4.3694478524670215,95.62,Race/Ethnicity: All other races,2090012: Regional School District 09,0.9067296340023612,0.9685477346278318,0.9562,-0.6827504049598626,-0.61786438109693,-0.6548432264598674,1
6.516193076042964,92.92,6.522092798170152,95.29,6.579251212010101,95.29,Race/Ethnicity: White,2090012: Regional School District 09,0.8421881149153876,0.9636933656957931,0.9529000000000001,0.31742563872575236,0.3236481607876282,0.32682567949319674,0
6.434546518787453,93.99,6.46302945692067,96.14,6.525029657843462,95.82,High Needs: Students Without High Needs,2090012: Regional School District 09,0.8842975206611565,0.9722896440129452,0.9581999999999999,0.2805105365029714,0.2972086891890662,0.3027386431838461,0
5.25227342804663,89.92,5.220355825078324,92.09,5.214935757608986,93.18,High Needs: Students With High Needs,2090012: Regional School District 09,0.724124360487997,0.9313309061488675,0.9318000000000001,-0.2540341334377154,-0.2590692575088059,-0.2792490889756721,1
7.6586995582682995,94.62,7.688913336864796,95.04,7.69484807238461,95.75,: All Students,2100012: Regional School District 10,0.9090909090909092,0.9611650485436896,0.9575,0.8339905129745215,0.8459707697156561,0.8224112910722108,0
5.556828061699537,93.16,5.541263545158426,93.21,5.560681631015528,94.2,Students With Disabilities: Students With Disabilities,2100012: Regional School District 10,0.8516332152695787,0.9426577669902914,0.9420000000000001,-0.11633493568054623,-0.11541618317665346,-0.12565715428200513,1
5.476463551931511,93.16,5.420534999272286,92.88,5.4638318050256105,94.75,Free/Reduced Lunch: Free Meal Eligible,2100012: Regional School District 10,0.8516332152695787,0.9393203883495146,0.9475,-0.15267038193685628,-0.16945984024998692,-0.1686811013271961,1
4.02535169073515,94.1,4.02535169073515,94.25,3.6635616461296463,96.24,Free/Reduced Lunch: Reduced Price Meal Eligible,2100012: Regional School District 10,0.888626524990161,0.9531755663430422,0.9623999999999999,-0.8087659295435213,-0.7940081417936097,-0.9684215984494232,1
5.683579767338681,93.33,5.638354669333745,93.15,5.6131281063880705,94.96,Free/Reduced Lunch: Free/Reduced Price Meal Eligible,2100012: Regional School District 10,0.8583234946871308,0.9420509708737865,0.9496,-0.05902630776206777,-0.07195372463976307,-0.10235866761905427,1
3.4657359027997265,96.2,3.5553480614894135,96.8,3.58351893845611,96.08,English Learners: English Learners,2100012: Regional School District 10,0.9712711530893348,0.9789644012944985,0.9608,-1.0617866901429989,-1.0044034114105769,-1.0039792587869694,1
6.173786103901937,94.72,5.993961427306569,95.38,5.983936280687191,95.74,Race/Ethnicity: All other races,2100012: Regional School District 10,0.9130263675718218,0.9646035598705502,0.9573999999999999,0.16261214991173717,0.08723223705456701,0.06236678327262005,0
7.31455283232408,94.64,7.418780882750794,95.05,7.4342573821331355,95.78,Race/Ethnicity: White,2100012: Regional School District 10,0.9098780007870917,0.9612661812297736,0.9578,0.6783904240680332,0.7250470427929155,0.7066481501139976,0
7.383989457978509,95.02,7.424165281042028,95.47,7.447751280047908,96.02,High Needs: Students Without High Needs,2100012: Regional School District 10,0.9248327430145609,0.9655137540453076,0.9601999999999999,0.7097850133832514,0.727457347436791,0.7126425929886685,0
6.206575926724928,93.49,6.182084906716632,93.51,6.1779441140506,94.8,High Needs: Students With High Needs,2100012: Regional School District 10,0.8646202282565913,0.9456917475728157,0.948,0.177437510613592,0.1714449701249068,0.14855158188907347,0
5.351858133476067,91.04,5.3230099791384085,93.13,5.3471075307174685,95.01,: All Students,2110012: Regional School District 11,0.7682014954742229,0.9418487055016181,0.9501000000000001,-0.20900860260916307,-0.21311653060022107,-0.2205339461350399,1
3.6888794541139363,88.16,3.6375861597263857,90.19,3.6635616461296463,93.4,Students With Disabilities: Students With Disabilities,2110012: Regional School District 11,0.6548602912239274,0.9121156957928803,0.934,-0.9608961286299181,-0.9675898513129207,-0.9684215984494232,1
4.61512051684126,90.43,4.430816798843313,91.29,4.204692619390966,93.28,Free/Reduced Lunch: Free/Reduced Price Meal Eligible,2110012: Regional School District 11,0.7441951987406537,0.9232402912621361,0.9328000000000001,-0.5421119855764354,-0.6125032864426151,-0.7280330370850334,1
5.236441962829949,91.12,5.176149732573829,93.74,5.198497031265826,95.19,Race/Ethnicity: White,2110012: Regional School District 11,0.7713498622589534,0.9480177993527509,0.9519,-0.2611920611747201,-0.2788579403454083,-0.28655172359013303,1
4.48863636973214,92.35,4.61512051684126,94.64,4.787491742782046,95.67,High Needs: Students Without High Needs,2110012: Regional School District 11,0.8197560015741829,0.9571197411003237,0.9567,-0.5992996414561848,-0.5300004544925379,-0.4691340833029998,1
4.787491742782046,90.08,4.634728988229636,91.69,4.51085950651685,94.11,High Needs: Students With High Needs,2110012: Regional School District 11,0.7304210940574576,0.9272855987055018,0.9411,-0.46417726744794174,-0.5212227996664365,-0.5920234180273145,1
6.577861357721047,93.24,6.532334292222349,93.97,6.490723534502507,94.46,: All Students,2120012: Regional School District 12,0.8547815820543092,0.9503438511326862,0.9446,0.3453079034356462,0.3282327251788661,0.28749871044405256,0
4.51085950651685,91.91,4.584967478670572,93.15,4.634728988229636,94.2,Students With Disabilities: Students With Disabilities,2120012: Regional School District 12,0.8024399842581658,0.9420509708737865,0.9420000000000001,-0.5892518281289052,-0.5434983430213423,-0.5369964319976133,1
4.795790545596741,91.4,4.74493212836325,90.25,4.804021044733257,93.14,Free/Reduced Lunch: Free Meal Eligible,2120012: Regional School District 12,0.78236914600551,0.9127224919093853,0.9314,-0.46042510490087357,-0.4718907989364473,-0.46179121195992784,1
3.6109179126442243,92.57,3.6635616461296463,94.37,3.258096538021482,95.22,Free/Reduced Lunch: Reduced Price Meal Eligible,2120012: Regional School District 12,0.8284140102321915,0.954389158576052,0.9522,-0.9961451136397023,-0.9559620273448031,-1.1485428238787228,1
5.056245805348308,91.68,5.030437921392435,91.26,4.990432586778736,93.51,Free/Reduced Lunch: Free/Reduced Price Meal Eligible,2120012: Regional School District 12,0.7933884297520661,0.9229368932038836,0.9351,-0.34266468901339253,-0.3440852575239682,-0.3789809411969008,1
4.30406509320417,91.89,4.1588830833596715,90.02,3.9318256327243257,94.1,Race/Ethnicity: Hispanic/Latino of any race,2120012: Regional School District 12,0.8016528925619832,0.9103964401294499,0.941,-0.6827504049598626,-0.7342333409082392,-0.8492497214180396,1
6.406879986069314,93.46,6.38856140554563,94.35,6.361302477572996,94.52,Race/Ethnicity: White,2120012: Regional School District 12,0.8634395907123178,0.9541868932038836,0.9451999999999999,0.2680015842853803,0.26387335990225774,0.23000552815947467,0
6.169610732491456,93.87,6.100318952020064,94.86,6.075346031088684,94.89,High Needs: Students Without High Needs,2120012: Regional School District 12,0.8795749704840614,0.9593446601941749,0.9489000000000001,0.16072432674298318,0.13484276321965197,0.10297406594442803,0
5.429345628954441,92.04,5.429345628954441,92.15,5.41610040220442,93.62,High Needs: Students With High Needs,2120012: Regional School District 12,0.8075560802833532,0.9319377022653723,0.9362,-0.1739739494318133,-0.16551579664664906,-0.18988499432732778,1
7.204892510204673,93.84,7.253470382684528,95.8,7.294377299288821,95.59,: All Students,2130012: Regional School District 13,0.8783943329397874,0.9688511326860842,0.9559000000000001,0.6288093745186631,0.6510464498873378,0.6445087170746728,0
5.648974238161206,91.89,5.568344503761097,93.75,5.602118820879701,94.62,Students With Disabilities: Students With Disabilities,2130012: Regional School District 13,0.8016528925619832,0.9481189320388351,0.9462,-0.07467260921066551,-0.10329349894155819,-0.10724936217504435,1
5.111987788356544,90.41,5.1647859739235145,92.86,5.123963979403259,94.6,Free/Reduced Lunch: Free Meal Eligible,2130012: Regional School District 13,0.7434081070444707,0.9391181229773464,0.946,-0.31746189945289766,-0.2839448820546286,-0.3196618096814123,1
3.9318256327243257,91.67,4.060443010546419,91.92,3.828641396489095,93.55,Free/Reduced Lunch: Reduced Price Meal Eligible,2130012: Regional School District 13,0.7929948839039747,0.929611650485437,0.9355,-0.8510521459869006,-0.7782996509788567,-0.8950876263425689,1
5.375278407684165,90.71,5.44673737166631,92.62,5.3612921657094255,94.38,Free/Reduced Lunch: Free/Reduced Price Meal Eligible,2130012: Regional School District 13,0.7552144824872093,0.936690938511327,0.9438,-0.19841952395674795,-0.15773045166357996,-0.21423265464058894,1
4.574710978503383,92.06,4.564348191467836,94.28,4.59511985013459,95.12,Race/Ethnicity: Hispanic/Latino of any race,2130012: Regional School District 13,0.8083431719795358,0.9534789644012946,0.9512,-0.5603824710526301,-0.5527284855572442,-0.5545921420826715,1
7.076653815443951,93.93,7.1284959456800365,95.91,7.164720378771857,95.58,Race/Ethnicity: White,2130012: Regional School District 13,0.8819362455726094,0.9699635922330098,0.9558,0.5708284297594949,0.5951021364125986,0.5869107562590785,0
6.82001636467413,94.83,6.893656354602635,96.77,6.954638864880987,95.97,High Needs: Students Without High Needs,2130012: Regional School District 13,0.9173553719008263,0.978661003236246,0.9597,0.4547941712700181,0.4899771203339777,0.4935854886457393,0
6.042632833682381,91.73,6.052089168924417,93.6,6.052089168924417,94.64,High Needs: Students With High Needs,2130012: Regional School District 13,0.7953561589925227,0.9466019417475728,0.9464,0.1033134294298017,0.11325289117066167,0.0926425862957511,0
7.351799869057777,94.96,7.3453648404168685,97.12,7.356918242356021,95.09,: All Students,2140012: Regional School District 14,0.9224714679260129,0.9822006472491911,0.9509000000000001,0.6952310382315566,0.6921826412012824,0.6722915054811243,0
5.529429087511423,93.83,5.43372200355424,95.86,5.545177444479562,94.01,Students With Disabilities: Students With Disabilities,2140012: Regional School District 14,0.8780007870916959,0.9694579288025891,0.9401,-0.12872291585940787,-0.16355672982976685,-0.13254463491177498,1
5.455321115357702,92.8,5.3230099791384085,94.86,5.568344503761097,93.13,Free/Reduced Lunch: Free Meal Eligible,2140012: Regional School District 14,0.8374655647382916,0.9593446601941749,0.9313,-0.16222957504426866,-0.21311653060022107,-0.12225304872115757,1
4.430816798843313,94.23,4.30406509320417,95.78,4.2626798770413155,94.71,Free/Reduced Lunch: Reduced Price Meal Eligible,2140012: Regional School District 14,0.8937426210153485,0.968648867313916,0.9470999999999999,-0.6254417770413845,-0.6692431872071153,-0.702273148753337,1
5.75890177387728,93.18,5.627621113690637,95.1,5.805134968916488,93.46,Free/Reduced Lunch: Free/Reduced Price Meal Eligible,2140012: Regional School District 14,0.8524203069657617,0.9617718446601943,0.9346,-0.024970743578316922,-0.07675855846009899,-0.01706276748397365,1
3.1780538303479458,93.43,0.0,0.0,0.0,0.0,English Learners: English Learners,2140012: Regional School District 14,0.8622589531680442,0.0,0.0,-1.1918572463207011,-2.595940938854069,-2.595898784379362,1
4.859812404361672,94.31,4.7535901911063645,95.21,4.532599493153256,94.5,Race/Ethnicity: Hispanic/Latino of any race,2140012: Regional School District 14,0.8968909878000786,0.9628843042071198,0.9450000000000001,-0.43147871034067514,-0.4680150513212183,-0.5823657854580491,1
7.202661196523238,95.03,7.205635176410364,97.25,7.242082359256962,95.11,Race/Ethnicity: White,2140012: Regional School District 14,0.9252262888626523,0.9835153721682849,0.9511000000000001,0.6278005239876663,0.6296332085951648,0.6212775475019326,0
6.939253946041508,95.61,6.977281341630747,97.76,6.947937068614969,95.7,High Needs: Students Without High Needs,2140012: Regional School District 14,0.948051948051948,0.9886731391585762,0.9570000000000001,0.5087054156988432,0.5274115157252015,0.4906083255511269,0
6.236369590203704,93.75,6.139884552226255,95.65,6.267200548541362,93.86,High Needs: Students With High Needs,2140012: Regional School District 14,0.8748524203069654,0.9673341423948222,0.9386,0.19090820882647877,0.1525541479940584,0.18820228927777755,0
8.161375023197486,92.96,8.152774052744075,97.22,8.18646442942209,95.62,: All Students,2150012: Regional School District 15,0.8437622983077526,0.9832119741100325,0.9562,1.061266674964711,1.0536161884090387,1.0408037961236114,0
6.436150368369428,91.31,6.366470447731438,95.91,6.4425401664681985,94.42,Students With Disabilities: Students With Disabilities,2150012: Regional School District 15,0.778827233372688,0.9699635922330098,0.9442,0.28123568981327307,0.2539844298255415,0.2660940393093531,0
5.805134968916488,90.26,5.932245187448011,95.41,5.883322388488279,93.95,Free/Reduced Lunch: Free Meal Eligible,2150012: Regional School District 15,0.7375049193231011,0.9649069579288027,0.9395,-0.0040671907730585955,0.05960520586413792,0.017670711537527674,0
4.406719247264253,90.63,4.574710978503383,96.58,4.624972813284271,93.61,Free/Reduced Lunch: Reduced Price Meal Eligible,2150012: Regional School District 15,0.7520661157024793,0.9767394822006473,0.9361,-0.6363370751379823,-0.5480896248407302,-0.5413304527345912,1
6.023447592961033,90.33,6.159095388491933,95.65,6.131226489483141,93.88,Free/Reduced Lunch: Free/Reduced Price Meal Eligible,2150012: Regional School District 15,0.7402597402597402,0.9673341423948222,0.9388,0.09463914913919688,0.16115380302687377,0.12779804325414879,0
3.828641396489095,92.45,3.871201010907891,96.59,3.784189633918261,95.5,English Learners: English Learners,2150012: Regional School District 15,0.8236914600550964,0.9768406148867316,0.9550000000000001,-0.8977051434486644,-0.8630130852148824,-0.9148345929412707,1
5.703782474656201,93.94,5.655991810819852,97.94,5.66988092298052,96.67,Race/Ethnicity: All other races,2150012: Regional School District 15,0.8823297914207004,0.9904935275080907,0.9667,-0.04989199725502168,-0.06405852786394853,-0.07714715948487165,1
4.499809670330265,93.96,4.394449154672439,96.57,4.1588830833596715,96.53,Race/Ethnicity: Black or African American,2150012: Regional School District 15,0.8831168831168825,0.9766383495145632,0.9653,-0.594247823625644,-0.6287831188195359,-0.7483831722786719,1
5.645446897643238,91.81,5.429345628954441,96.29,5.3706380281276624,95.55,Race/Ethnicity: Hispanic/Latino of any race,2150012: Regional School District 15,0.7985045257772532,0.9738066343042073,0.9555,-0.07626743623304529,-0.16551579664664906,-0.21008090851545155,1
7.949091499830517,92.94,7.9658927350845286,97.24,8.014996894348302,95.5,Race/Ethnicity: White,2150012: Regional School District 15,0.8429752066115701,0.9834142394822007,0.9550000000000001,0.9652862903811981,0.9699595041437417,0.9646321554047927,0
7.841885928984623,93.51,7.81923445385907,97.68,7.8713112033234065,96.03,High Needs: Students Without High Needs,2150012: Regional School District 15,0.8654073199527748,0.9878640776699031,0.9603,0.916815114869868,0.9043085033854933,0.9008021433358978,0
6.836259277277067,91.42,6.84587987526405,96.12,6.879355804460439,94.5,High Needs: Students With High Needs,2150012: Regional School District 15,0.7831562377016921,0.9720873786407769,0.9450000000000001,0.46213812794484355,0.4685901679227324,0.46014222355127454,0
7.568379267836522,95.21,7.599401333415815,96.06,7.620214770574455,96.14,: All Students,2160012: Regional School District 16,0.9323101141282955,0.9714805825242719,0.9614,0.7931537298184839,0.8059010746585641,0.789256670585622,0
5.54907608489522,93.1,5.54907608489522,93.57,5.537334267018537,95.52,Students With Disabilities: Students With Disabilities,2160012: Regional School District 16,0.8492719401810307,0.9462985436893204,0.9551999999999999,-0.11983986014740956,-0.11191893059808516,-0.13602883788581374,1
5.662960480135946,93.31,5.820082930352362,94.24,5.8916442118257715,94.62,Free/Reduced Lunch: Free Meal Eligible,2160012: Regional School District 16,0.8575364029909482,0.953074433656958,0.9462,-0.06834896777904569,0.009396214158355674,0.0213675450933154,1
4.727387818712341,94.64,4.727387818712341,94.78,4.48863636973214,95.57,Free/Reduced Lunch: Reduced Price Meal Eligible,2160012: Regional School District 16,0.9098780007870917,0.9585355987055018,0.9557,-0.49135223447171855,-0.4797444399076253,-0.6018956821272308,1
5.991464547107982,93.69,6.1070228877422545,94.38,6.1092475827643655,94.81,Free/Reduced Lunch: Free/Reduced Price Meal Eligible,2160012: Regional School District 16,0.8724911452184179,0.954490291262136,0.9481,0.08017855892268058,0.13784375358653186,0.11803427435612067,0
3.784189633918261,94.2,3.6635616461296463,95.99,3.713572066704308,94.84,English Learners: English Learners,2160012: Regional School District 16,0.8925619834710745,0.9707726537216829,0.9484,-0.917803251861856,-0.9559620273448031,-0.9462052891838187,1
4.248495242049359,95.04,4.189654742026425,95.44,4.248495242049359,95.94,Race/Ethnicity: All other races,2160012: Regional School District 16,0.9256198347107438,0.9652103559870551,0.9594,-0.7078753680304407,-0.7204585293559481,-0.7085744402477876,1
4.406719247264253,95.85,4.454347296253507,96.81,4.330733340286331,96.93,Race/Ethnicity: Black or African American,2160012: Regional School District 16,0.9574970484061391,0.9790655339805827,0.9693,-0.6363370751379823,-0.6019699521473374,-0.6720415136526171,1
5.075173815233827,94.63,5.0106352940962555,96.31,4.875197323201151,95.41,Race/Ethnicity: Hispanic/Latino of any race,2160012: Regional School District 16,0.9094844549390002,0.9740088996763756,0.9541,-0.3341067112702395,-0.3529498254759014,-0.43017231740460604,1
7.394493107219038,95.24,7.437206366871292,96.03,7.475905969367397,96.17,Race/Ethnicity: White,2160012: Regional School District 16,0.9334907516725695,0.9711771844660195,0.9617,0.7145340597418495,0.7332951380375768,0.7251498520361098,0
7.202661196523238,95.79,7.198931240688173,96.84,7.25063551189868,96.56,High Needs: Students Without High Needs,2160012: Regional School District 16,0.9551357733175916,0.9793689320388351,0.9656,0.6278005239876663,0.6266322182282849,0.6250771453077668,0
6.3784261836515865,93.87,6.45833828334479,94.39,6.447305862541213,95.19,High Needs: Students With High Needs,2160012: Regional School District 16,0.8795749704840614,0.9545914239482202,0.9519,0.2551366814629612,0.29510870385299287,0.26821112164154215,0
7.471363088187097,94.17,7.499423290592229,94.87,7.557472901614746,96.7,: All Students,2170012: Regional School District 17,0.8913813459268005,0.9594457928802591,0.9670000000000001,0.7492895142360141,0.7611462983828956,0.7613846241462217,0
5.6131281063880705,93.12,5.648974238161206,93.77,5.700443573390687,96.33,Students With Disabilities: Students With Disabilities,2170012: Regional School District 17,0.8500590318772137,0.9483211974110033,0.9633,-0.09087982802278831,-0.06719991656756756,-0.06357020320882614,1
5.099866427824199,92.21,5.2574953720277815,92.41,5.342334251964811,94.71,Free/Reduced Lunch: Free Meal Eligible,2170012: Regional School District 17,0.8142463597009049,0.93456715210356,0.9470999999999999,-0.3229423664581429,-0.24244388589960586,-0.22265439694831915,1
3.828641396489095,94.36,4.127134385045092,94.64,3.8918202981106265,96.6,Free/Reduced Lunch: Reduced Price Meal Eligible,2170012: Regional School District 17,0.8988587170405351,0.9571197411003237,0.966,-0.8977051434486644,-0.7484455204026902,-0.8670214353096487,1
5.342334251964811,92.68,5.53338948872752,92.95,5.54907608489522,95.07,Free/Reduced Lunch: Free/Reduced Price Meal Eligible,2170012: Regional School District 17,0.8327430145611965,0.9400283171521037,0.9507,-0.21331466365280768,-0.11894097346054591,-0.13081272783732176,1
4.477336814478207,93.35,4.430816798843313,94.46,4.442651256490317,95.97,Race/Ethnicity: All other races,2170012: Regional School District 17,0.8591105863833133,0.9552993527508091,0.9597,-0.6044085431820163,-0.6125032864426151,-0.6223238146175182,1
7.362010551259734,94.23,7.395107546562485,94.91,7.4645098346365275,96.73,Race/Ethnicity: White,2170012: Regional School District 17,0.8937426210153485,0.9598503236245955,0.9673,0.6998476245264322,0.7144497672823722,0.7200873060566071,0
7.171656822768514,94.52,7.180069874302796,95.34,7.254884810077338,96.99,High Needs: Students Without High Needs,2170012: Regional School District 17,0.9051554506099957,0.9641990291262138,0.9699,0.6137824237152061,0.6181890020080947,0.6269648263433203,0
6.068425588244111,93.13,6.1675164908883415,93.59,6.2166061010848646,95.9,High Needs: Students With High Needs,2170012: Regional School District 17,0.8504525777253047,0.9465008090614888,0.9590000000000001,0.11497518472309151,0.16492347627813753,0.1657265356468347,0
7.113956109566034,93.8,7.093404625868766,96.09,7.109062135687172,95.45,: All Students,2180012: Regional School District 18,0.8768201495474219,0.9717839805825245,0.9545,0.5876940276113627,0.5793936455978451,0.5621854944568202,0
5.043425116919247,92.41,5.0106352940962555,94.94,5.0689042022202315,94.56,Students With Disabilities: Students With Disabilities,2180012: Regional School District 18,0.8221172766627309,0.960153721682848,0.9456,-0.3484613452330063,-0.3529498254759014,-0.3441212128205485,1
4.955827057601261,91.23,5.236441962829949,94.23,5.123963979403259,94.48,Free/Reduced Lunch: Free Meal Eligible,2180012: Regional School District 18,0.7756788665879575,0.952973300970874,0.9448000000000001,-0.38806731789050497,-0.25186836143321567,-0.3196618096814123,1
3.367295829986474,92.75,3.8501476017100584,95.35,3.8501476017100584,94.55,Free/Reduced Lunch: Reduced Price Meal Eligible,2180012: Regional School District 18,0.8354978354978355,0.9643001618122978,0.9455,-1.106294694801994,-0.8724375607484923,-0.8855338473335487,1
5.135798437050262,91.48,5.455321115357702,94.45,5.365976015021851,94.5,Free/Reduced Lunch: Free/Reduced Price Meal Eligible,2180012: Regional School District 18,0.7855175127902401,0.9551982200647251,0.9450000000000001,-0.306696319616278,-0.15388797267853133,-0.2121519313896619,1
3.295836866004329,93.36,3.258096538021482,96.46,3.367295829986474,96.76,English Learners: English Learners,2180012: Regional School District 18,0.8595041322314048,0.9755258899676376,0.9676000000000001,-1.1386036499962664,-1.1374668826957979,-1.100032829081589,1
4.406719247264253,93.16,4.31748811353631,95.57,0.0,0.0,Race/Ethnicity: Hispanic/Latino of any race,2180012: Regional School District 18,0.8516332152695787,0.966525080906149,0.0,-0.6363370751379823,-0.6632344251335397,-2.595898784379362,1
6.966967138613983,93.77,6.955592608396297,96.08,6.97166860472579,95.41,Race/Ethnicity: White,2180012: Regional School District 18,0.8756395120031479,0.9716828478964402,0.9541,0.521235464375984,0.5177026398941027,0.5011506713168206,0
6.799055862058796,94.28,6.736966958001855,96.59,6.790097235513905,95.74,High Needs: Students Without High Needs,2180012: Regional School District 18,0.8957103502558046,0.9768406148867316,0.9573999999999999,0.4453172365076073,0.4198357303688703,0.42049056796559464,0
5.717027701406222,92.38,5.840641657373398,94.91,5.814130531825066,94.67,High Needs: Students With High Needs,2180012: Regional School District 18,0.8209366391184569,0.9598503236245955,0.9467,-0.04390339325411103,0.0185992471679393,-0.013066636171764177,1
7.025538314638521,93.14,7.00850518208228,97.04,7.004881989712859,96.21,: All Students,2190012: Regional School District 19,0.8508461235733962,0.981391585760518,0.9621,0.5477174254400355,0.5413887446687736,0.5159051729617072,0
5.181783550292085,90.39,5.198497031265826,95.17,5.153291594497779,95.71,Students With Disabilities: Students With Disabilities,2190012: Regional School District 19,0.7426210153482882,0.9624797734627834,0.9571,-0.28590493277634527,-0.26885426028647114,-0.3066334975921396,1
5.43372200355424,88.52,5.564520407322694,94.77,5.472270673671475,94.87,Free/Reduced Lunch: Free Meal Eligible,2190012: Regional School District 19,0.6690279417552141,0.9584344660194175,0.9487000000000001,-0.17199524608966038,-0.10500534061922828,-0.16493227231248217,1
4.110873864173311,91.64,4.174387269895637,97.33,3.9889840465642745,95.87,Free/Reduced Lunch: Reduced Price Meal Eligible,2190012: Regional School District 19,0.7918142463597007,0.984324433656958,0.9587000000000001,-0.7700985333800286,-0.7272929529974883,-0.8238580333576697,1
5.666426688112432,89.16,5.783825182329737,95.29,5.673323267171493,95.06,Free/Reduced Lunch: Free/Reduced Price Meal Eligible,2190012: Regional School District 19,0.6942148760330578,0.9636933656957931,0.9506,-0.06678178079555815,-0.0068344236415401995,-0.07561795452585425,1
4.454347296253507,95.59,4.955827057601261,97.75,5.123963979403259,96.53,Race/Ethnicity: All other races,2190012: Regional School District 19,0.9472648563557655,0.988572006472492,0.9653,-0.6148028628428124,-0.3774845162252059,-0.3196618096814123,1
3.9318256327243257,91.9,0.0,0.0,0.0,0.0,Race/Ethnicity: Black or African American,2190012: Regional School District 19,0.8020464384100747,0.0,0.0,-0.8510521459869006,-2.595940938854069,-2.595898784379362,1
4.852030263919617,89.87,0.0,0.0,0.0,0.0,Race/Ethnicity: Hispanic/Latino of any race,2190012: Regional School District 19,0.7221566312475405,0.0,0.0,-0.43499727278332007,-2.595940938854069,-2.595898784379362,1
6.760414691083428,93.46,6.727431724850855,97.01,6.70073110954781,96.16,Race/Ethnicity: White,2190012: Regional School District 19,0.8634395907123178,0.9810881877022656,0.9616,0.427846288258073,0.41556732088257575,0.38079113193770336,0
6.587550014824796,94.63,6.522092798170152,98.01,6.565264970035361,96.68,High Needs: Students Without High Needs,2190012: Regional School District 19,0.9094844549390002,0.9912014563106798,0.9668000000000001,0.34968846496094214,0.3236481607876282,0.32061252084338066,0
5.963579343618446,90.39,6.0473721790462776,95.48,5.973809611869261,95.35,High Needs: Students With High Needs,2190012: Regional School District 19,0.7426210153482882,0.9656148867313917,0.9535,0.06757073843494313,0.11114134926877392,0.0578681767081421,0
6.839476438228843,88.18,0.0,0.0,0.0,0.0,: All Students,2310018: Goodwin University Educational Services (GUES),0.6556473829201104,0.0,0.0,0.4635927125518868,-2.595940938854069,-2.595898784379362,1
5.0689042022202315,85.12,0.0,0.0,0.0,0.0,Students With Disabilities: Students With Disabilities,2310018: Goodwin University Educational Services (GUES),0.5352223534041718,0.0,0.0,-0.3369414101610922,-2.595940938854069,-2.595898784379362,1
6.282266746896006,86.33,0.0,0.0,0.0,0.0,Free/Reduced Lunch: Free Meal Eligible,2310018: Goodwin University Educational Services (GUES),0.5828414010232192,0.0,0.0,0.21165982760850585,-2.595940938854069,-2.595898784379362,1
4.867534450455582,89.85,0.0,0.0,0.0,0.0,Free/Reduced Lunch: Reduced Price Meal Eligible,2310018: Goodwin University Educational Services (GUES),0.7213695395513575,0.0,0.0,-0.42798731853546246,-2.595940938854069,-2.595898784379362,1
6.498282149476434,87.01,0.0,0.0,0.0,0.0,Free/Reduced Lunch: Free/Reduced Price Meal Eligible,2310018: Goodwin University Educational Services (GUES),0.609602518693428,0.0,0.0,0.30932751790678087,-2.595940938854069,-2.595898784379362,1
4.941642422609304,86.08,0.0,0.0,0.0,0.0,English Learners: English Learners,2310018: Goodwin University Educational Services (GUES),0.5730027548209367,0.0,0.0,-0.39448065935060167,-2.595940938854069,-2.595898784379362,1
4.3694478524670215,90.87,0.0,0.0,0.0,0.0,Race/Ethnicity: All other races,2310018: Goodwin University Educational Services (GUES),0.7615112160566708,0.0,0.0,-0.6531887023856525,-2.595940938854069,-2.595898784379362,1
5.579729825986222,88.86,0.0,0.0,0.0,0.0,Race/Ethnicity: Black or African American,2310018: Goodwin University Educational Services (GUES),0.6824085005903187,0.0,0.0,-0.10598029247030932,-2.595940938854069,-2.595898784379362,1
6.133398042996649,86.61,0.0,0.0,0.0,0.0,Race/Ethnicity: Hispanic/Latino of any race,2310018: Goodwin University Educational Services (GUES),0.5938606847697758,0.0,0.0,0.14435137509140059,-2.595940938854069,-2.595898784379362,1
4.882801922586371,90.83,0.0,0.0,0.0,0.0,Race/Ethnicity: White,2310018: Goodwin University Educational Services (GUES),0.7599370326643053,0.0,0.0,-0.4210843906798795,-2.595940938854069,-2.595898784379362,1
5.4510384535657,91.08,0.0,0.0,0.0,0.0,High Needs: Students Without High Needs,2310018: Goodwin University Educational Services (GUES),0.7697756788665879,0.0,0.0,-0.16416590773423842,-2.595940938854069,-2.595898784379362,1
6.551080335043404,87.23,0.0,0.0,0.0,0.0,High Needs: Students With High Needs,2310018: Goodwin University Educational Services (GUES),0.6182605273514366,0.0,0.0,0.33319931952215787,-2.595940938854069,-2.595898784379362,1
9.175127616220438,89.12,8.95828281049733,90.86,8.936824154997302,93.05,: All Students,2410014: Capitol Region Education Council,0.6926406926406927,0.9188915857605179,0.9305,1.5196176680499145,1.4141990046274986,1.3741387997544174,0
3.9512437185814275,77.53,3.784189633918261,79.29,4.127134385045092,87.75,Homelessness: Students Experiencing Homelessness,2410014: Capitol Region Education Council,0.2365210547028731,0.8018810679611652,0.8775000000000001,-0.8422725887283823,-0.9019633847069429,-0.7624870108873487,1
7.591861714889934,87.38,7.338238150065589,88.57,7.338888133838879,91.1,Students With Disabilities: Students With Disabilities,2410014: Capitol Region Education Council,0.6241637150728057,0.8957322006472492,0.9109999999999999,0.8037709188654748,0.6889924063932227,0.6642819254314781,0
8.603187384583098,87.06,8.354438940114811,88.01,8.332548939252638,91.81,Free/Reduced Lunch: Free Meal Eligible,2410014: Capitol Region Education Council,0.6115702479338845,0.8900687702265374,0.9181,1.2610246198440975,1.1438906793076136,1.1056994441109036,0
6.920671504248683,91.06,6.773080375655535,92.3,6.513230110912307,94.33,Free/Reduced Lunch: Reduced Price Meal Eligible,2410014: Capitol Region Education Council,0.7689885871704054,0.9334546925566344,0.9433,0.500303680691398,0.43600175924875273,0.2974968879495504,0
8.773539383558166,87.67,8.541300266759471,88.75,8.482601746646619,92.16,Free/Reduced Lunch: Free/Reduced Price Meal Eligible,2410014: Capitol Region Education Council,0.6355765446674537,0.8975525889967638,0.9216,1.3380463788429466,1.2275384146739976,1.1723579432183053,0
6.70073110954781,88.27,6.505784060128229,88.23,6.46302945692067,92.67,English Learners: English Learners,2410014: Capitol Region Education Council,0.6591892955529319,0.8922936893203886,0.9267000000000001,0.4008613719619204,0.31634761857064697,0.27519607060791673,0
6.88653164253051,91.04,6.70196036600254,94.64,6.670766320845874,94.04,Race/Ethnicity: All other races,2410014: Capitol Region Education Council,0.7682014954742229,0.9571197411003237,0.9404000000000001,0.4848679228644764,0.40416516762473387,0.3674797659217576,0
8.063062911326792,89.64,7.7752758464868625,89.88,7.732369222284388,93.3,Race/Ethnicity: Black or African American,2410014: Capitol Region Education Council,0.7131050767414404,0.9089805825242719,0.9329999999999999,1.0168165256695407,0.8846306062915829,0.8390794466405107,0
8.31238059678675,87.39,8.064007347096661,88.97,7.993282328101591,91.98,Race/Ethnicity: Hispanic/Latino of any race,2410014: Capitol Region Education Council,0.6245572609208971,0.899777508090615,0.9198000000000001,1.129541276768342,1.0138801229712695,0.954985815426804,0
7.264730177929867,91.4,7.2456550675945355,94.65,7.364547014255642,94.19,Race/Ethnicity: White,2410014: Capitol Region Education Council,0.78236914600551,0.957220873786408,0.9419,0.6558639582647431,0.6475479549328643,0.6756804623003477,0
7.8547691834991324,92.43,7.658227526161352,95.37,7.71333788887187,94.96,High Needs: Students Without High Needs,2410014: Capitol Region Education Council,0.8229043683589139,0.9645024271844662,0.9496,0.9226400592808965,0.832234387665315,0.830625088849256,0
8.862625169408922,87.9,8.640118538253535,89.17,8.58858318750291,92.25,High Needs: Students With High Needs,2410014: Capitol Region Education Council,0.6446280991735538,0.9018001618122978,0.9225,1.3783250017490636,1.2717740238914024,1.2194384604269666,0
4.836281906951478,77.85,4.394449154672439,77.29,4.543294782270004,86.96,: All Students,2420014: EdAdvance,0.24911452184179428,0.7816545307443368,0.8695999999999999,-0.4421176245392473,-0.6287831188195359,-0.5776145786501002,1
4.605170185988092,77.45,0.0,0.0,0.0,0.0,Students With Disabilities: Students With Disabilities,2420014: EdAdvance,0.23337268791814259,0.0,0.0,-0.546610858436998,-2.595940938854069,-2.595898784379362,1
4.290459441148391,72.31,0.0,0.0,0.0,0.0,Free/Reduced Lunch: Free Meal Eligible,2420014: EdAdvance,0.03109012199921324,0.0,0.0,-0.6889019691326774,-2.595940938854069,-2.595898784379362,1
4.3694478524670215,72.54,3.6635616461296463,68.82,3.6888794541139363,81.96,Free/Reduced Lunch: Free/Reduced Price Meal Eligible,2420014: EdAdvance,0.040141676505313306,0.695995145631068,0.8196,-0.6531887023856525,-0.9559620273448031,-0.9571745774157477,1
3.332204510175204,73.34,0.0,0.0,3.258096538021482,78.71,Race/Ethnicity: Hispanic/Latino of any race,2420014: EdAdvance,0.07162534435261758,0.0,0.7870999999999999,-1.1221606382233609,-2.595940938854069,-1.1485428238787228,1
4.356708826689592,78.26,3.9318256327243257,80.25,4.04305126783455,90.43,Race/Ethnicity: White,2420014: EdAdvance,0.26524990161353834,0.8115898058252429,0.9043000000000001,-0.6589484362262453,-0.8358747125326014,-0.7998395569067658,1
6.532334292222349,90.04,6.51471269087253,90.83,6.52649485957079,93.07,: All Students,2430014: Cooperative Educational Services,0.7288469106650926,0.9185881877022655,0.9307,0.32472361509231584,0.3203444848837269,0.3033895350247218,0
5.780743515792329,86.91,5.793013608384144,87.75,5.846438775057725,90.71,Students With Disabilities: Students With Disabilities,2430014: Cooperative Educational Services,0.6056670602125145,0.8874393203883496,0.9070999999999999,-0.015095371454611152,-0.0027212609832541297,0.0012857710913088715,1
5.135798437050262,86.14,5.438079308923196,87.68,5.517452896464707,90.63,Free/Reduced Lunch: Free Meal Eligible,2430014: Cooperative Educational Services,0.5753640299094847,0.8867313915857608,0.9063,-0.306696319616278,-0.16160619927880898,-0.14486081073812243,1
4.418840607796598,91.41,4.02535169073515,90.98,4.204692619390966,93.96,Free/Reduced Lunch: Reduced Price Meal Eligible,2430014: Cooperative Educational Services,0.7827626918536006,0.9201051779935276,0.9396,-0.6308566081327371,-0.7940081417936097,-0.7280330370850334,1
5.529429087511423,87.89,5.652489180268651,88.34,5.752572638825633,91.35,Free/Reduced Lunch: Free/Reduced Price Meal Eligible,2430014: Cooperative Educational Services,0.6442345533254623,0.8934061488673141,0.9135,-0.12872291585940787,-0.06562646660597765,-0.04041272070574022,1
3.6109179126442243,92.05,3.58351893845611,92.43,3.6635616461296463,93.02,English Learners: English Learners,2430014: Cooperative Educational Services,0.8079496261314443,0.9347694174757284,0.9302,-0.9961451136397023,-0.9917928295215259,-0.9684215984494232,1
4.382026634673881,89.13,4.189654742026425,91.48,4.276666119016055,95.06,Race/Ethnicity: All other races,2430014: Cooperative Educational Services,0.6930342384887838,0.9251618122977348,0.9506,-0.6475014199500789,-0.7204585293559481,-0.6960599901035209,1
5.017279836814924,90.49,5.0106352940962555,91.11,5.0689042022202315,93.73,Race/Ethnicity: Black or African American,2430014: Cooperative Educational Services,0.7465564738292008,0.9214199029126214,0.9373,-0.3602824889546438,-0.3529498254759014,-0.3441212128205485,1
5.537334267018537,89.55,5.5053315359323625,91.1,5.4680601411351315,92.97,Race/Ethnicity: Hispanic/Latino of any race,2430014: Cooperative Educational Services,0.7095631641086184,0.9213187702265373,0.9297,-0.12514872339613875,-0.13150100528989786,-0.16680273234711926,1
5.3230099791384085,90.66,5.375278407684165,90.13,5.384495062789089,92.05,Race/Ethnicity: White,2430014: Cooperative Educational Services,0.7532467532467528,0.9115088996763755,0.9205,-0.22205180494506227,-0.1897187748552542,-0.2039251480958236,1
5.4510384535657,93.09,5.308267697401205,95.05,5.159055299214529,96.4,High Needs: Students Without High Needs,2430014: Cooperative Educational Services,0.8488783943329397,0.9612661812297736,0.9640000000000001,-0.16416590773423842,-0.21971585483489947,-0.3040730662853928,1
6.1070228877422545,88.42,6.150602768446279,88.98,6.234410725718371,91.92,High Needs: Students With High Needs,2430014: Cooperative Educational Services,0.6650924832743015,0.8998786407766992,0.9192,0.1324262972303625,0.15735211518219225,0.173635948178678,0
7.473069088032197,85.0,7.502738210754851,79.96,7.501634457883413,92.16,: All Students,2440014: Area Cooperative Educational Services,0.5304998032270758,0.8086569579288027,0.9216,0.7500608530504217,0.7626302093103343,0.736579311161634,0
6.618738983517219,80.85,6.639875833826536,75.41,6.660575149839686,88.69,Students With Disabilities: Students With Disabilities,2440014: Area Cooperative Educational Services,0.3671782762691853,0.7626415857605179,0.8869,0.3637900266949025,0.3763732718319799,0.3629525053178578,0
6.81783057145415,81.57,6.860663671448287,76.14,6.873163834212518,91.1,Free/Reduced Lunch: Free Meal Eligible,2440014: Area Cooperative Educational Services,0.39551357733175907,0.7700242718446603,0.9109999999999999,0.45380590204145876,0.47520807593577585,0.4573915423050356,0
4.941642422609304,87.49,4.770684624465665,83.46,4.897839799950911,95.65,Free/Reduced Lunch: Reduced Price Meal Eligible,2440014: Area Cooperative Educational Services,0.6284927194018102,0.8440533980582525,0.9565000000000001,-0.39448065935060167,-0.4603627956964029,-0.420113768401585,1
6.959398512133975,82.36,6.976348070447749,76.95,7.002155954403621,91.66,Free/Reduced Lunch: Free/Reduced Price Meal Eligible,2440014: Area Cooperative Educational Services,0.4266036993309723,0.7782160194174759,0.9166,0.5178134386398447,0.526993740563576,0.5146941764773131,0
4.6443908991413725,84.23,4.941642422609304,79.01,4.820281565605037,92.76,English Learners: English Learners,2440014: Area Cooperative Educational Services,0.500196772924046,0.7990493527508092,0.9276000000000001,-0.5288778800485431,-0.3838342120953004,-0.4545677422039003,1
4.997212273764115,84.75,5.123963979403259,82.42,5.043425116919247,93.11,Race/Ethnicity: All other races,2440014: Area Cooperative Educational Services,0.5206611570247932,0.8335355987055018,0.9311,-0.3693556962800235,-0.30221868678497676,-0.3554398786575279,1
6.38856140554563,84.56,6.329720905522696,79.58,6.363028103540465,90.99,Race/Ethnicity: Black or African American,2440014: Area Cooperative Educational Services,0.5131837859110586,0.8048139158576053,0.9098999999999999,0.2597191496630387,0.23753364229924795,0.2307721091985768,0
6.3784261836515865,83.51,6.525029657843462,78.45,6.481577129276431,92.27,Race/Ethnicity: Hispanic/Latino of any race,2440014: Area Cooperative Educational Services,0.4718614718614722,0.7933859223300972,0.9227,0.2551366814629612,0.32496283442915935,0.28343556990581836,0
6.066108090103747,87.7,6.003887067106539,82.04,6.054439346269371,93.21,Race/Ethnicity: White,2440014: Area Cooperative Educational Services,0.6367571822117277,0.8296925566343044,0.9320999999999999,0.11392736735481121,0.0916754105364118,0.09368661404285951,0
6.082218910376446,90.1,6.052089168924417,87.91,5.84354441703136,95.44,High Needs: Students Without High Needs,2440014: Area Cooperative Educational Services,0.7312081857536401,0.8890574433656959,0.9544,0.12121160072913867,0.11325289117066167,0.0,0
7.182352111885263,83.31,7.22983877815125,77.46,7.2909747781429814,91.38,High Needs: Students With High Needs,2440014: Area Cooperative Educational Services,0.46399055489964613,0.783373786407767,0.9138,0.6186181167844361,0.6404678553874623,0.6429972028504347,0
6.883462586413092,90.85,7.610357618312838,89.4,7.598399329323964,94.28,: All Students,2450014: Learn,0.7607241243604879,0.9041262135922332,0.9428000000000001,0.4834803013393288,0.8108056123503447,0.7795655185413602,0
5.25227342804663,89.48,5.87493073085203,85.34,5.921578419643816,92.77,Students With Disabilities: Students With Disabilities,2450014: Learn,0.7068083431719798,0.8630663430420713,0.9277,-0.2540341334377154,0.033948615578200975,0.034665326053059886,1
6.093569770045136,88.39,6.962243464266207,85.5,6.968850378341948,93.03,Free/Reduced Lunch: Free Meal Eligible,2450014: Learn,0.6639118457300275,0.8646844660194176,0.9303,0.12634369887351968,0.5206798692746053,0.49989872045928985,0
4.418840607796598,90.74,5.545177444479562,90.36,5.231108616854587,95.72,Free/Reduced Lunch: Reduced Price Meal Eligible,2450014: Learn,0.7563951200314833,0.9138349514563108,0.9572,-0.6308566081327371,-0.11366414159296254,-0.2720645614595926,1
6.263398262591624,88.76,7.1785454837637,86.46,7.130098510125578,93.43,Free/Reduced Lunch: Free/Reduced Price Meal Eligible,2450014: Learn,0.6784730421094061,0.8743932038834952,0.9343000000000001,0.2031287633444556,0.6175066145997478,0.57153055884501,0
4.430816798843313,88.81,5.356586274672012,84.09,5.521460917862246,93.5,English Learners: English Learners,2450014: Learn,0.6804407713498621,0.8504247572815535,0.935,-0.6254417770413845,-0.19808623442385245,-0.1430803129561063,1
5.049856007249537,90.49,5.459585514144159,92.14,5.442417710521793,94.92,Race/Ethnicity: All other races,2450014: Learn,0.7465564738292008,0.9318365695792882,0.9492,-0.34555372754640584,-0.1519790313925443,-0.1781939616605628,1
4.59511985013459,90.77,5.869296913133774,86.36,5.780743515792329,94.91,Race/Ethnicity: Black or African American,2450014: Learn,0.7575757575757573,0.8733818770226538,0.9490999999999999,-0.5511549468575818,0.03142665931223004,-0.02789827056147359,1
5.811140992976701,89.84,6.733401891837359,86.93,6.710523109452428,93.0,Race/Ethnicity: Hispanic/Latino of any race,2450014: Learn,0.7209759937032665,0.87914644012945,0.93,-0.001351669144370859,0.4182398425709713,0.38514106732536885,0
5.966146739123692,91.88,6.385194398997726,93.66,6.432940092739179,95.42,Race/Ethnicity: White,2450014: Learn,0.8012593467138918,0.9472087378640778,0.9542,0.06873154264651421,0.26236613271002246,0.2618293639779772,0
5.921578419643816,93.53,6.396929655216146,95.13,6.437751649736401,95.91,High Needs: Students Without High Needs,2450014: Learn,0.8661944116489568,0.9620752427184467,0.9591,0.048580735009292796,0.2676193738393753,0.2639668192737145,0
6.401917196727186,89.19,7.257707677160043,86.97,7.223295679562314,93.54,High Needs: Students With High Needs,2450014: Learn,0.6953955135773318,0.8795509708737865,0.9354000000000001,0.2657577434911938,0.6529432580355071,0.6129318731129912,0
5.958424693029782,82.73,6.061456918928017,80.82,6.1903154058531475,90.82,: All Students,2530014: Eastern Connecticut Regional Educational Service Center (EASTCONN),0.44116489571035045,0.8173543689320388,0.9081999999999999,0.06524015084130148,0.11744632748704648,0.15404732540696905,0
5.075173815233827,83.15,5.2574953720277815,83.56,5.342334251964811,90.9,Students With Disabilities: Students With Disabilities,2530014: Eastern Connecticut Regional Educational Service Center (EASTCONN),0.4576938213301851,0.845064724919094,0.909,-0.3341067112702395,-0.24244388589960586,-0.22265439694831915,1
5.049856007249537,79.88,5.442417710521793,77.72,5.537334267018537,89.2,Free/Reduced Lunch: Free/Reduced Price Meal Eligible,2530014: Eastern Connecticut Regional Educational Service Center (EASTCONN),0.32900432900432897,0.7860032362459548,0.892,-0.34555372754640584,-0.15966413092604229,-0.13602883788581374,1
4.2626798770413155,81.62,4.465908118654584,77.16,4.663439094112067,88.79,Race/Ethnicity: Hispanic/Latino of any race,2530014: Eastern Connecticut Regional Educational Service Center (EASTCONN),0.39748130657221603,0.7803398058252428,0.8879000000000001,-0.7014620265703444,-0.5967947956278616,-0.5242424382498482,1
5.6131281063880705,83.46,5.66988092298052,82.36,5.7899601708972535,91.71,Race/Ethnicity: White,2530014: Eastern Connecticut Regional Educational Service Center (EASTCONN),0.46989374262101524,0.8329288025889968,0.9170999999999999,-0.09087982802278831,-0.057841121622908546,-0.023803922666523935,1
5.043425116919247,84.12,4.77912349311153,84.0,4.969813299576001,92.76,High Needs: Students Without High Needs,2530014: Eastern Connecticut Regional Educational Service Center (EASTCONN),0.49586776859504145,0.8495145631067962,0.9276000000000001,-0.3484613452330063,-0.4565851694536903,-0.38814072142007255,1
5.442417710521793,82.03,5.736572297479192,79.58,5.84354441703136,90.01,High Needs: Students With High Needs,2530014: Eastern Connecticut Regional Educational Service Center (EASTCONN),0.4136166863439592,0.8048139158576053,0.9001000000000001,-0.16806363008040226,-0.027986991046742075,0.0,1
6.391917113392602,90.87,6.461468176353717,93.6,6.439350371100098,94.01,: All Students,2610013: Jumoke Academy District,0.7615112160566708,0.9466019417475728,0.9401,0.2612363758923468,0.2965097881053472,0.2646770250235822,0
3.828641396489095,90.6,3.871201010907891,94.67,3.6888794541139363,94.8,Students With Disabilities: Students With Disabilities,2610013: Jumoke Academy District,0.7508854781582053,0.9574231391585762,0.948,-0.8977051434486644,-0.8630130852148824,-0.9571745774157477,1
4.6913478822291435,92.19,5.075173815233827,95.48,5.4116460518550396,95.0,Free/Reduced Lunch: Free/Reduced Price Meal Eligible,2610013: Jumoke Academy District,0.8134592680047223,0.9656148867313917,0.9500000000000001,-0.5076470787872756,-0.3240594112099295,-0.1918637664272635,1
6.326149473155099,91.04,6.393590753950631,93.78,6.376726947898627,94.11,Race/Ethnicity: Black or African American,2610013: Jumoke Academy District,0.7682014954742229,0.9484223300970875,0.9411,0.23150065593148303,0.26612472786587543,0.2368575961699961,0
3.295836866004329,89.13,3.4657359027997265,92.02,3.295836866004329,93.82,Race/Ethnicity: Hispanic/Latino of any race,2610013: Jumoke Academy District,0.6930342384887838,0.9306229773462784,0.9381999999999999,-1.1386036499962664,-1.0445179405658773,-1.1317773020411181,1
6.091309882077698,90.6,6.068425588244111,92.84,5.932245187448011,93.38,High Needs: Students Without High Needs,2610013: Jumoke Academy District,0.7508854781582053,0.9389158576051782,0.9338,0.1253219289650969,0.12056582480238413,0.03940386273560188,0
5.003946305945459,91.88,5.2832037287379885,95.21,5.521460917862246,94.95,High Needs: Students With High Needs,2610013: Jumoke Academy District,0.8012593467138918,0.9628843042071198,0.9495,-0.36631101816128936,-0.23093564148427356,-0.1430803129561063,1
5.752572638825633,93.53,5.771441123130016,95.99,5.777652323222656,95.25,: All Students,2630013: Odyssey Community School District,0.8661944116489568,0.9707726537216829,0.9525,-0.02783235434632726,-0.012378098864770466,-0.029271482170939236,1
3.295836866004329,91.37,3.367295829986474,92.36,3.367295829986474,95.75,Students With Disabilities: Students With Disabilities,2630013: Odyssey Community School District,0.781188508461236,0.9340614886731393,0.9575,-1.1386036499962664,-1.0885842506364947,-1.100032829081589,1
4.6913478822291435,94.31,4.61512051684126,95.26,4.709530201312334,96.04,Free/Reduced Lunch: Free Meal Eligible,2630013: Odyssey Community School District,0.8968909878000786,0.9633899676375406,0.9604,-0.5076470787872756,-0.5300004544925379,-0.5037672196816191,1
3.4011973816621555,95.46,3.332204510175204,92.91,3.332204510175204,95.25,Free/Reduced Lunch: Reduced Price Meal Eligible,2630013: Odyssey Community School District,0.942148760330578,0.9396237864077671,0.9525,-1.0909666848076205,-1.1042927414512482,-1.1156215724776086,1
4.927253685157205,94.56,4.852030263919617,94.76,4.927253685157205,95.88,Free/Reduced Lunch: Free/Reduced Price Meal Eligible,2630013: Odyssey Community School District,0.9067296340023612,0.9583333333333335,0.9588,-0.40098628226668764,-0.4239487412506009,-0.4070471322298208,1
3.6635616461296463,92.17,3.6375861597263857,95.97,3.871201010907891,95.94,English Learners: English Learners,2630013: Odyssey Community School District,0.8126721763085398,0.9705703883495147,0.9594,-0.9723431449060848,-0.9675898513129207,-0.8761812155328205,1
4.454347296253507,90.95,4.3694478524670215,97.07,4.343805421853684,93.57,Race/Ethnicity: All other races,2630013: Odyssey Community School District,0.7646595828414009,0.9816949838187703,0.9357,-0.6148028628428124,-0.6399748530764088,-0.6662344557733105,1
4.2626798770413155,96.03,4.276666119016055,95.93,4.290459441148391,97.46,Race/Ethnicity: Black or African American,2630013: Odyssey Community School District,0.9645808736717827,0.9701658576051782,0.9745999999999999,-0.7014620265703444,-0.6815082298638876,-0.6899325329301788,1
4.1588830833596715,92.69,4.290459441148391,94.27,4.189654742026425,95.07,Race/Ethnicity: Hispanic/Latino of any race,2630013: Odyssey Community School District,0.8331365604092875,0.9533778317152104,0.9507,-0.7483919814631596,-0.6753337036509652,-0.7347133675119711,1
4.574710978503383,94.62,4.605170185988092,96.4,4.700480365792417,95.09,Race/Ethnicity: White,2630013: Odyssey Community School District,0.9090909090909092,0.9749190938511328,0.9509000000000001,-0.5603824710526301,-0.5344546808268961,-0.5077874607114496,1
5.043425116919247,93.71,5.123963979403259,97.01,5.0238805208462765,94.85,High Needs: Students Without High Needs,2630013: Odyssey Community School District,0.8732782369146004,0.9810881877022656,0.9485,-0.3484613452330063,-0.30221868678497676,-0.3641222449691686,1
5.075173815233827,93.59,5.0369526024136295,94.87,5.147494476813453,95.6,High Needs: Students With High Needs,2630013: Odyssey Community School District,0.8685556867375048,0.9594457928802591,0.956,-0.3341067112702395,-0.3411689862770369,-0.30920877206182396,1
5.762051382780177,93.41,5.762051382780177,95.37,5.765191102784844,96.02,: All Students,2640013: Integrated Day Charter School District,0.8614718614718613,0.9645024271844662,0.9601999999999999,-0.023546701481252735,-0.016581379072857463,-0.03480717501039455,1
3.4011973816621555,93.24,3.4011973816621555,95.45,3.332204510175204,96.27,Students With Disabilities: Students With Disabilities,2640013: Integrated Day Charter School District,0.8547815820543092,0.9653114886731393,0.9627,-1.0909666848076205,-1.0734083548318494,-1.1156215724776086,1
4.948759890378168,92.65,4.770684624465665,94.43,4.762173934797756,95.85,Free/Reduced Lunch: Free Meal Eligible,2640013: Integrated Day Charter School District,0.8315623770169225,0.9549959546925568,0.9584999999999999,-0.39126261735242235,-0.4603627956964029,-0.4803811043366751,1
3.5553480614894135,93.0,3.367295829986474,95.31,3.6109179126442243,94.84,Free/Reduced Lunch: Reduced Price Meal Eligible,2640013: Integrated Day Charter School District,0.8453364817001181,0.9638956310679613,0.9484,-1.0212700767102803,-1.0885842506364947,-0.991807713794367,1
5.1647859739235145,92.72,4.983606621708336,94.6,5.030437921392435,95.61,Free/Reduced Lunch: Free/Reduced Price Meal Eligible,2640013: Integrated Day Charter School District,0.8343171979535615,0.9567152103559872,0.9561000000000001,-0.29359009783752066,-0.36504910399332685,-0.3612092273052916,1
3.1354942159291497,94.24,3.258096538021482,95.7,3.4011973816621555,97.09,English Learners: English Learners,2640013: Integrated Day Charter School District,0.8941361668634391,0.9678398058252429,0.9709000000000001,-1.2110998521285037,-1.1374668826957979,-1.0849726206698964,1
4.394449154672439,94.76,4.406719247264253,95.82,4.330733340286331,96.4,Race/Ethnicity: All other races,2640013: Integrated Day Charter School District,0.9146005509641872,0.9690533980582525,0.9640000000000001,-0.6418847888142897,-0.6232904602985309,-0.6720415136526171,1
3.6888794541139363,93.84,3.5553480614894135,94.47,3.5553480614894135,95.87,Race/Ethnicity: Black or African American,2640013: Integrated Day Charter School District,0.8783943329397874,0.9554004854368933,0.9587000000000001,-0.9608961286299181,-1.0044034114105769,-1.0164937089312363,1
4.127134385045092,91.89,4.04305126783455,93.55,4.04305126783455,95.14,Race/Ethnicity: Hispanic/Latino of any race,2640013: Integrated Day Charter School District,0.8016528925619832,0.9460962783171522,0.9514,-0.7627466154259264,-0.7860849959619257,-0.7998395569067658,1
4.927253685157205,93.15,4.990432586778736,96.03,5.0369526024136295,96.19,Race/Ethnicity: White,2640013: Integrated Day Charter School District,0.8512396694214877,0.9711771844660195,0.9619,-0.40098628226668764,-0.36199348767034767,-0.3583151870898621,1
4.882801922586371,94.06,5.0238805208462765,95.87,4.990432586778736,96.2,High Needs: Students Without High Needs,2640013: Integrated Day Charter School District,0.887052341597796,0.9695590614886733,0.9620000000000001,-0.4210843906798795,-0.34702065199764404,-0.3789809411969008,1
5.231108616854587,92.95,5.117993812416755,94.92,5.153291594497779,95.86,High Needs: Students With High Needs,2640013: Integrated Day Charter School District,0.8433687524596616,0.9599514563106798,0.9586,-0.26360344284821585,-0.304891208473372,-0.3066334975921396,1
5.60947179518496,92.7,5.6240175061873385,95.92,5.605802066295998,95.12,: All Students,2650013: Interdistrict School for Arts and Comm District,0.833530106257379,0.970064724919094,0.9512,-0.09253296694692857,-0.07837169913619742,-0.10561314079699366,1
3.9318256327243257,90.43,3.9889840465642745,95.75,3.8918202981106265,93.91,Students With Disabilities: Students With Disabilities,2650013: Interdistrict School for Arts and Comm District,0.7441951987406537,0.9683454692556636,0.9390999999999999,-0.8510521459869006,-0.8102879741705309,-0.8670214353096487,1
5.093750200806762,91.21,5.159055299214529,95.12,5.1298987149230735,94.66,Free/Reduced Lunch: Free Meal Eligible,2650013: Interdistrict School for Arts and Comm District,0.7748917748917745,0.9619741100323627,0.9466,-0.3257077144796133,-0.28651019597022326,-0.3170254007449801,1
3.4339872044851463,94.27,3.295836866004329,95.65,3.091042453358316,95.4,Free/Reduced Lunch: Reduced Price Meal Eligible,2650013: Interdistrict School for Arts and Comm District,0.8953168044077131,0.9673341423948222,0.9540000000000001,-1.0761413241057658,-1.1205725738281693,-1.2227538616247189,1
5.262690188904886,91.68,5.298317366548036,95.19,5.247024072160486,94.74,Free/Reduced Lunch: Free/Reduced Price Meal Eligible,2650013: Interdistrict School for Arts and Comm District,0.7933884297520661,0.9626820388349515,0.9474,-0.24932437218336911,-0.22417008116925807,-0.26499438142279624,1
4.04305126783455,92.45,4.007333185232471,95.78,3.970291913552122,95.11,English Learners: English Learners,2650013: Interdistrict School for Arts and Comm District,0.8236914600550964,0.968648867313916,0.9511000000000001,-0.8007633667914922,-0.8020740546662712,-0.8321617069332964,1
3.7612001156935624,94.99,3.912023005428146,95.85,0.0,0.0,Race/Ethnicity: Black or African American,2650013: Interdistrict School for Arts and Comm District,0.9236521054702869,0.9693567961165049,0.0,-0.9281975715226516,-0.8447392804845345,-2.595898784379362,1
5.198497031265826,92.51,5.159055299214529,95.83,5.1298987149230735,95.29,Race/Ethnicity: Hispanic/Latino of any race,2650013: Interdistrict School for Arts and Comm District,0.8260527351436444,0.9691545307443367,0.9529000000000001,-0.27834821661606274,-0.28651019597022326,-0.3170254007449801,1
4.204692619390966,95.16,4.143134726391533,97.8,4.219507705176107,96.01,High Needs: Students Without High Needs,2650013: Interdistrict School for Arts and Comm District,0.9303423848878389,0.9890776699029127,0.9601000000000001,-0.7276799788727595,-0.7412830307492584,-0.7214516781638906,1
5.332718793265369,91.92,5.3706380281276624,95.37,5.3230099791384085,94.82,High Needs: Students With High Needs,2650013: Interdistrict School for Arts and Comm District,0.8028335301062572,0.9645024271844662,0.9481999999999999,-0.21766212976455088,-0.19179602244902763,-0.2312388882705495,1
5.356586274672012,83.21,5.4510384535657,78.54,5.375278407684165,93.65,: All Students,2680013: Common Ground High School District,0.46005509641873266,0.7942961165048545,0.9365000000000001,-0.20687085398338992,-0.15580508932686968,-0.20801949599077285,1
3.970291913552122,80.69,4.02535169073515,74.98,3.9889840465642745,94.07,Students With Disabilities: Students With Disabilities,2680013: Common Ground High School District,0.3608815426997247,0.7582928802588998,0.9407,-0.8336602713430686,-0.7940081417936097,-0.8238580333576697,1
4.812184355372417,79.64,4.948759890378168,74.76,4.897839799950911,93.24,Free/Reduced Lunch: Free Meal Eligible,2680013: Common Ground High School District,0.31955922865013786,0.7560679611650487,0.9324,-0.4530129226358455,-0.380648105739859,-0.420113768401585,1
4.919980925828125,79.78,5.030437921392435,74.67,4.962844630259907,93.18,Free/Reduced Lunch: Free/Reduced Price Meal Eligible,2680013: Common Ground High School District,0.32506887052341593,0.7551577669902914,0.9318000000000001,-0.40427453670262775,-0.3440852575239682,-0.3912364384909765,1
4.248495242049359,83.4,4.330733340286331,78.05,4.406719247264253,93.27,Race/Ethnicity: Black or African American,2680013: Common Ground High School District,0.4675324675324677,0.7893406148867315,0.9327,-0.7078753680304407,-0.6573052516552824,-0.6382860205003703,1
4.48863636973214,80.38,4.584967478670572,73.69,4.477336814478207,93.94,Race/Ethnicity: Hispanic/Latino of any race,2680013: Common Ground High School District,0.34868162140889414,0.7452467637540454,0.9394,-0.5992996414561848,-0.5434983430213423,-0.606915324257822,1
4.060443010546419,89.19,4.110873864173311,87.55,3.9889840465642745,94.67,High Needs: Students Without High Needs,2680013: Common Ground High School District,0.6953955135773318,0.8854166666666667,0.9467,-0.7928999861221547,-0.755724478393761,-0.8238580333576697,1
5.043425116919247,81.02,5.153291594497779,75.4,5.093750200806762,93.32,High Needs: Students With High Needs,2680013: Common Ground High School District,0.3738685556867374,0.7625404530744339,0.9331999999999999,-0.3484613452330063,-0.2890902956384306,-0.3330837853750611,1
5.594711379601839,93.87,5.58724865840025,93.43,5.598421958998375,94.14,: All Students,2690013: The Bridge Academy District,0.8795749704840614,0.9448826860841426,0.9414,-0.09920663780847427,-0.09483112872844236,-0.10889163244440049,1
3.9512437185814275,92.55,4.060443010546419,88.14,4.060443010546419,92.23,Students With Disabilities: Students With Disabilities,2690013: The Bridge Academy District,0.8276269185360094,0.8913834951456312,0.9223,-0.8422725887283823,-0.7782996509788567,-0.792113560398141,1
5.043425116919247,93.0,5.159055299214529,92.14,5.159055299214529,93.5,Free/Reduced Lunch: Free Meal Eligible,2690013: The Bridge Academy District,0.8453364817001181,0.9318365695792882,0.935,-0.3484613452330063,-0.28651019597022326,-0.3040730662853928,1
3.58351893845611,93.43,3.5263605246161616,95.34,3.6888794541139363,94.65,Free/Reduced Lunch: Reduced Price Meal Eligible,2690013: The Bridge Academy District,0.8622589531680442,0.9641990291262138,0.9465000000000001,-1.0085330938185642,-1.0173795678835962,-0.9571745774157477,1
5.247024072160486,93.08,5.332718793265369,92.66,5.3612921657094255,93.71,Free/Reduced Lunch: Free/Reduced Price Meal Eligible,2690013: The Bridge Academy District,0.8484848484848482,0.9370954692556636,0.9370999999999999,-0.2564075404208699,-0.20877041827512913,-0.21423265464058894,1
4.997212273764115,94.23,5.049856007249537,92.87,4.997212273764115,94.14,Race/Ethnicity: Black or African American,2690013: The Bridge Academy District,0.8937426210153485,0.9392192556634306,0.9414,-0.3693556962800235,-0.33539282802952636,-0.37596917642747035,1
4.770684624465665,93.47,4.68213122712422,94.14,4.7535901911063645,94.03,Race/Ethnicity: Hispanic/Latino of any race,2690013: The Bridge Academy District,0.8638331365604093,0.9520631067961166,0.9403,-0.47177632014011983,-0.5000033745128926,-0.48419429171469247,1
4.174387269895637,96.27,3.9512437185814275,97.63,3.8918202981106265,96.81,High Needs: Students Without High Needs,2690013: The Bridge Academy District,0.9740259740259738,0.9873584142394822,0.9681000000000001,-0.7413820272153019,-0.8271822830381594,-0.8670214353096487,1
5.3230099791384085,93.12,5.375278407684165,92.43,5.402677381872279,93.56,High Needs: Students With High Needs,2690013: The Bridge Academy District,0.8500590318772137,0.9347694174757284,0.9356,-0.22205180494506227,-0.1897187748552542,-0.19584795099817065,1
5.356586274672012,94.59,5.2832037287379885,93.66,5.267858159063328,96.35,: All Students,2700013: Side By Side Charter School District,0.9079102715466352,0.9472087378640778,0.9634999999999999,-0.20687085398338992,-0.23093564148427356,-0.25573917995515394,1
3.1780538303479458,93.74,3.044522437723423,92.66,3.091042453358316,96.3,Students With Disabilities: Students With Disabilities,2700013: Side By Side Charter School District,0.8744588744588739,0.9370954692556636,0.963,-1.1918572463207011,-1.2330724857578916,-1.2227538616247189,1
4.564348191467836,94.56,4.442651256490317,91.44,4.553876891600541,96.62,Free/Reduced Lunch: Free Meal Eligible,2700013: Side By Side Charter School District,0.9067296340023612,0.9247572815533982,0.9662000000000001,-0.5650678289610224,-0.6072056381852864,-0.5729136501062447,1
3.1354942159291497,92.32,3.5553480614894135,93.82,3.2188758248682006,96.42,Free/Reduced Lunch: Reduced Price Meal Eligible,2700013: Side By Side Charter School District,0.8185753640299089,0.948826860841424,0.9642000000000001,-1.2110998521285037,-1.0044034114105769,-1.165965982552824,1
4.770684624465665,94.13,4.77912349311153,92.13,4.77912349311153,96.58,Free/Reduced Lunch: Free/Reduced Price Meal Eligible,2700013: Side By Side Charter School District,0.889807162534435,0.9317354368932039,0.9658,-0.47177632014011983,-0.4565851694536903,-0.47285154099593063,1
3.4965075614664802,95.53,3.367295829986474,88.1,3.091042453358316,96.77,English Learners: English Learners,2700013: Side By Side Charter School District,0.9449035812672175,0.8909789644012945,0.9677,-1.0478738080395582,-1.0885842506364947,-1.2227538616247189,1
4.0943445622221,94.72,3.970291913552122,93.26,4.060443010546419,96.56,Race/Ethnicity: Black or African American,2700013: Side By Side Charter School District,0.9130263675718218,0.9431634304207122,0.9656,-0.7775719761277812,-0.818655433739129,-0.792113560398141,1
4.762173934797756,94.54,4.709530201312334,93.6,4.653960350157523,96.34,Race/Ethnicity: Hispanic/Latino of any race,2700013: Side By Side Charter School District,0.9059425423061787,0.9466019417475728,0.9634,-0.4756242837241081,-0.48773833185612064,-0.5284532148184884,1
4.394449154672439,94.98,4.23410650459726,96.36,4.189654742026425,95.69,High Needs: Students Without High Needs,2700013: Side By Side Charter School District,0.9232585596221958,0.9745145631067962,0.9569,-0.6418847888142897,-0.700559873283762,-0.7347133675119711,1
4.882801922586371,94.33,4.859812404361672,92.23,4.859812404361672,96.69,High Needs: Students With High Needs,2700013: Side By Side Charter School District,0.8976780794962611,0.9327467637540454,0.9669,-0.4210843906798795,-0.42046509679634236,-0.4370068153159727,1
4.477336814478207,86.12,4.406719247264253,87.43,4.442651256490317,90.85,: All Students,2720013: Explorations District,0.5745769382133021,0.8842030744336571,0.9085,-0.6044085431820163,-0.6232904602985309,-0.6223238146175182,1
3.2188758248682006,81.43,3.4011973816621555,85.93,3.4011973816621555,89.23,Students With Disabilities: Students With Disabilities,2720013: Explorations District,0.39000393545848144,0.8690331715210358,0.8923000000000001,-1.173400275796677,-1.0734083548318494,-1.0849726206698964,1
3.8918202981106265,84.18,3.912023005428146,85.57,3.9889840465642745,91.16,Free/Reduced Lunch: Free Meal Eligible,2720013: Explorations District,0.49822904368358945,0.8653923948220065,0.9116,-0.8691398776238837,-0.8447392804845345,-0.8238580333576697,1
4.060443010546419,84.89,4.04305126783455,86.69,4.110873864173311,91.89,Free/Reduced Lunch: Free/Reduced Price Meal Eligible,2720013: Explorations District,0.5261707988980717,0.8767192556634306,0.9189,-0.7928999861221547,-0.7860849959619257,-0.7697104806433763,1
4.30406509320417,87.41,4.189654742026425,88.62,4.248495242049359,92.15,Race/Ethnicity: White,2720013: Explorations District,0.6253443526170797,0.89623786407767,0.9215000000000001,-0.6827504049598626,-0.7204585293559481,-0.7085744402477876,1
3.2188758248682006,90.43,0.0,0.0,0.0,0.0,High Needs: Students Without High Needs,2720013: Explorations District,0.7441951987406537,0.0,0.0,-1.173400275796677,-2.595940938854069,-2.595898784379362,1
4.143134726391533,84.53,0.0,0.0,0.0,0.0,High Needs: Students With High Needs,2720013: Explorations District,0.5120031483667846,0.0,0.0,-0.7555123332190867,-2.595940938854069,-2.595898784379362,1
6.9975959829819265,88.32,7.023758954738443,93.73,6.984716320118266,95.81,: All Students,2790013: Amistad Academy District,0.661157024793388,0.9479166666666669,0.9581000000000001,0.5350837754231955,0.5482170357945668,0.5069469049224964,0
4.59511985013459,86.64,4.605170185988092,92.11,4.430816798843313,93.74,Students With Disabilities: Students With Disabilities,2790013: Amistad Academy District,0.5950413223140494,0.9315331715210358,0.9374,-0.5511549468575818,-0.5344546808268961,-0.6275810783648608,1
6.46302945692067,87.1,6.541029999189903,91.81,6.577861357721047,95.34,Free/Reduced Lunch: Free Meal Eligible,2790013: Amistad Academy District,0.6131444313262491,0.9284991909385115,0.9534,0.29338861254361026,0.33212532408259104,0.32620825951622096,0
4.276666119016055,90.67,4.812184355372417,96.36,4.477336814478207,96.26,Free/Reduced Lunch: Reduced Price Meal Eligible,2790013: Amistad Academy District,0.7536402990948448,0.9745145631067962,0.9626000000000001,-0.6951383851387246,-0.4417856049475362,-0.606915324257822,1
6.568077911411976,87.46,6.703188113240863,92.49,6.692083742506628,95.44,Free/Reduced Lunch: Free/Reduced Price Meal Eligible,2790013: Amistad Academy District,0.6273120818575362,0.9353762135922331,0.9544,0.3408844845833336,0.4047147638302844,0.3769496809298421,0
4.890349128221754,90.76,4.653960350157523,94.73,4.6913478822291435,96.98,English Learners: English Learners,2790013: Amistad Academy District,0.7571822117276663,0.9580299352750811,0.9698000000000001,-0.4176720500143126,-0.5126139564019437,-0.5118444167792721,1
6.48768401848461,87.93,6.542471960506805,93.08,6.513230110912307,95.73,Race/Ethnicity: Black or African American,2790013: Amistad Academy District,0.6458087367178278,0.9413430420711976,0.9573,0.30453575323127546,0.33277081237495504,0.2974968879495504,0
5.981414211254481,88.99,5.978885764901122,94.91,5.910796644040527,96.17,Race/Ethnicity: Hispanic/Latino of any race,2790013: Amistad Academy District,0.6875245966155052,0.9598503236245955,0.9617,0.0756344705020971,0.08048367627953924,0.029875699041677074,0
5.707110264748875,89.79,5.568344503761097,97.02,5.484796933490655,96.83,High Needs: Students Without High Needs,2790013: Amistad Academy District,0.71900826446281,0.9811893203883496,0.9683,-0.04838739356349562,-0.10329349894155819,-0.159367686794375,1
6.672032945461067,87.75,6.7580945044277305,92.73,6.733401891837359,95.51,High Needs: Students With High Needs,2790013: Amistad Academy District,0.6387249114521842,0.9378033980582526,0.9551000000000001,0.38788598516694645,0.4292933931400079,0.395304591231857,0
5.966146739123692,91.02,6.066108090103747,80.44,6.037870919922137,94.68,: All Students,2800013: New Beginnings Inc Family Academy District,0.7674144037780399,0.8135113268608415,0.9468000000000001,0.06873154264651421,0.11952840590657465,0.08632636232841935,0
3.4339872044851463,90.77,3.784189633918261,80.68,3.912023005428146,94.46,Students With Disabilities: Students With Disabilities,2800013: New Beginnings Inc Family Academy District,0.7575757575757573,0.815938511326861,0.9446,-1.0761413241057658,-0.9019633847069429,-0.8580467138693754,1
5.82600010738045,91.2,5.736572297479192,80.21,5.823045895483019,94.66,Free/Reduced Lunch: Free Meal Eligible,2800013: New Beginnings Inc Family Academy District,0.7744982290436835,0.8111852750809062,0.9466,0.0053666267102577,-0.027986991046742075,-0.00910613206153162,1
5.846438775057725,91.16,5.8289456176102075,80.04,5.924255797414532,94.61,Free/Reduced Lunch: Free/Reduced Price Meal Eligible,2800013: New Beginnings Inc Family Academy District,0.772924045651318,0.8094660194174759,0.9461,0.014607622680765897,0.01336356112999028,0.035854707223855815,0
5.375278407684165,91.82,5.568344503761097,80.9,5.54907608489522,95.0,Race/Ethnicity: Black or African American,2800013: New Beginnings Inc Family Academy District,0.7988980716253442,0.8181634304207122,0.9500000000000001,-0.19841952395674795,-0.10329349894155819,-0.13081272783732176,1
5.087596335232384,89.82,5.062595033026967,79.36,4.948759890378168,94.06,Race/Ethnicity: Hispanic/Latino of any race,2800013: New Beginnings Inc Family Academy District,0.7201889020070835,0.8025889967637542,0.9406,-0.3284900801344506,-0.3296902534187705,-0.39749335322080054,1
3.6888794541139363,89.44,4.418840607796598,81.68,3.713572066704308,95.44,High Needs: Students Without High Needs,2800013: New Beginnings Inc Family Academy District,0.7052341597796143,0.8260517799352752,0.9544,-0.9608961286299181,-0.61786438109693,-0.9462052891838187,1
5.8522024797744745,91.17,5.855071922202427,80.15,5.937536205082426,94.59,High Needs: Students With High Needs,2800013: New Beginnings Inc Family Academy District,0.7733175914994095,0.8105784789644015,0.9459000000000001,0.017213583739661392,0.02505889826514476,0.041754310557180416,0
5.814130531825066,93.93,5.8289456176102075,92.39,5.869296913133774,95.9,: All Students,2830013: Park City Prep Charter School District,0.8819362455726094,0.9343648867313917,0.9590000000000001,0.0,0.01336356112999028,0.011440124102103166,1
3.367295829986474,95.01,3.4657359027997265,91.32,3.5263605246161616,93.65,Students With Disabilities: Students With Disabilities,2830013: Park City Prep Charter School District,0.9244391971664698,0.9235436893203884,0.9365000000000001,-1.106294694801994,-1.0445179405658773,-1.029370946847339,1
5.389071729816501,93.78,5.407171771460119,91.65,5.493061443340548,95.69,Free/Reduced Lunch: Free Meal Eligible,2830013: Park City Prep Charter School District,0.8760330578512394,0.9268810679611652,0.9569,-0.1921831079507008,-0.1754418364379864,-0.15569631381562235,1
3.58351893845611,95.16,3.6375861597263857,94.55,3.912023005428146,96.17,Free/Reduced Lunch: Reduced Price Meal Eligible,2830013: Park City Prep Charter School District,0.9303423848878389,0.9562095469255665,0.9617,-1.0085330938185642,-0.9675898513129207,-0.8580467138693754,1
5.537334267018537,93.97,5.560681631015528,92.07,5.676753802268282,95.77,Free/Reduced Lunch: Free/Reduced Price Meal Eligible,2830013: Park City Prep Charter School District,0.8835104289649744,0.9311286407766991,0.9577,-0.12514872339613875,-0.1067237536822116,-0.07409399556328182,1
3.367295829986474,94.84,3.4011973816621555,94.21,3.332204510175204,96.01,English Learners: English Learners,2830013: Park City Prep Charter School District,0.9177489177489178,0.9527710355987056,0.9601000000000001,-1.106294694801994,-1.0734083548318494,-1.1156215724776086,1
5.062595033026967,94.59,5.056245805348308,92.69,5.030437921392435,96.37,Race/Ethnicity: Black or African American,2830013: Park City Prep Charter School District,0.9079102715466352,0.937398867313916,0.9637000000000001,-0.3397939937058131,-0.3325324601299288,-0.3612092273052916,1
4.990432586778736,93.1,5.043425116919247,91.69,5.159055299214529,95.38,Race/Ethnicity: Hispanic/Latino of any race,2830013: Park City Prep Charter School District,0.8492719401810307,0.9272855987055018,0.9538,-0.3724210164419072,-0.3382715907043804,-0.3040730662853928,1
4.1588830833596715,93.27,4.174387269895637,93.05,4.02535169073515,96.49,High Needs: Students Without High Needs,2830013: Park City Prep Charter School District,0.8559622195985828,0.941039644012945,0.9649,-0.7483919814631596,-0.7272929529974883,-0.80770230379416,1
5.602118820879701,94.07,5.62040086571715,92.24,5.700443573390687,95.79,High Needs: Students With High Needs,2830013: Park City Prep Charter School District,0.887445887445887,0.9328478964401296,0.9579000000000001,-0.09585748922005582,-0.07999067396848578,-0.06357020320882614,1
6.970730078143525,87.28,7.02108396428914,94.13,6.9874902470009905,95.98,: All Students,2850013: Achievement First Bridgeport Academy District,0.6202282565918931,0.9519619741100325,0.9598000000000001,0.5229368134843914,0.5470195868776146,0.5081791764530824,0
4.574710978503383,85.03,4.663439094112067,92.36,4.68213122712422,95.19,Students With Disabilities: Students With Disabilities,2850013: Achievement First Bridgeport Academy District,0.5316804407713498,0.9340614886731393,0.9519,-0.5603824710526301,-0.5083708340814908,-0.5159387646742213,1
6.251903883165888,85.83,6.505784060128229,92.86,6.52795791762255,95.58,Free/Reduced Lunch: Free Meal Eligible,2850013: Achievement First Bridgeport Academy District,0.5631641086186541,0.9391181229773464,0.9558,0.1979317751829027,0.31634761857064697,0.3040394745728788,0
4.143134726391533,89.26,4.564348191467836,95.62,4.564348191467836,96.72,Free/Reduced Lunch: Reduced Price Meal Eligible,2850013: Achievement First Bridgeport Academy District,0.6981503345139712,0.9670307443365698,0.9672000000000001,-0.7555123332190867,-0.5527284855572442,-0.5682619468493723,1
6.364750756851911,86.2,6.638567789166521,93.21,6.658011045870748,95.72,Free/Reduced Lunch: Free/Reduced Price Meal Eligible,2850013: Achievement First Bridgeport Academy District,0.5777253049980322,0.9426577669902914,0.9572,0.2489535698264187,0.3757877308025275,0.36181344417602945,0
4.927253685157205,89.07,4.859812404361672,93.84,4.983606621708336,96.19,English Learners: English Learners,2850013: Achievement First Bridgeport Academy District,0.6906729634002358,0.9490291262135924,0.9619,-0.40098628226668764,-0.42046509679634236,-0.38201326424673027,1
6.3473892096560105,88.16,6.39024066706535,94.45,6.369900982828227,96.22,Race/Ethnicity: Black or African American,2850013: Achievement First Bridgeport Academy District,0.6548602912239274,0.9551982200647251,0.9622,0.24110384154606262,0.26462507469383467,0.23382527312016663,0
6.126869184114185,86.22,6.212606095751519,93.71,6.161207321695077,95.64,Race/Ethnicity: Hispanic/Latino of any race,2850013: Achievement First Bridgeport Academy District,0.5785123966942147,0.9477144012944985,0.9564,0.14139946259017908,0.18510765993504863,0.14111653633632917,0
5.978885764901122,88.53,5.680172609017068,96.38,5.497168225293202,96.7,High Needs: Students Without High Needs,2850013: Achievement First Bridgeport Academy District,0.669421487603306,0.9747168284789645,0.9670000000000001,0.07449127648710696,-0.05323408898797417,-0.1538719432764794,1
6.4967749901858625,86.65,6.715383386334681,93.36,6.733401891837359,95.77,High Needs: Students With High Needs,2850013: Achievement First Bridgeport Academy District,0.5954348681621413,0.9441747572815535,0.9577,0.3086460814672341,0.41017392969830974,0.395304591231857,0
6.0063531596017325,88.07,5.905361848054571,94.55,5.918893854273146,94.76,: All Students,2860013: Highville Charter School District,0.6513183785911054,0.9562095469255665,0.9476000000000001,0.08691019183700148,0.0475709850880893,0.03347275190884745,0
3.5553480614894135,87.84,3.1354942159291497,95.13,3.2188758248682006,94.13,Students With Disabilities: Students With Disabilities,2860013: Highville Charter School District,0.6422668240850058,0.9620752427184467,0.9413,-1.0212700767102803,-1.1923493282923954,-1.165965982552824,1
5.53338948872752,86.9,5.351858133476067,93.26,5.3471075307174685,94.04,Free/Reduced Lunch: Free Meal Eligible,2860013: Highville Charter School District,0.6052735143644234,0.9431634304207122,0.9404000000000001,-0.12693228780784263,-0.20020276816914398,-0.2205339461350399,1
3.8501476017100584,89.21,3.4011973816621555,93.45,3.8501476017100584,97.45,Free/Reduced Lunch: Reduced Price Meal Eligible,2860013: Highville Charter School District,0.6961826052735143,0.9450849514563109,0.9745,-0.887981478534399,-1.0734083548318494,-0.8855338473335487,1
5.700443573390687,87.25,5.480638923341991,93.29,5.545177444479562,94.67,Free/Reduced Lunch: Free/Reduced Price Meal Eligible,2860013: Highville Charter School District,0.6190476190476191,0.9434668284789646,0.9467,-0.05140162467436892,-0.14255455585893448,-0.13254463491177498,1
5.846438775057725,88.11,5.805134968916488,94.46,5.831882477283517,94.82,Race/Ethnicity: Black or African American,2860013: Highville Charter School District,0.6528925619834709,0.9552993527508091,0.9481999999999999,0.014607622680765897,0.002704818218346253,-0.005180625499602354,1
3.8501476017100584,88.71,3.295836866004329,95.71,0.0,0.0,Race/Ethnicity: Hispanic/Latino of any race,2860013: Highville Charter School District,0.6765053128689491,0.9679409385113269,0.0,-0.887981478534399,-1.1205725738281693,-2.595898784379362,1
4.553876891600541,90.09,4.795790545596741,96.94,4.672828834461906,95.01,High Needs: Students Without High Needs,2860013: Highville Charter School District,0.7308146399055491,0.9803802588996765,0.9501000000000001,-0.5698022491007093,-0.4491242291903699,-0.5200712000731104,1
5.730099782973574,87.41,5.5093883366279774,93.39,5.583496308781699,94.66,High Needs: Students With High Needs,2860013: Highville Charter School District,0.6253443526170797,0.944478155339806,0.9466,-0.03799307390270001,-0.12968499446992618,-0.11552210780120868,1
6.993932975223189,88.27,7.049254841255837,90.51,7.034387929915503,95.89,: All Students,2880013: Achievement First Hartford Academy District,0.6591892955529319,0.915351941747573,0.9589,0.5334276087653235,0.5596301687666658,0.5290127030560752,0
4.6443908991413725,86.41,4.727387818712341,89.97,4.74493212836325,95.06,Students With Disabilities: Students With Disabilities,2880013: Achievement First Hartford Academy District,0.5859897678079493,0.9098907766990292,0.9506,-0.5288778800485431,-0.4797444399076253,-0.48804049411274814,1
6.532334292222349,87.12,6.705639094860003,89.09,6.759255270663693,95.52,Free/Reduced Lunch: Free Meal Eligible,2880013: Achievement First Hartford Academy District,0.6139315230224325,0.9009911003236247,0.9551999999999999,0.32472361509231584,0.40581193607853444,0.4067895308297788,0
4.143134726391533,91.72,4.477336814478207,93.4,4.0943445622221,97.71,Free/Reduced Lunch: Reduced Price Meal Eligible,2880013: Achievement First Hartford Academy District,0.7949626131444312,0.9445792880258902,0.9771,-0.7555123332190867,-0.5916787850493044,-0.7770533519864483,1
6.618738983517219,87.5,6.806829360392176,89.51,6.825460036255307,95.66,Free/Reduced Lunch: Free/Reduced Price Meal Eligible,2880013: Achievement First Hartford Academy District,0.6288862652499017,0.9052386731391587,0.9566,0.3637900266949025,0.4511093590652894,0.4361999123130602,0
3.9318256327243257,87.81,4.248495242049359,89.45,4.204692619390966,95.38,English Learners: English Learners,2880013: Achievement First Hartford Academy District,0.6410861865407322,0.9046318770226539,0.9538,-0.8510521459869006,-0.6941188117529383,-0.7280330370850334,1
6.679599185844383,88.92,6.723832440821209,91.36,6.71174039505618,96.36,Race/Ethnicity: Black or African American,2880013: Achievement First Hartford Academy District,0.6847697756788667,0.923948220064725,0.9636,0.391306932070049,0.4139561155923937,0.3856818264936934,0
5.5909869805108565,86.31,5.680172609017068,88.4,5.655991810819852,94.61,Race/Ethnicity: Hispanic/Latino of any race,2880013: Achievement First Hartford Academy District,0.5820543093270367,0.8940129449838189,0.9461,-0.1008905615130806,-0.05323408898797417,-0.08331716980752805,1
5.717027701406222,89.96,5.384495062789089,93.94,5.25227342804663,96.69,High Needs: Students Without High Needs,2880013: Achievement First Hartford Academy District,0.7256985438803616,0.9500404530744337,0.9669,-0.04390339325411103,-0.18559297557391904,-0.2626624411497149,1
6.663132695990803,87.63,6.839476438228843,89.71,6.851184927493743,95.72,High Needs: Students With High Needs,2880013: Achievement First Hartford Academy District,0.6340023612750882,0.9072613268608415,0.9572,0.3838618887439354,0.4657236946070695,0.4476277734070079,0
6.626717749249025,86.75,6.630683385642372,93.54,6.60934924316738,95.62,: All Students,2890013: Elm City College Preparatory School District,0.5993703266430539,0.9459951456310681,0.9562,0.3673974899181157,0.37225830868318255,0.3401962362850086,0
4.2626798770413155,83.07,4.248495242049359,89.56,4.31748811353631,92.94,Students With Disabilities: Students With Disabilities,2890013: Elm City College Preparatory School District,0.45454545454545414,0.9057443365695794,0.9294,-0.7014620265703444,-0.6941188117529383,-0.6779254884400759,1
6.111467339502679,85.62,6.208590026096629,92.09,6.2166061010848646,95.05,Free/Reduced Lunch: Free Meal Eligible,2890013: Elm City College Preparatory School District,0.554899645808737,0.9313309061488675,0.9505,0.13443578050283936,0.18330988220469988,0.1657265356468347,0
3.7376696182833684,88.6,4.290459441148391,96.76,3.8066624897703196,97.0,Free/Reduced Lunch: Reduced Price Meal Eligible,2890013: Elm City College Preparatory School District,0.6721763085399446,0.978559870550162,0.97,-0.9388364857212238,-0.6753337036509652,-0.904851395240597,1
6.198478716492308,85.88,6.343880434126331,92.68,6.300785794663244,95.21,Free/Reduced Lunch: Free/Reduced Price Meal Eligible,2890013: Elm City College Preparatory School District,0.5651318378591106,0.937297734627832,0.9521,0.17377649472383336,0.24387209939370016,0.2031219841339972,0
4.1588830833596715,91.15,3.828641396489095,96.07,4.007333185232471,97.17,English Learners: English Learners,2890013: Elm City College Preparatory School District,0.7725304998032274,0.9715817152103561,0.9717,-0.7483919814631596,-0.882064728634757,-0.8157067293948981,1
6.208590026096629,85.92,6.218600119691729,92.46,6.2285110035911835,95.29,Race/Ethnicity: Black or African American,2890013: Elm City College Preparatory School District,0.5667060212514761,0.9350728155339806,0.9529000000000001,0.17834815138881177,0.18779086109461182,0.17101509336776805,0
5.442417710521793,88.25,5.41610040220442,95.94,5.318119993844216,96.19,Race/Ethnicity: Hispanic/Latino of any race,2890013: Elm City College Preparatory School District,0.6584022038567494,0.9702669902912623,0.9619,-0.16806363008040226,-0.17144497012490642,-0.23341118405114283,1
5.424950017481403,88.01,5.1298987149230735,96.24,5.159055299214529,96.7,High Needs: Students Without High Needs,2890013: Elm City College Preparatory School District,0.6489571035025583,0.9733009708737865,0.9670000000000001,-0.17596135039902158,-0.29956202585280345,-0.3040730662853928,1
6.270988431858299,86.21,6.380122536899765,92.78,6.343880434126331,95.29,High Needs: Students With High Needs,2890013: Elm City College Preparatory School District,0.5781188508461232,0.9383090614886733,0.9529000000000001,0.2065605292851883,0.2600957336595448,0.22226607104629043,0
5.765191102784844,91.87,5.771441123130016,91.84,5.66988092298052,94.78,: All Students,2900013: Brass City Charter School District,0.8008658008658012,0.9288025889967639,0.9478,-0.022127130481333013,-0.012378098864770466,-0.07714715948487165,1
3.58351893845611,91.42,3.5263605246161616,89.75,3.295836866004329,95.46,Students With Disabilities: Students With Disabilities,2900013: Brass City Charter School District,0.7831562377016921,0.9076658576051782,0.9546,-1.0085330938185642,-1.0173795678835962,-1.1317773020411181,1
5.111987788356544,91.02,5.135798437050262,90.33,5.187385805840755,94.58,Free/Reduced Lunch: Free/Reduced Price Meal Eligible,2900013: Brass City Charter School District,0.7674144037780399,0.9135315533980584,0.9458,-0.31746189945289766,-0.29692103852764806,-0.29148770328249934,1
3.5553480614894135,93.62,3.4339872044851463,94.84,3.258096538021482,94.93,Race/Ethnicity: All other races,2900013: Brass City Charter School District,0.8697363242817788,0.9591423948220066,0.9493,-1.0212700767102803,-1.0587301200603285,-1.1485428238787228,1
4.61512051684126,91.28,4.672828834461906,90.09,4.634728988229636,94.56,Race/Ethnicity: Black or African American,2900013: Brass City Charter School District,0.777646595828414,0.9111043689320389,0.9456,-0.5421119855764354,-0.5041675538734038,-0.5369964319976133,1
5.087596335232384,91.69,5.062595033026967,92.29,4.919980925828125,94.83,Race/Ethnicity: Hispanic/Latino of any race,2900013: Brass City Charter School District,0.7937819756001572,0.9333535598705504,0.9483,-0.3284900801344506,-0.3296902534187705,-0.4102779363025027,1
3.1780538303479458,93.22,3.332204510175204,92.69,3.295836866004329,95.26,Race/Ethnicity: White,2900013: Brass City Charter School District,0.8539944903581267,0.937398867313916,0.9526000000000001,-1.1918572463207011,-1.1042927414512482,-1.1317773020411181,1
4.890349128221754,92.75,4.890349128221754,93.4,4.634728988229636,94.86,High Needs: Students Without High Needs,2900013: Brass City Charter School District,0.8354978354978355,0.9445792880258902,0.9486,-0.4176720500143126,-0.40679545288301494,-0.5369964319976133,1
5.214935757608986,91.27,5.241747015059643,90.73,5.236441962829949,94.73,High Needs: Students With High Needs,2900013: Brass City Charter School District,0.7772530499803225,0.9175768608414241,0.9473,-0.2709157260889854,-0.24949357574062508,-0.26969530996665175,1
5.308267697401205,94.2,5.159055299214529,93.09,5.0106352940962555,96.05,: All Students,2910013: Elm City Montessori School District,0.8925619834710745,0.9414441747572817,0.9605,-0.22871727689659596,-0.28651019597022326,-0.37000621975662745,1
4.382026634673881,91.96,4.276666119016055,88.9,4.290459441148391,95.41,Free/Reduced Lunch: Free/Reduced Price Meal Eligible,2910013: Elm City Montessori School District,0.8044077134986223,0.8990695792880261,0.9541,-0.6475014199500789,-0.6815082298638876,-0.6899325329301788,1
3.1780538303479458,94.41,0.0,0.0,0.0,0.0,Race/Ethnicity: All other races,2910013: Elm City Montessori School District,0.9008264462809916,0.0,0.0,-1.1918572463207011,-2.595940938854069,-2.595898784379362,1
4.110873864173311,93.09,4.127134385045092,90.88,3.970291913552122,95.96,Race/Ethnicity: Black or African American,2910013: Elm City Montessori School District,0.8488783943329397,0.9190938511326862,0.9596,-0.7700985333800286,-0.7484455204026902,-0.8321617069332964,1
3.9889840465642745,94.29,0.0,0.0,0.0,0.0,Race/Ethnicity: Hispanic/Latino of any race,2910013: Elm City Montessori School District,0.8961038961038961,0.0,0.0,-0.8252089413164269,-2.595940938854069,-2.595898784379362,1
4.189654742026425,95.08,4.007333185232471,96.11,3.9512437185814275,96.61,Race/Ethnicity: White,2910013: Elm City Montessori School District,0.9271940181031089,0.9719862459546926,0.9661000000000001,-0.734479099359719,-0.8020740546662712,-0.8406235551952742,1
4.727387818712341,95.66,4.553876891600541,96.01,4.2626798770413155,96.8,High Needs: Students Without High Needs,2910013: Elm City Montessori School District,0.9500196772924041,0.9709749190938514,0.968,-0.49135223447171855,-0.557415921614611,-0.702273148753337,1
4.48863636973214,92.28,4.382026634673881,89.59,4.382026634673881,95.4,High Needs: Students With High Needs,2910013: Elm City Montessori School District,0.8170011806375443,0.9060477346278318,0.9540000000000001,-0.5992996414561848,-0.6343440108675679,-0.6492553087322995,1
6.359573868672378,91.18,6.466144724237619,96.53,6.2324480165505225,94.56,: All Students,2940013: Great Oaks Charter School District,0.773711137347501,0.9762338187702266,0.9456,0.2466129278842813,0.2986032263081312,0.17276404681551577,0
4.584967478670572,88.16,4.74493212836325,96.29,4.51085950651685,94.16,Students With Disabilities: Students With Disabilities,2940013: Great Oaks Charter School District,0.6548602912239274,0.9738066343042073,0.9416,-0.555745168944044,-0.4718907989364473,-0.5920234180273145,1
5.673323267171493,89.88,0.0,0.0,5.855071922202427,94.07,Free/Reduced Lunch: Free Meal Eligible,2940013: Great Oaks Charter School District,0.7225501770956315,0.0,0.9407,-0.06366360987065336,-2.595940938854069,0.005120905143337867,1
3.871201010907891,91.34,0.0,0.0,3.8501476017100584,94.68,Free/Reduced Lunch: Reduced Price Meal Eligible,2940013: Great Oaks Charter School District,0.780007870916962,0.0,0.9468000000000001,-0.8784625376408616,-2.595940938854069,-0.8855338473335487,1
5.823045895483019,90.09,0.0,0.0,5.978885764901122,94.14,Free/Reduced Lunch: Free/Reduced Price Meal Eligible,2940013: Great Oaks Charter School District,0.7308146399055491,0.0,0.9414,0.0040309300459129,-2.595940938854069,0.06012317445340189,1
4.276666119016055,92.54,4.3694478524670215,96.83,4.204692619390966,93.97,English Learners: English Learners,2940013: Great Oaks Charter School District,0.8272333726879184,0.9792677993527509,0.9397,-0.6951383851387246,-0.6399748530764088,-0.7280330370850334,1
5.564520407322694,91.28,5.726847747587197,96.58,5.4680601411351315,94.78,Race/Ethnicity: Black or African American,2940013: Great Oaks Charter School District,0.777646595828414,0.9767394822006473,0.9478,-0.11285697243804087,-0.03234014742494587,-0.16680273234711926,1
5.659482215759621,91.15,5.697093486505405,96.43,5.459585514144159,94.54,Race/Ethnicity: Hispanic/Latino of any race,2940013: Great Oaks Charter School District,0.7725304998032274,0.9752224919093853,0.9454000000000001,-0.0699216058586656,-0.045659524963803676,-0.17056744642027938,1
5.187385805840755,93.11,4.912654885736052,96.97,4.418840607796598,96.59,High Needs: Students Without High Needs,2940013: Great Oaks Charter School District,0.8496654860291222,0.9806836569579289,0.9659000000000001,-0.28337196821287824,-0.39681036856831947,-0.6329013048508701,1
5.988961416889864,90.35,6.230481447578482,96.41,6.056784013228625,94.16,High Needs: Students With High Needs,2940013: Great Oaks Charter School District,0.7410468319559227,0.9750202265372169,0.9416,0.079046811167664,0.1931094906297766,0.09472819389148054,0
6.194405391104672,91.46,6.1675164908883415,85.98,6.0063531596017325,94.2,: All Students,2950013: Booker T. Washington Academy District,0.7847304210940571,0.8695388349514565,0.9420000000000001,0.1719348099287151,0.16492347627813753,0.07232511413671591,0
3.5553480614894135,91.53,3.6109179126442243,83.23,3.4339872044851463,93.93,Students With Disabilities: Students With Disabilities,2950013: Booker T. Washington Academy District,0.7874852420306966,0.8417273462783172,0.9393000000000001,-1.0212700767102803,-0.9795277868647537,-1.0704062795707971,1
5.652489180268651,90.22,5.602118820879701,83.45,5.402677381872279,93.48,Free/Reduced Lunch: Free Meal Eligible,2950013: Booker T. Washington Academy District,0.7359307359307357,0.8439522653721684,0.9348000000000001,-0.07308338791873269,-0.08817455918421759,-0.19584795099817065,1
4.663439094112067,92.96,4.700480365792417,87.72,4.605170185988092,94.39,Free/Reduced Lunch: Reduced Price Meal Eligible,2950013: Booker T. Washington Academy District,0.8437622983077526,0.8871359223300972,0.9439000000000001,-0.5202655626632294,-0.49178945500863297,-0.5501274451859267,1
5.966146739123692,90.96,5.940171252720432,84.69,5.771441123130016,93.76,Free/Reduced Lunch: Free/Reduced Price Meal Eligible,2950013: Booker T. Washington Academy District,0.7650531286894919,0.856492718446602,0.9376000000000001,0.06873154264651421,0.06315327770066569,-0.03203070596036223,0
3.258096538021482,86.31,3.1354942159291497,85.27,3.295836866004329,93.36,English Learners: English Learners,2950013: Booker T. Washington Academy District,0.5820543093270367,0.8623584142394822,0.9336,-1.1556672974082218,-1.1923493282923954,-1.1317773020411181,1
6.0112671744041615,92.13,5.993961427306569,86.31,5.834810737062605,94.32,Race/Ethnicity: Black or African American,2950013: Booker T. Washington Academy District,0.8110979929161743,0.8728762135922331,0.9431999999999999,0.0891319800526176,0.08723223705456701,-0.003879794110569668,0
4.248495242049359,87.39,4.143134726391533,84.66,3.9889840465642745,93.4,Race/Ethnicity: Hispanic/Latino of any race,2950013: Booker T. Washington Academy District,0.6245572609208971,0.8561893203883496,0.934,-0.7078753680304407,-0.7412830307492584,-0.8238580333576697,1
4.477336814478207,94.21,4.477336814478207,91.34,4.31748811353631,95.91,High Needs: Students Without High Needs,2950013: Booker T. Washington Academy District,0.8929555293191651,0.9237459546925568,0.9591,-0.6044085431820163,-0.5916787850493044,-0.6779254884400759,1
5.993961427306569,90.86,5.966146739123692,84.78,5.805134968916488,93.81,High Needs: Students With High Needs,2950013: Booker T. Washington Academy District,0.7611176702085793,0.8574029126213594,0.9381,0.08130748083766651,0.0747811016687834,-0.01706276748397365,0
6.059123195581797,93.08,5.950642552587727,97.39,5.808142489980444,96.22,: All Students,2960013: Stamford Charter School for Excellence District,0.8484848484848482,0.9849312297734629,0.9622,0.11076926609542526,0.06784071375803247,-0.01572672556887099,0
3.4965075614664802,92.46,3.332204510175204,97.24,3.1780538303479458,95.18,Students With Disabilities: Students With Disabilities,2960013: Stamford Charter School for Excellence District,0.8240850059031875,0.9834142394822007,0.9518000000000001,-1.0478738080395582,-1.1042927414512482,-1.1841004842162688,1
5.14166355650266,92.89,5.262690188904886,96.54,0.0,0.0,Free/Reduced Lunch: Free Meal Eligible,2960013: Stamford Charter School for Excellence District,0.8410074773711136,0.9763349514563109,0.0,-0.3040445056095155,-0.2401184466275239,-2.595898784379362,1
3.713572066704308,93.33,3.8066624897703196,97.22,0.0,0.0,Free/Reduced Lunch: Reduced Price Meal Eligible,2960013: Stamford Charter School for Excellence District,0.8583234946871308,0.9832119741100325,0.0,-0.9497317838178218,-0.8919034994808545,-2.595898784379362,1
5.351858133476067,92.97,5.4680601411351315,96.67,5.049856007249537,96.41,Free/Reduced Lunch: Free/Reduced Price Meal Eligible,2960013: Stamford Charter School for Excellence District,0.8441558441558441,0.9776496763754047,0.9641,-0.20900860260916307,-0.1481853980677755,-0.3525830610825263,1
3.9318256327243257,95.01,3.8501476017100584,97.2,3.828641396489095,97.48,English Learners: English Learners,2960013: Stamford Charter School for Excellence District,0.9244391971664698,0.9830097087378642,0.9748000000000001,-0.8510521459869006,-0.8724375607484923,-0.8950876263425689,1
4.882801922586371,92.23,4.77912349311153,98.59,4.543294782270004,96.18,Race/Ethnicity: All other races,2960013: Stamford Charter School for Excellence District,0.8150334513970878,0.99706715210356,0.9618000000000001,-0.4210843906798795,-0.4565851694536903,-0.5776145786501002,1
5.267858159063328,93.86,5.181783550292085,97.05,5.049856007249537,96.27,Race/Ethnicity: Black or African American,2960013: Stamford Charter School for Excellence District,0.8791814246359699,0.981492718446602,0.9627,-0.24698776237279058,-0.2763359840794374,-0.3525830610825263,1
5.267858159063328,92.98,4.941642422609304,98.6,5.075173815233827,95.99,High Needs: Students Without High Needs,2960013: Stamford Charter School for Excellence District,0.8445493900039356,0.997168284789644,0.9599,-0.24698776237279058,-0.3838342120953004,-0.34133604004885104,1
5.4510384535657,93.15,5.497168225293202,96.72,5.159055299214529,96.42,High Needs: Students With High Needs,2960013: Stamford Charter School for Excellence District,0.8512396694214877,0.9781553398058254,0.9642000000000001,-0.16416590773423842,-0.1351552790784843,-0.3040730662853928,1
6.595780513961311,91.02,6.610696044717759,93.99,6.558197802812269,96.32,: All Students,2970013: Capital Preparatory Harbor School District,0.7674144037780399,0.9505461165048544,0.9632,0.35340974516162654,0.36331105440451095,0.3174730476924687,0
4.343805421853684,90.61,4.248495242049359,93.1,4.276666119016055,95.35,Students With Disabilities: Students With Disabilities,2970013: Capital Preparatory Harbor School District,0.7512790240062968,0.9415453074433657,0.9535,-0.6647824912623785,-0.6941188117529383,-0.6960599901035209,1
5.976350909297934,90.67,6.030685260261263,92.98,6.192362489474872,95.8,Free/Reduced Lunch: Free Meal Eligible,2970013: Capital Preparatory Harbor School District,0.7536402990948448,0.9403317152103562,0.958,0.07334518463881459,0.10367151593475533,0.154956708737687,0
4.219507705176107,92.09,4.23410650459726,95.05,3.9889840465642745,98.14,Free/Reduced Lunch: Reduced Price Meal Eligible,2970013: Capital Preparatory Harbor School District,0.8095238095238098,0.9612661812297736,0.9814,-0.7209815898091981,-0.700559873283762,-0.8238580333576697,1
6.133398042996649,90.88,6.182084906716632,93.27,6.295266001439646,96.03,Free/Reduced Lunch: Free/Reduced Price Meal Eligible,2970013: Capital Preparatory Harbor School District,0.7619047619047619,0.9432645631067962,0.9603,0.14435137509140059,0.1714449701249068,0.20066990650840408,0
4.007333185232471,92.22,3.828641396489095,95.24,3.912023005428146,97.33,English Learners: English Learners,2970013: Capital Preparatory Harbor School District,0.8146399055489963,0.9631877022653722,0.9733,-0.8169126903487752,-0.882064728634757,-0.8580467138693754,1
6.19644412779452,91.19,6.248042874508429,93.99,6.212606095751519,96.45,Race/Ethnicity: Black or African American,2970013: Capital Preparatory Harbor School District,0.774104683195592,0.9505461165048544,0.9645,0.172856590048305,0.20097079408335713,0.16394959886988825,0
5.459585514144159,90.73,5.365976015021851,93.94,5.303304908059076,96.06,Race/Ethnicity: Hispanic/Latino of any race,2970013: Capital Preparatory Harbor School District,0.7560015741833923,0.9500404530744337,0.9606,-0.1603014996616395,-0.19388295421576546,-0.23999254297228534,1
5.41610040220442,91.26,5.429345628954441,95.58,5.003946305945459,97.29,High Needs: Students Without High Needs,2970013: Capital Preparatory Harbor School District,0.7768595041322315,0.9666262135922331,0.9729000000000001,-0.17996255343272394,-0.16551579664664906,-0.3729776930560811,1
6.22455842927536,90.92,6.2422232654551655,93.28,6.322565239927284,96.07,High Needs: Students With High Needs,2970013: Capital Preparatory Harbor School District,0.7634789452971269,0.9433656957928804,0.9607,0.1855679932963241,0.19836566905955316,0.21279714555154336,0
4.948759890378168,95.64,5.003946305945459,94.82,5.017279836814924,94.88,: All Students,3360015: Unified School District #1,0.949232585596222,0.9589401294498382,0.9488,-0.39126261735242235,-0.35594412462144204,-0.36705449061157686,1
4.454347296253507,95.29,0.0,0.0,0.0,0.0,Students With Disabilities: Students With Disabilities,3360015: Unified School District #1,0.9354584809130264,0.0,0.0,-0.6148028628428124,-2.595940938854069,-2.595898784379362,1
4.634728988229636,95.36,4.553876891600541,95.21,5.017279836814924,94.88,Free/Reduced Lunch: Free Meal Eligible,3360015: Unified School District #1,0.9382133018496654,0.9628843042071198,0.9488,-0.5332463487380185,-0.557415921614611,-0.36705449061157686,1
4.653960350157523,95.41,4.564348191467836,95.24,5.017279836814924,94.88,Free/Reduced Lunch: Free/Reduced Price Meal Eligible,3360015: Unified School District #1,0.9401810310901215,0.9631877022653722,0.9488,-0.5245512155283039,-0.5527284855572442,-0.36705449061157686,1
4.276666119016055,95.83,4.382026634673881,95.13,4.430816798843313,94.81,Race/Ethnicity: Black or African American,3360015: Unified School District #1,0.9567099567099566,0.9620752427184467,0.9481,-0.6951383851387246,-0.6343440108675679,-0.6275810783648608,1
4.07753744390572,95.63,3.8066624897703196,93.74,3.9512437185814275,94.37,Race/Ethnicity: Hispanic/Latino of any race,3360015: Unified School District #1,0.9488390397481301,0.9480177993527509,0.9437000000000001,-0.7851710288199593,-0.8919034994808545,-0.8406235551952742,1
4.3694478524670215,92.02,4.143134726391533,96.02,4.343805421853684,95.64,: All Students,3470015: Unified School District #2,0.8067689885871703,0.9710760517799354,0.9564,-0.6531887023856525,-0.7412830307492584,-0.6662344557733105,1
4.04305126783455,92.51,0.0,0.0,4.343805421853684,95.64,Free/Reduced Lunch: Free Meal Eligible,3470015: Unified School District #2,0.8260527351436444,0.0,0.9564,-0.8007633667914922,-2.595940938854069,-0.6662344557733105,1
4.0943445622221,92.68,0.0,0.0,4.343805421853684,95.64,Free/Reduced Lunch: Free/Reduced Price Meal Eligible,3470015: Unified School District #2,0.8327430145611965,0.0,0.9564,-0.7775719761277812,-2.595940938854069,-0.6662344557733105,1
3.044522437723423,91.56,0.0,0.0,0.0,0.0,Race/Ethnicity: Black or African American,3470015: Unified School District #2,0.7886658795749706,0.0,0.0,-1.2522311944010631,-2.595940938854069,-2.595898784379362,1
3.5263605246161616,91.55,3.295836866004329,94.57,3.4011973816621555,92.37,Race/Ethnicity: White,3470015: Unified School District #2,0.7882723337268791,0.9564118122977346,0.9237000000000001,-1.0343762984890374,-1.1205725738281693,-1.0849726206698964,1
9.318207742845189,89.85,9.313889247604742,93.21,9.288134399416203,94.8,: All Students,9000016: Connecticut Technical Education and Career System,0.7213695395513575,0.9426577669902914,0.948,1.5843089138041204,1.5733848226876932,1.5302026150253447,0
3.332204510175204,71.52,3.044522437723423,82.11,4.04305126783455,88.82,Homelessness: Students Experiencing Homelessness,9000016: Connecticut Technical Education and Career System,0.0,0.8304004854368933,0.8882,-1.1221606382233609,-1.2330724857578916,-0.7998395569067658,1
7.422373700986824,89.21,7.264730177929867,92.87,7.087573705557973,94.59,Students With Disabilities: Students With Disabilities,9000016: Connecticut Technical Education and Career System,0.6961826052735143,0.9392192556634306,0.9459000000000001,0.7271397960222995,0.656086852788645,0.5526396117408388,0
8.338544879988579,89.32,8.567886305731756,91.26,8.557951183888406,94.07,Free/Reduced Lunch: Free Meal Eligible,9000016: Connecticut Technical Education and Career System,0.7005116096025183,0.9229368932038836,0.9407,1.1413710124173129,1.2394395500899043,1.2058306951271531,0
6.732210706467206,90.06,6.76849321164863,94.4,6.76849321164863,95.37,Free/Reduced Lunch: Reduced Price Meal Eligible,9000016: Connecticut Technical Education and Career System,0.7296340023612751,0.9546925566343044,0.9537000000000001,0.41509433630571696,0.4339483333857248,0.41089333462787647,0
8.521185212685776,89.44,8.720786883485731,91.7,8.712266432135355,94.26,Free/Reduced Lunch: Free/Reduced Price Meal Eligible,9000016: Connecticut Technical Education and Career System,0.7052341597796143,0.9273867313915859,0.9426000000000001,1.2239487325092968,1.3078848902519866,1.2743827136876555,0
6.1903154058531475,88.4,6.113682179832232,90.21,6.154858094016418,94.89,English Learners: English Learners,9000016: Connecticut Technical Education and Career System,0.664305391578119,0.9123179611650486,0.9489000000000001,0.17008559265948972,0.14082475940765143,0.13829599605520432,0
6.556778356158042,89.54,6.437751649736401,93.07,6.432940092739179,94.66,Race/Ethnicity: All other races,9000016: Connecticut Technical Education and Career System,0.7091696182605274,0.9412419093851133,0.9466,0.3357755828575016,0.28589317856972307,0.2618293639779772,0
7.1770187659099,89.06,7.1693500166706,91.92,7.145196134997171,94.94,Race/Ethnicity: Black or African American,9000016: Connecticut Technical Education and Career System,0.6902794175521447,0.929611650485437,0.9494,0.6162067351109404,0.6133903000482802,0.5782374311222119,0
8.449984441722787,89.28,8.423321975806166,92.46,8.385716828627851,94.7,Race/Ethnicity: Hispanic/Latino of any race,9000016: Connecticut Technical Education and Career System,0.6989374262101533,0.9350728155339806,0.9470000000000001,1.1917565148973028,1.1747258983666147,1.129318407114739,0
8.401557847817314,90.74,8.43771698991444,94.32,8.420241665339788,94.89,Race/Ethnicity: White,9000016: Connecticut Technical Education and Career System,0.7563951200314833,0.9538834951456311,0.9489000000000001,1.1698612540998736,1.1811697696178023,1.1446554996831126,0
8.517593111437565,90.38,8.33110454805304,95.18,8.308199063206446,95.53,High Needs: Students Without High Needs,9000016: Connecticut Technical Education and Career System,0.7422274695001967,0.9625809061488675,0.9553,1.2223246250241848,1.1334451307975666,1.094882410968507,0
8.721113147762688,89.43,8.844336332748933,92.02,8.817742129574842,94.37,High Needs: Students With High Needs,9000016: Connecticut Technical Education and Career System,0.7048406139315233,0.9306229773462784,0.9437000000000001,1.3143427479906482,1.363191313588493,1.3212385626766205,0
7.634820677745543,89.4,7.640123172695364,90.0,7.722234744709607,93.19,: All Students,9010022: Norwich Free Academy District,0.7036599763872493,0.9101941747572817,0.9319,0.8231940832768856,0.8241300452907034,0.8345773711638503,0
5.54907608489522,86.9,5.5053315359323625,83.39,5.493061443340548,90.6,Students With Disabilities: Students With Disabilities,9010022: Norwich Free Academy District,0.6052735143644234,0.8433454692556636,0.9059999999999999,-0.11983986014740956,-0.13150100528989786,-0.15569631381562235,1
6.741700694652055,86.64,6.663132695990803,85.47,6.874198495453294,91.27,Free/Reduced Lunch: Free Meal Eligible,9010022: Norwich Free Academy District,0.5950413223140494,0.8643810679611651,0.9127,0.41938507305828265,0.38678411438940463,0.4578511735947967,0
5.241747015059643,91.15,5.017279836814924,90.38,5.293304824724492,94.61,Free/Reduced Lunch: Reduced Price Meal Eligible,9010022: Norwich Free Academy District,0.7725304998032274,0.914037216828479,0.9461,-0.2587934720371101,-0.34997542215263505,-0.24443491601154518,1
6.942156705699469,87.46,6.838405200847344,86.26,7.060476365999801,91.85,Free/Reduced Lunch: Free/Reduced Price Meal Eligible,9010022: Norwich Free Academy District,0.6273120818575362,0.8723705501618124,0.9185,0.5100178491082086,0.4652441594212116,0.5406020629863605,0
5.2832037287379885,85.8,5.214935757608986,81.83,5.4116460518550396,92.14,English Learners: English Learners,9010022: Norwich Free Academy District,0.5619834710743801,0.8275687702265373,0.9214,-0.24004952404102486,-0.2614955293194804,-0.1918637664272635,1
5.5909869805108565,90.55,5.655991810819852,92.21,5.87493073085203,93.2,Race/Ethnicity: All other races,9010022: Norwich Free Academy District,0.7489177489177488,0.932544498381877,0.932,-0.1008905615130806,-0.06405852786394853,0.013942855239666065,1
5.700443573390687,89.09,5.666426688112432,89.04,5.820082930352362,93.43,Race/Ethnicity: Black or African American,9010022: Norwich Free Academy District,0.6914600550964187,0.900485436893204,0.9343000000000001,-0.05140162467436892,-0.059387396228400106,-0.010422380733898038,1
6.20455776256869,86.22,6.129050210060545,83.59,5.968707559985366,91.19,Race/Ethnicity: Hispanic/Latino of any race,9010022: Norwich Free Academy District,0.5785123966942147,0.8453681229773464,0.9119,0.1765250320151777,0.14770419748466515,0.05560167382255733,0
6.917705609835305,90.7,6.955592608396297,92.41,7.0707241072602764,93.76,Race/Ethnicity: White,9010022: Norwich Free Academy District,0.7548209366391183,0.93456715210356,0.9376000000000001,0.49896270197616316,0.5177026398941027,0.5451544539980845,0
6.755768921984255,92.09,6.902742737158593,94.01,6.899723107284872,94.75,High Needs: Students Without High Needs,9010022: Norwich Free Academy District,0.8095238095238098,0.9507483818770228,0.9475,0.4257457827748755,0.49404460362292923,0.4691900638464447,0
7.053585727193677,87.42,6.968850378341948,86.28,7.144407180321139,91.95,High Needs: Students With High Needs,9010022: Norwich Free Academy District,0.6257378984651711,0.8725728155339807,0.9195000000000001,0.5603985859979501,0.5236374282843781,0.5778869509447234,0
6.045005314036012,89.01,6.100318952020064,94.58,6.154858094016418,93.94,: All Students,9020022: The Gilbert School District,0.6883116883116887,0.9565129449838189,0.9394,0.1043861060706764,0.13484276321965197,0.13829599605520432,0
4.189654742026425,86.7,4.276666119016055,92.13,4.30406509320417,92.08,Students With Disabilities: Students With Disabilities,9020022: The Gilbert School District,0.5974025974025974,0.9317354368932039,0.9208,-0.734479099359719,-0.6815082298638876,-0.6838884451109184,1
5.043425116919247,86.46,5.117993812416755,92.53,4.997212273764115,92.2,Free/Reduced Lunch: Free Meal Eligible,9020022: The Gilbert School District,0.5879574970484058,0.9357807443365697,0.922,-0.3484613452330063,-0.304891208473372,-0.37596917642747035,1
3.8066624897703196,87.72,3.6888794541139363,92.71,3.912023005428146,93.3,Free/Reduced Lunch: Reduced Price Meal Eligible,9020022: The Gilbert School District,0.6375442739079102,0.9376011326860842,0.9329999999999999,-0.9076425323054834,-0.944628610525206,-0.8580467138693754,1
5.293304824724492,86.74,5.327876168789581,92.56,5.2832037287379885,92.48,Free/Reduced Lunch: Free/Reduced Price Meal Eligible,9020022: The Gilbert School District,0.5989767807949624,0.9360841423948222,0.9248000000000001,-0.23548248528962987,-0.21093820000879812,-0.24892216226500746,1
4.477336814478207,87.36,4.30406509320417,93.1,4.3694478524670215,92.6,Race/Ethnicity: Hispanic/Latino of any race,9020022: The Gilbert School District,0.6233766233766231,0.9415453074433657,0.9259999999999999,-0.6044085431820163,-0.6692431872071153,-0.6548432264598674,1
5.627621113690637,89.36,5.749392985908253,95.17,5.780743515792329,94.12,Race/Ethnicity: White,9020022: The Gilbert School District,0.7020857929948838,0.9624797734627834,0.9412,-0.08432706126722941,-0.022247860472290507,-0.02789827056147359,1
5.247024072160486,91.57,5.303304908059076,96.79,5.497168225293202,95.17,High Needs: Students Without High Needs,9020022: The Gilbert School District,0.7890594254230616,0.9788632686084144,0.9517,-0.2564075404208699,-0.22193742789671853,-0.1538719432764794,1
5.43372200355424,86.96,5.476463551931511,92.81,5.429345628954441,92.59,High Needs: Students With High Needs,9020022: The Gilbert School District,0.607634789452971,0.9386124595469257,0.9259000000000001,-0.17199524608966038,-0.1444236443914395,-0.18400101953986894,1
6.966967138613983,92.88,6.953684210870537,95.89,7.01571242048723,94.71,: All Students,9030022: The Woodstock Academy District,0.8406139315230221,0.9697613268608416,0.9470999999999999,0.521235464375984,0.5168483532737781,0.5207164142349918,0
4.290459441148391,91.76,4.248495242049359,92.87,4.1588830833596715,90.58,Students With Disabilities: Students With Disabilities,9030022: The Woodstock Academy District,0.7965367965367967,0.9392192556634306,0.9058,-0.6889019691326774,-0.6941188117529383,-0.7483831722786719,1
3.1780538303479458,84.78,0.0,0.0,3.7612001156935624,89.43,Free/Reduced Lunch: Free Meal Eligible,9030022: The Woodstock Academy District,0.5218417945690672,0.0,0.8943000000000001,-1.1918572463207011,-2.595940938854069,-0.9250473094287206,1
3.1780538303479458,84.78,0.0,0.0,3.7612001156935624,89.43,Free/Reduced Lunch: Free/Reduced Price Meal Eligible,9030022: The Woodstock Academy District,0.5218417945690672,0.0,0.8943000000000001,-1.1918572463207011,-2.595940938854069,-0.9250473094287206,1
4.465908118654584,93.93,4.5217885770490405,96.5,4.844187086458591,97.39,Race/Ethnicity: All other races,9030022: The Woodstock Academy District,0.8819362455726094,0.9759304207119742,0.9739,-0.6095758336200175,-0.5717801289771187,-0.4439481065692622,1
6.804614520062624,92.88,6.802394763324311,95.87,6.8308742346461795,94.37,Race/Ethnicity: White,9030022: The Woodstock Academy District,0.8406139315230221,0.9695590614886733,0.9437000000000001,0.4478304891826788,0.44912422919037026,0.4386050811657674,0
6.856461984594587,93.18,6.860663671448287,96.17,6.917705609835305,95.16,High Needs: Students Without High Needs,9030022: The Woodstock Academy District,0.8524203069657617,0.9725930420711976,0.9516,0.4712724384518896,0.47520807593577585,0.47717849572602655,0
4.543294782270004,90.41,4.382026634673881,92.91,4.653960350157523,90.34,High Needs: Students With High Needs,9030022: The Woodstock Academy District,0.7434081070444707,0.9396237864077671,0.9034000000000001,-0.5745867698545596,-0.6343440108675679,-0.5284532148184884,1
